0 verbose cli D:\Program Files\nodejs\node.exe D:\Program Files\nodejs\node_modules\npm\bin\npm-cli.js
1 info using npm@11.6.0
2 info using node@v24.9.0
3 silly config load:file:D:\Program Files\nodejs\node_modules\npm\npmrc
4 silly config load:file:E:\WROKSPACE\fe\fullstack\ai-next\my-app\.npmrc
5 silly config load:file:C:\Users\Lenovo\.npmrc
6 silly config load:file:C:\Users\Lenovo\AppData\Roaming\npm\etc\npmrc
7 verbose title npm install clsx tailwind-merge shadcn@latest class-variance-authority tw-animate-css @base-ui/react lucide-react
8 verbose argv "install" "--" "clsx" "tailwind-merge" "shadcn@latest" "class-variance-authority" "tw-animate-css" "@base-ui/react" "lucide-react"
9 verbose logfile logs-max:10 dir:E:\WROKSPACE\fe\fullstack\ai-next\my-app\.npm-cache\_logs\2026-08-21T13_17_30_982Z-
10 verbose logfile E:\WROKSPACE\fe\fullstack\ai-next\my-app\.npm-cache\_logs\2026-08-21T13_17_30_982Z-debug-0.log
11 silly logfile done cleaning log files
12 silly packumentCache heap:4496293888 maxSize:1124073472 maxEntrySize:562036736
13 silly packumentCache corgi:https://registry.npmmirror.com/shadcn cache-miss
14 http cache https://registry.npmmirror.com/shadcn 45ms (cache hit)
15 silly packumentCache corgi:https://registry.npmmirror.com/shadcn set size:489889 disposed:false
16 silly idealTree buildDeps
17 silly fetch manifest clsx@*
18 silly packumentCache full:https://registry.npmmirror.com/clsx cache-miss
19 http fetch GET 200 https://registry.npmmirror.com/clsx 94ms (cache miss)
20 silly packumentCache full:https://registry.npmmirror.com/clsx set size:9149 disposed:false
21 silly fetch manifest tailwind-merge@*
22 silly packumentCache full:https://registry.npmmirror.com/tailwind-merge cache-miss
23 http cache https://registry.npmmirror.com/tailwind-merge 6ms (cache hit)
24 silly packumentCache full:https://registry.npmmirror.com/tailwind-merge set size:1748515 disposed:false
25 silly fetch manifest class-variance-authority@*
26 silly packumentCache full:https://registry.npmmirror.com/class-variance-authority cache-miss
27 http fetch GET 200 https://registry.npmmirror.com/class-variance-authority 31ms (cache miss)
28 silly packumentCache full:https://registry.npmmirror.com/class-variance-authority set size:25242 disposed:false
29 silly fetch manifest tw-animate-css@*
30 silly packumentCache full:https://registry.npmmirror.com/tw-animate-css cache-miss
31 http fetch GET 200 https://registry.npmmirror.com/tw-animate-css 24ms (cache miss)
32 silly packumentCache full:https://registry.npmmirror.com/tw-animate-css set size:27616 disposed:false
33 silly fetch manifest @base-ui/react@*
34 silly packumentCache full:https://registry.npmmirror.com/@base-ui%2freact cache-miss
35 http fetch GET 200 https://registry.npmmirror.com/@base-ui%2freact 29ms (cache miss)
36 silly packumentCache full:https://registry.npmmirror.com/@base-ui%2freact set size:26153 disposed:false
37 silly fetch manifest @date-fns/tz@^1.2.0
38 silly packumentCache full:https://registry.npmmirror.com/@date-fns%2ftz cache-miss
39 http fetch GET 200 https://registry.npmmirror.com/@date-fns%2ftz 25ms (cache miss)
40 silly packumentCache full:https://registry.npmmirror.com/@date-fns%2ftz set size:13029 disposed:false
41 silly fetch manifest @types/react@^19
42 silly packumentCache full:https://registry.npmmirror.com/@types%2freact cache-miss
43 http fetch GET 200 https://registry.npmmirror.com/@types%2freact 97ms (cache miss)
44 silly packumentCache full:https://registry.npmmirror.com/@types%2freact set size:337419 disposed:false
45 silly fetch manifest date-fns@^4.0.0
46 silly packumentCache full:https://registry.npmmirror.com/date-fns cache-miss
47 http fetch GET 200 https://registry.npmmirror.com/date-fns 68ms (cache miss)
48 silly packumentCache full:https://registry.npmmirror.com/date-fns set size:503142 disposed:false
49 silly fetch manifest react@19.2.8
50 silly packumentCache full:https://registry.npmmirror.com/react cache-miss
51 http fetch GET 200 https://registry.npmmirror.com/react 137ms (cache miss)
52 silly packumentCache full:https://registry.npmmirror.com/react set size:1253513 disposed:false
53 silly fetch manifest react-dom@19.2.8
54 silly packumentCache full:https://registry.npmmirror.com/react-dom cache-miss
55 http fetch GET 200 https://registry.npmmirror.com/react-dom 151ms (cache miss)
56 silly packumentCache full:https://registry.npmmirror.com/react-dom set size:1433447 disposed:false
57 silly fetch manifest lucide-react@*
58 silly packumentCache full:https://registry.npmmirror.com/lucide-react cache-miss
59 http fetch GET 200 https://registry.npmmirror.com/lucide-react 62ms (cache miss)
60 silly packumentCache full:https://registry.npmmirror.com/lucide-react set size:423397 disposed:false
61 silly fetch manifest shadcn@4.18.0
62 silly packumentCache full:https://registry.npmmirror.com/shadcn cache-miss
63 http cache https://registry.npmmirror.com/shadcn 6ms (cache hit)
64 silly packumentCache full:https://registry.npmmirror.com/shadcn set size:1142737 disposed:false
65 silly placeDep ROOT @base-ui/react@1.7.0 OK for: my-app@0.1.0 want: *
66 silly placeDep ROOT class-variance-authority@0.7.1 OK for: my-app@0.1.0 want: *
67 silly placeDep ROOT clsx@2.1.1 OK for: my-app@0.1.0 want: *
68 silly placeDep ROOT lucide-react@1.33.0 OK for: my-app@0.1.0 want: *
69 silly placeDep ROOT shadcn@4.18.0 OK for: my-app@0.1.0 want: 4.18.0
70 silly placeDep ROOT tailwind-merge@3.6.0 OK for: my-app@0.1.0 want: *
71 silly placeDep ROOT tw-animate-css@1.4.0 OK for: my-app@0.1.0 want: *
72 silly fetch manifest @babel/runtime@^7.29.2
73 silly packumentCache full:https://registry.npmmirror.com/@babel%2fruntime cache-miss
74 silly fetch manifest @base-ui/utils@0.3.2
75 silly packumentCache full:https://registry.npmmirror.com/@base-ui%2futils cache-miss
76 silly fetch manifest @floating-ui/utils@^0.2.12
77 silly packumentCache full:https://registry.npmmirror.com/@floating-ui%2futils cache-miss
78 silly fetch manifest @floating-ui/react-dom@^2.1.9
79 silly packumentCache full:https://registry.npmmirror.com/@floating-ui%2freact-dom cache-miss
80 silly fetch manifest use-sync-external-store@^1.6.0
81 silly packumentCache full:https://registry.npmmirror.com/use-sync-external-store cache-miss
82 silly fetch manifest clsx@^2.1.1
83 silly packumentCache full:https://registry.npmmirror.com/clsx cache-hit
84 silly fetch manifest ora@^8.2.0
85 silly packumentCache full:https://registry.npmmirror.com/ora cache-miss
86 silly fetch manifest zod@^3.24.1
87 silly packumentCache full:https://registry.npmmirror.com/zod cache-miss
88 silly fetch manifest diff@^8.0.2
89 silly packumentCache full:https://registry.npmmirror.com/diff cache-miss
90 silly fetch manifest open@^11.0.0
91 silly packumentCache full:https://registry.npmmirror.com/open cache-miss
92 silly fetch manifest execa@^9.6.0
93 silly packumentCache full:https://registry.npmmirror.com/execa cache-miss
94 silly fetch manifest kleur@^4.1.5
95 silly packumentCache full:https://registry.npmmirror.com/kleur cache-miss
96 silly fetch manifest socks@^2.8.8
97 silly packumentCache full:https://registry.npmmirror.com/socks cache-miss
98 silly fetch manifest dedent@^1.6.0
99 silly packumentCache full:https://registry.npmmirror.com/dedent cache-miss
100 silly fetch manifest recast@^0.23.11
101 silly packumentCache full:https://registry.npmmirror.com/recast cache-miss
102 silly fetch manifest undici@^7.27.2
103 silly packumentCache full:https://registry.npmmirror.com/undici cache-miss
104 silly fetch manifest prompts@^2.4.2
105 silly packumentCache full:https://registry.npmmirror.com/prompts cache-miss
106 silly fetch manifest fs-extra@^11.3.1
107 silly packumentCache full:https://registry.npmmirror.com/fs-extra cache-miss
108 silly fetch manifest ts-morph@^26.0.0
109 silly packumentCache full:https://registry.npmmirror.com/ts-morph cache-miss
110 silly fetch manifest commander@^14.0.0
111 silly packumentCache full:https://registry.npmmirror.com/commander cache-miss
112 silly fetch manifest deepmerge@^4.3.1
113 silly packumentCache full:https://registry.npmmirror.com/deepmerge cache-miss
114 silly fetch manifest fast-glob@^3.3.3
115 silly packumentCache full:https://registry.npmmirror.com/fast-glob cache-miss
116 silly fetch manifest fuzzysort@^3.1.0
117 silly packumentCache full:https://registry.npmmirror.com/fuzzysort cache-miss
118 silly fetch manifest cosmiconfig@^9.0.0
119 silly packumentCache full:https://registry.npmmirror.com/cosmiconfig cache-miss
120 silly fetch manifest tailwind-merge@^3.0.1
121 silly packumentCache full:https://registry.npmmirror.com/tailwind-merge cache-miss
122 silly fetch manifest tsconfig-paths@^4.2.0
123 silly packumentCache full:https://registry.npmmirror.com/tsconfig-paths cache-miss
124 silly fetch manifest @dotenvx/dotenvx@^1.48.4
125 silly packumentCache full:https://registry.npmmirror.com/@dotenvx%2fdotenvx cache-miss
126 silly fetch manifest stringify-object@^5.0.0
127 silly packumentCache full:https://registry.npmmirror.com/stringify-object cache-miss
128 silly fetch manifest zod-to-json-schema@^3.24.6
129 silly packumentCache full:https://registry.npmmirror.com/zod-to-json-schema cache-miss
130 silly fetch manifest postcss-selector-parser@^7.1.0
131 silly packumentCache full:https://registry.npmmirror.com/postcss-selector-parser cache-miss
132 http cache https://registry.npmmirror.com/open 31ms (cache hit)
133 silly packumentCache full:https://registry.npmmirror.com/open set size:107812 disposed:false
134 silly fetch manifest @babel/preset-typescript@^7.27.1
135 silly packumentCache full:https://registry.npmmirror.com/@babel%2fpreset-typescript cache-miss
136 http cache https://registry.npmmirror.com/execa 32ms (cache hit)
137 silly packumentCache full:https://registry.npmmirror.com/execa set size:165638 disposed:false
138 silly fetch manifest @modelcontextprotocol/sdk@^1.26.0
139 silly packumentCache full:https://registry.npmmirror.com/@modelcontextprotocol%2fsdk cache-miss
140 http cache https://registry.npmmirror.com/diff 35ms (cache hit)
141 silly packumentCache full:https://registry.npmmirror.com/diff set size:187367 disposed:false
142 silly fetch manifest validate-npm-package-name@^7.0.1
143 silly packumentCache full:https://registry.npmmirror.com/validate-npm-package-name cache-miss
144 http cache https://registry.npmmirror.com/ora 37ms (cache hit)
145 silly packumentCache full:https://registry.npmmirror.com/ora set size:124115 disposed:false
146 silly fetch manifest @types/validate-npm-package-name@^4.0.2
147 silly packumentCache full:https://registry.npmmirror.com/@types%2fvalidate-npm-package-name cache-miss
148 http cache https://registry.npmmirror.com/prompts 38ms (cache hit)
149 silly packumentCache full:https://registry.npmmirror.com/prompts set size:90529 disposed:false
150 silly fetch manifest @babel/plugin-transform-typescript@^7.28.0
151 silly packumentCache full:https://registry.npmmirror.com/@babel%2fplugin-transform-typescript cache-miss
152 http cache https://registry.npmmirror.com/socks 39ms (cache hit)
153 silly packumentCache full:https://registry.npmmirror.com/socks set size:157762 disposed:false
154 http cache https://registry.npmmirror.com/recast 40ms (cache hit)
155 silly packumentCache full:https://registry.npmmirror.com/recast set size:524104 disposed:false
156 http cache https://registry.npmmirror.com/kleur 44ms (cache hit)
157 silly packumentCache full:https://registry.npmmirror.com/kleur set size:43285 disposed:false
158 http cache https://registry.npmmirror.com/deepmerge 43ms (cache hit)
159 silly packumentCache full:https://registry.npmmirror.com/deepmerge set size:86799 disposed:false
160 http cache https://registry.npmmirror.com/ts-morph 45ms (cache hit)
161 silly packumentCache full:https://registry.npmmirror.com/ts-morph set size:480602 disposed:false
162 http cache https://registry.npmmirror.com/dedent 47ms (cache hit)
163 silly packumentCache full:https://registry.npmmirror.com/dedent set size:78950 disposed:false
164 http cache https://registry.npmmirror.com/fs-extra 48ms (cache hit)
165 silly packumentCache full:https://registry.npmmirror.com/fs-extra set size:225593 disposed:false
166 http cache https://registry.npmmirror.com/zod 54ms (cache hit)
167 silly packumentCache full:https://registry.npmmirror.com/zod set size:3864099 disposed:false
168 http cache https://registry.npmmirror.com/commander 73ms (cache hit)
169 silly packumentCache full:https://registry.npmmirror.com/commander set size:293130 disposed:false
170 http cache https://registry.npmmirror.com/undici 77ms (cache hit)
171 silly packumentCache full:https://registry.npmmirror.com/undici set size:1473027 disposed:false
172 http cache https://registry.npmmirror.com/fast-glob 83ms (cache hit)
173 silly packumentCache full:https://registry.npmmirror.com/fast-glob set size:194914 disposed:false
174 http cache https://registry.npmmirror.com/stringify-object 84ms (cache hit)
175 silly packumentCache full:https://registry.npmmirror.com/stringify-object set size:56851 disposed:false
176 http cache https://registry.npmmirror.com/fuzzysort 85ms (cache hit)
177 silly packumentCache full:https://registry.npmmirror.com/fuzzysort set size:85558 disposed:false
178 http cache https://registry.npmmirror.com/tsconfig-paths 86ms (cache hit)
179 silly packumentCache full:https://registry.npmmirror.com/tsconfig-paths set size:191236 disposed:false
180 http cache https://registry.npmmirror.com/cosmiconfig 88ms (cache hit)
181 silly packumentCache full:https://registry.npmmirror.com/cosmiconfig set size:220795 disposed:false
182 http cache https://registry.npmmirror.com/zod-to-json-schema 88ms (cache hit)
183 silly packumentCache full:https://registry.npmmirror.com/zod-to-json-schema set size:310334 disposed:false
184 http cache https://registry.npmmirror.com/postcss-selector-parser 91ms (cache hit)
185 silly packumentCache full:https://registry.npmmirror.com/postcss-selector-parser set size:182959 disposed:false
186 http cache https://registry.npmmirror.com/@dotenvx%2fdotenvx 97ms (cache hit)
187 silly packumentCache full:https://registry.npmmirror.com/@dotenvx%2fdotenvx set size:975553 disposed:false
188 http cache https://registry.npmmirror.com/tailwind-merge 102ms (cache hit)
189 silly packumentCache full:https://registry.npmmirror.com/tailwind-merge set size:1748515 disposed:false
190 http cache https://registry.npmmirror.com/@modelcontextprotocol%2fsdk 85ms (cache hit)
191 silly packumentCache full:https://registry.npmmirror.com/@modelcontextprotocol%2fsdk set size:312788 disposed:false
192 http cache https://registry.npmmirror.com/@babel%2fpreset-typescript 91ms (cache hit)
193 silly packumentCache full:https://registry.npmmirror.com/@babel%2fpreset-typescript set size:245617 disposed:false
194 http cache https://registry.npmmirror.com/validate-npm-package-name 89ms (cache hit)
195 silly packumentCache full:https://registry.npmmirror.com/validate-npm-package-name set size:52368 disposed:false
196 http cache https://registry.npmmirror.com/@types%2fvalidate-npm-package-name 88ms (cache hit)
197 silly packumentCache full:https://registry.npmmirror.com/@types%2fvalidate-npm-package-name set size:15667 disposed:false
198 http cache https://registry.npmmirror.com/@babel%2fplugin-transform-typescript 87ms (cache hit)
199 silly packumentCache full:https://registry.npmmirror.com/@babel%2fplugin-transform-typescript set size:360830 disposed:false
200 http fetch GET 200 https://registry.npmmirror.com/@floating-ui%2futils 129ms (cache miss)
201 silly packumentCache full:https://registry.npmmirror.com/@floating-ui%2futils set size:9380 disposed:false
202 http fetch GET 200 https://registry.npmmirror.com/@base-ui%2futils 131ms (cache miss)
203 silly packumentCache full:https://registry.npmmirror.com/@base-ui%2futils set size:9590 disposed:false
204 http fetch GET 200 https://registry.npmmirror.com/@floating-ui%2freact-dom 133ms (cache miss)
205 silly packumentCache full:https://registry.npmmirror.com/@floating-ui%2freact-dom set size:40918 disposed:false
206 http fetch GET 200 https://registry.npmmirror.com/@babel%2fruntime 147ms (cache miss)
207 silly packumentCache full:https://registry.npmmirror.com/@babel%2fruntime set size:387117 disposed:false
208 http fetch GET 200 https://registry.npmmirror.com/use-sync-external-store 241ms (cache miss)
209 silly packumentCache full:https://registry.npmmirror.com/use-sync-external-store set size:1096342 disposed:false
210 silly fetch manifest @types/react@^17 || ^18 || ^19
211 silly packumentCache full:https://registry.npmmirror.com/@types%2freact cache-hit
212 silly fetch manifest react@^17 || ^18 || ^19
213 silly packumentCache full:https://registry.npmmirror.com/react cache-miss
214 http cache https://registry.npmmirror.com/react 14ms (cache hit)
215 silly packumentCache full:https://registry.npmmirror.com/react set size:6653957 disposed:false
216 silly fetch manifest react-dom@^17 || ^18 || ^19
217 silly packumentCache full:https://registry.npmmirror.com/react-dom cache-miss
218 http cache https://registry.npmmirror.com/react-dom 17ms (cache hit)
219 silly packumentCache full:https://registry.npmmirror.com/react-dom set size:9002120 disposed:false
220 silly placeDep ROOT @babel/runtime@7.29.7 OK for: @base-ui/react@1.7.0 want: ^7.29.2
221 silly placeDep ROOT @base-ui/utils@0.3.2 OK for: @base-ui/react@1.7.0 want: 0.3.2
222 silly placeDep ROOT @floating-ui/react-dom@2.1.9 OK for: @base-ui/react@1.7.0 want: ^2.1.9
223 silly placeDep ROOT @floating-ui/utils@0.2.12 OK for: @base-ui/react@1.7.0 want: ^0.2.12
224 silly placeDep ROOT use-sync-external-store@1.6.0 OK for: @base-ui/react@1.7.0 want: ^1.6.0
225 silly fetch manifest reselect@^5.2.0
226 silly packumentCache full:https://registry.npmmirror.com/reselect cache-miss
227 silly fetch manifest @floating-ui/dom@^1.8.0
228 silly packumentCache full:https://registry.npmmirror.com/@floating-ui%2fdom cache-miss
229 http fetch GET 200 https://registry.npmmirror.com/reselect 25ms (cache miss)
230 silly packumentCache full:https://registry.npmmirror.com/reselect set size:43657 disposed:false
231 http fetch GET 200 https://registry.npmmirror.com/@floating-ui%2fdom 31ms (cache miss)
232 silly packumentCache full:https://registry.npmmirror.com/@floating-ui%2fdom set size:62214 disposed:false
233 silly placeDep ROOT reselect@5.2.0 OK for: @base-ui/utils@0.3.2 want: ^5.2.0
234 silly placeDep ROOT @floating-ui/dom@1.8.0 OK for: @floating-ui/react-dom@2.1.9 want: ^1.8.0
235 silly fetch manifest @floating-ui/core@^1.8.0
236 silly packumentCache full:https://registry.npmmirror.com/@floating-ui%2fcore cache-miss
237 http fetch GET 200 https://registry.npmmirror.com/@floating-ui%2fcore 26ms (cache miss)
238 silly packumentCache full:https://registry.npmmirror.com/@floating-ui%2fcore set size:46654 disposed:false
239 silly placeDep ROOT @floating-ui/core@1.8.0 OK for: @floating-ui/dom@1.8.0 want: ^1.8.0
240 silly fetch manifest babel-plugin-macros@^3.1.0
241 silly packumentCache full:https://registry.npmmirror.com/babel-plugin-macros cache-miss
242 http cache https://registry.npmmirror.com/babel-plugin-macros 4ms (cache hit)
243 silly packumentCache full:https://registry.npmmirror.com/babel-plugin-macros set size:103989 disposed:false
244 silly fetch manifest typescript@>=4.9.5
245 silly packumentCache full:https://registry.npmmirror.com/typescript cache-miss
246 http cache https://registry.npmmirror.com/typescript 22ms (cache hit)
247 silly packumentCache full:https://registry.npmmirror.com/typescript set size:14831370 disposed:false
248 silly fetch manifest @babel/core@^7.28.0
249 silly packumentCache full:https://registry.npmmirror.com/@babel%2fcore cache-miss
250 http cache https://registry.npmmirror.com/@babel%2fcore 8ms (cache hit)
251 silly packumentCache full:https://registry.npmmirror.com/@babel%2fcore set size:716390 disposed:false
252 silly fetch manifest @cfworker/json-schema@^4.1.1
253 silly packumentCache full:https://registry.npmmirror.com/@cfworker%2fjson-schema cache-miss
254 http cache https://registry.npmmirror.com/@cfworker%2fjson-schema 3ms (cache hit)
255 silly packumentCache full:https://registry.npmmirror.com/@cfworker%2fjson-schema set size:142387 disposed:false
256 silly placeDep ROOT @babel/plugin-transform-typescript@7.29.7 OK for: shadcn@4.18.0 want: ^7.28.0
257 silly placeDep ROOT @babel/preset-typescript@7.29.7 OK for: shadcn@4.18.0 want: ^7.27.1
258 silly placeDep ROOT @dotenvx/dotenvx@1.75.1 OK for: shadcn@4.18.0 want: ^1.48.4
259 silly placeDep ROOT @modelcontextprotocol/sdk@1.30.0 OK for: shadcn@4.18.0 want: ^1.26.0
260 silly placeDep ROOT @types/validate-npm-package-name@4.0.2 OK for: shadcn@4.18.0 want: ^4.0.2
261 silly placeDep ROOT commander@14.0.3 OK for: shadcn@4.18.0 want: ^14.0.0
262 silly placeDep ROOT cosmiconfig@9.0.2 OK for: shadcn@4.18.0 want: ^9.0.0
263 silly placeDep ROOT dedent@1.7.2 OK for: shadcn@4.18.0 want: ^1.6.0
264 silly placeDep ROOT deepmerge@4.3.1 OK for: shadcn@4.18.0 want: ^4.3.1
265 silly placeDep ROOT diff@8.0.4 OK for: shadcn@4.18.0 want: ^8.0.2
266 silly placeDep ROOT execa@9.6.1 OK for: shadcn@4.18.0 want: ^9.6.0
267 silly placeDep node_modules/shadcn fast-glob@3.3.3 OK for: shadcn@4.18.0 want: ^3.3.3
268 silly placeDep ROOT fs-extra@11.4.0 OK for: shadcn@4.18.0 want: ^11.3.1
269 silly placeDep ROOT fuzzysort@3.1.0 OK for: shadcn@4.18.0 want: ^3.1.0
270 silly placeDep ROOT kleur@4.1.5 OK for: shadcn@4.18.0 want: ^4.1.5
271 silly placeDep ROOT open@11.0.1 OK for: shadcn@4.18.0 want: ^11.0.0
272 silly placeDep ROOT ora@8.2.0 OK for: shadcn@4.18.0 want: ^8.2.0
273 silly placeDep ROOT postcss-selector-parser@7.1.5 OK for: shadcn@4.18.0 want: ^7.1.0
274 silly placeDep ROOT prompts@2.4.2 OK for: shadcn@4.18.0 want: ^2.4.2
275 silly placeDep ROOT recast@0.23.21 OK for: shadcn@4.18.0 want: ^0.23.11
276 silly placeDep ROOT socks@2.8.9 OK for: shadcn@4.18.0 want: ^2.8.8
277 silly placeDep ROOT stringify-object@5.0.0 OK for: shadcn@4.18.0 want: ^5.0.0
278 silly placeDep ROOT ts-morph@26.0.0 OK for: shadcn@4.18.0 want: ^26.0.0
279 silly placeDep node_modules/shadcn tsconfig-paths@4.2.0 OK for: shadcn@4.18.0 want: ^4.2.0
280 silly placeDep ROOT undici@7.29.0 OK for: shadcn@4.18.0 want: ^7.27.2
281 silly placeDep ROOT validate-npm-package-name@7.0.2 OK for: shadcn@4.18.0 want: ^7.0.1
282 silly placeDep node_modules/shadcn zod@3.25.76 OK for: shadcn@4.18.0 want: ^3.24.1
283 silly placeDep ROOT zod-to-json-schema@3.25.2 OK for: shadcn@4.18.0 want: ^3.24.6
284 silly fetch manifest @babel/helper-annotate-as-pure@^7.29.7
285 silly packumentCache full:https://registry.npmmirror.com/@babel%2fhelper-annotate-as-pure cache-miss
286 silly fetch manifest @babel/helper-create-class-features-plugin@^7.29.7
287 silly packumentCache full:https://registry.npmmirror.com/@babel%2fhelper-create-class-features-plugin cache-miss
288 silly fetch manifest @babel/helper-plugin-utils@^7.29.7
289 silly packumentCache full:https://registry.npmmirror.com/@babel%2fhelper-plugin-utils cache-miss
290 silly fetch manifest @babel/helper-skip-transparent-expression-wrappers@^7.29.7
291 silly packumentCache full:https://registry.npmmirror.com/@babel%2fhelper-skip-transparent-expression-wrappers cache-miss
292 silly fetch manifest @babel/plugin-syntax-typescript@^7.29.7
293 silly packumentCache full:https://registry.npmmirror.com/@babel%2fplugin-syntax-typescript cache-miss
294 silly fetch manifest @babel/helper-plugin-utils@^7.29.7
295 silly packumentCache full:https://registry.npmmirror.com/@babel%2fhelper-plugin-utils cache-miss
296 silly fetch manifest @babel/plugin-syntax-jsx@^7.29.7
297 silly packumentCache full:https://registry.npmmirror.com/@babel%2fplugin-syntax-jsx cache-miss
298 silly fetch manifest @babel/plugin-transform-modules-commonjs@^7.29.7
299 silly packumentCache full:https://registry.npmmirror.com/@babel%2fplugin-transform-modules-commonjs cache-miss
300 silly fetch manifest @dotenvx/primitives@^0.8.0
301 silly packumentCache full:https://registry.npmmirror.com/@dotenvx%2fprimitives cache-miss
302 silly fetch manifest commander@^11.1.0
303 silly packumentCache full:https://registry.npmmirror.com/commander cache-hit
304 silly fetch manifest conf@^10.2.0
305 silly packumentCache full:https://registry.npmmirror.com/conf cache-miss
306 silly fetch manifest dotenv@^17.2.1
307 silly packumentCache full:https://registry.npmmirror.com/dotenv cache-miss
308 silly fetch manifest enquirer@^2.4.1
309 silly packumentCache full:https://registry.npmmirror.com/enquirer cache-miss
310 silly fetch manifest env-paths@^2.2.1
311 silly packumentCache full:https://registry.npmmirror.com/env-paths cache-miss
312 silly fetch manifest execa@^5.1.1
313 silly packumentCache full:https://registry.npmmirror.com/execa cache-hit
314 silly fetch manifest fdir@^6.2.0
315 silly packumentCache full:https://registry.npmmirror.com/fdir cache-miss
316 silly fetch manifest object-treeify@1.1.33
317 silly packumentCache full:https://registry.npmmirror.com/object-treeify cache-miss
318 silly fetch manifest open@^8.4.2
319 silly packumentCache full:https://registry.npmmirror.com/open cache-hit
320 silly fetch manifest picomatch@^4.0.4
321 silly packumentCache full:https://registry.npmmirror.com/picomatch cache-miss
322 silly fetch manifest systeminformation@^5.22.11
323 silly packumentCache full:https://registry.npmmirror.com/systeminformation cache-miss
324 silly fetch manifest undici@^7.11.0
325 silly packumentCache full:https://registry.npmmirror.com/undici cache-miss
326 silly fetch manifest which@^4.0.0
327 silly packumentCache full:https://registry.npmmirror.com/which cache-miss
328 silly fetch manifest yocto-spinner@^1.1.0
329 silly packumentCache full:https://registry.npmmirror.com/yocto-spinner cache-miss
330 silly fetch manifest ajv@^8.17.1
331 silly packumentCache full:https://registry.npmmirror.com/ajv cache-miss
332 silly fetch manifest cors@^2.8.5
333 silly packumentCache full:https://registry.npmmirror.com/cors cache-miss
334 silly fetch manifest hono@^4.11.4
335 silly packumentCache full:https://registry.npmmirror.com/hono cache-miss
336 silly fetch manifest jose@^6.1.3
337 silly packumentCache full:https://registry.npmmirror.com/jose cache-miss
338 silly fetch manifest express@^5.2.1
339 silly packumentCache full:https://registry.npmmirror.com/express cache-miss
340 silly fetch manifest raw-body@^3.0.0
341 silly packumentCache full:https://registry.npmmirror.com/raw-body cache-miss
342 silly fetch manifest ajv-formats@^3.0.1
343 silly packumentCache full:https://registry.npmmirror.com/ajv-formats cache-miss
344 silly fetch manifest eventsource@^3.0.2
345 silly packumentCache full:https://registry.npmmirror.com/eventsource cache-miss
346 silly fetch manifest content-type@^1.0.5
347 silly packumentCache full:https://registry.npmmirror.com/content-type cache-miss
348 http cache https://registry.npmmirror.com/@babel%2fhelper-annotate-as-pure 27ms (cache hit)
349 silly packumentCache full:https://registry.npmmirror.com/@babel%2fhelper-annotate-as-pure set size:164330 disposed:false
350 silly fetch manifest pkce-challenge@^5.0.0
351 silly packumentCache full:https://registry.npmmirror.com/pkce-challenge cache-miss
352 http cache https://registry.npmmirror.com/@babel%2fhelper-plugin-utils 28ms (cache hit)
353 silly packumentCache full:https://registry.npmmirror.com/@babel%2fhelper-plugin-utils set size:162085 disposed:false
354 silly fetch manifest @hono/node-server@^1.19.9 || ^2.0.5
355 silly packumentCache full:https://registry.npmmirror.com/@hono%2fnode-server cache-miss
356 http cache https://registry.npmmirror.com/@babel%2fhelper-skip-transparent-expression-wrappers 30ms (cache hit)
357 silly packumentCache full:https://registry.npmmirror.com/@babel%2fhelper-skip-transparent-expression-wrappers set size:106670 disposed:false
358 silly fetch manifest json-schema-typed@^8.0.2
359 silly packumentCache full:https://registry.npmmirror.com/json-schema-typed cache-miss
360 http cache https://registry.npmmirror.com/@babel%2fhelper-plugin-utils 32ms (cache hit)
361 silly packumentCache full:https://registry.npmmirror.com/@babel%2fhelper-plugin-utils set size:162085 disposed:false
362 silly packumentCache full:https://registry.npmmirror.com/@babel%2fhelper-plugin-utils dispose
363 silly fetch manifest eventsource-parser@^3.0.0
364 silly packumentCache full:https://registry.npmmirror.com/eventsource-parser cache-miss
365 http cache https://registry.npmmirror.com/@babel%2fplugin-syntax-typescript 33ms (cache hit)
366 silly packumentCache full:https://registry.npmmirror.com/@babel%2fplugin-syntax-typescript set size:204892 disposed:false
367 silly fetch manifest express-rate-limit@^8.2.1
368 silly packumentCache full:https://registry.npmmirror.com/express-rate-limit cache-miss
369 http cache https://registry.npmmirror.com/@babel%2fhelper-create-class-features-plugin 35ms (cache hit)
370 silly packumentCache full:https://registry.npmmirror.com/@babel%2fhelper-create-class-features-plugin set size:347088 disposed:false
371 silly fetch manifest zod-to-json-schema@^3.25.1
372 silly packumentCache full:https://registry.npmmirror.com/zod-to-json-schema cache-hit
373 silly fetch manifest env-paths@^2.2.1
374 silly packumentCache full:https://registry.npmmirror.com/env-paths cache-miss
375 http cache https://registry.npmmirror.com/@dotenvx%2fprimitives 36ms (cache hit)
376 silly packumentCache full:https://registry.npmmirror.com/@dotenvx%2fprimitives set size:77050 disposed:false
377 silly fetch manifest parse-json@^5.2.0
378 silly packumentCache full:https://registry.npmmirror.com/parse-json cache-miss
379 http cache https://registry.npmmirror.com/@babel%2fplugin-transform-modules-commonjs 38ms (cache hit)
380 silly packumentCache full:https://registry.npmmirror.com/@babel%2fplugin-transform-modules-commonjs set size:284732 disposed:false
381 silly fetch manifest @sindresorhus/merge-streams@^4.0.0
382 silly packumentCache full:https://registry.npmmirror.com/@sindresorhus%2fmerge-streams cache-miss
383 http cache https://registry.npmmirror.com/dotenv 39ms (cache hit)
384 silly packumentCache full:https://registry.npmmirror.com/dotenv set size:256270 disposed:false
385 silly fetch manifest figures@^6.1.0
386 silly packumentCache full:https://registry.npmmirror.com/figures cache-miss
387 http cache https://registry.npmmirror.com/@babel%2fplugin-syntax-jsx 42ms (cache hit)
388 silly packumentCache full:https://registry.npmmirror.com/@babel%2fplugin-syntax-jsx set size:180039 disposed:false
389 silly fetch manifest get-stream@^9.0.0
390 silly packumentCache full:https://registry.npmmirror.com/get-stream cache-miss
391 http cache https://registry.npmmirror.com/enquirer 42ms (cache hit)
392 silly packumentCache full:https://registry.npmmirror.com/enquirer set size:159112 disposed:false
393 silly fetch manifest human-signals@^8.0.1
394 silly packumentCache full:https://registry.npmmirror.com/human-signals cache-miss
395 http cache https://registry.npmmirror.com/conf 43ms (cache hit)
396 silly packumentCache full:https://registry.npmmirror.com/conf set size:157327 disposed:false
397 silly fetch manifest is-plain-obj@^4.1.0
398 silly packumentCache full:https://registry.npmmirror.com/is-plain-obj cache-miss
399 http cache https://registry.npmmirror.com/fdir 45ms (cache hit)
400 silly packumentCache full:https://registry.npmmirror.com/fdir set size:111746 disposed:false
401 silly fetch manifest is-stream@^4.0.1
402 silly packumentCache full:https://registry.npmmirror.com/is-stream cache-miss
403 http cache https://registry.npmmirror.com/object-treeify 46ms (cache hit)
404 silly packumentCache full:https://registry.npmmirror.com/object-treeify set size:176617 disposed:false
405 silly fetch manifest npm-run-path@^6.0.0
406 silly packumentCache full:https://registry.npmmirror.com/npm-run-path cache-miss
407 http cache https://registry.npmmirror.com/undici 48ms (cache hit)
408 silly packumentCache full:https://registry.npmmirror.com/undici set size:1473027 disposed:false
409 silly fetch manifest pretty-ms@^9.2.0
410 silly packumentCache full:https://registry.npmmirror.com/pretty-ms cache-miss
411 http cache https://registry.npmmirror.com/systeminformation 57ms (cache hit)
412 silly packumentCache full:https://registry.npmmirror.com/systeminformation set size:2089048 disposed:false
413 silly fetch manifest signal-exit@^4.1.0
414 silly packumentCache full:https://registry.npmmirror.com/signal-exit cache-miss
415 http cache https://registry.npmmirror.com/ajv 64ms (cache hit)
416 silly packumentCache full:https://registry.npmmirror.com/ajv set size:1059632 disposed:false
417 silly fetch manifest strip-final-newline@^4.0.0
418 silly packumentCache full:https://registry.npmmirror.com/strip-final-newline cache-miss
419 http cache https://registry.npmmirror.com/hono 74ms (cache hit)
420 silly packumentCache full:https://registry.npmmirror.com/hono set size:6143703 disposed:false
421 silly fetch manifest yoctocolors@^2.1.1
422 silly packumentCache full:https://registry.npmmirror.com/yoctocolors cache-miss
423 http cache https://registry.npmmirror.com/env-paths 98ms (cache hit)
424 silly packumentCache full:https://registry.npmmirror.com/env-paths set size:22076 disposed:false
425 silly fetch manifest glob-parent@^5.1.2
426 silly packumentCache full:https://registry.npmmirror.com/glob-parent cache-miss
427 http cache https://registry.npmmirror.com/which 97ms (cache hit)
428 silly packumentCache full:https://registry.npmmirror.com/which set size:68373 disposed:false
429 silly fetch manifest jsonfile@^6.0.1
430 silly packumentCache full:https://registry.npmmirror.com/jsonfile cache-miss
431 http cache https://registry.npmmirror.com/cors 98ms (cache hit)
432 silly packumentCache full:https://registry.npmmirror.com/cors set size:71963 disposed:false
433 silly fetch manifest universalify@^2.0.0
434 silly packumentCache full:https://registry.npmmirror.com/universalify cache-miss
435 http cache https://registry.npmmirror.com/jose 101ms (cache hit)
436 silly packumentCache full:https://registry.npmmirror.com/jose set size:1359418 disposed:false
437 silly fetch manifest is-in-ssh@^1.0.0
438 silly packumentCache full:https://registry.npmmirror.com/is-in-ssh cache-miss
439 http cache https://registry.npmmirror.com/yocto-spinner 108ms (cache hit)
440 silly packumentCache full:https://registry.npmmirror.com/yocto-spinner set size:31900 disposed:false
441 silly fetch manifest wsl-utils@^1.0.0
442 silly packumentCache full:https://registry.npmmirror.com/wsl-utils cache-miss
443 http cache https://registry.npmmirror.com/ajv-formats 106ms (cache hit)
444 silly packumentCache full:https://registry.npmmirror.com/ajv-formats set size:85993 disposed:false
445 silly fetch manifest default-browser@^5.4.0
446 silly packumentCache full:https://registry.npmmirror.com/default-browser cache-miss
447 http cache https://registry.npmmirror.com/raw-body 109ms (cache hit)
448 silly packumentCache full:https://registry.npmmirror.com/raw-body set size:117223 disposed:false
449 silly fetch manifest define-lazy-prop@^3.0.0
450 silly packumentCache full:https://registry.npmmirror.com/define-lazy-prop cache-miss
451 http cache https://registry.npmmirror.com/picomatch 111ms (cache hit)
452 silly packumentCache full:https://registry.npmmirror.com/picomatch set size:110456 disposed:false
453 silly fetch manifest powershell-utils@^0.2.0
454 silly packumentCache full:https://registry.npmmirror.com/powershell-utils cache-miss
455 http cache https://registry.npmmirror.com/express 112ms (cache hit)
456 silly packumentCache full:https://registry.npmmirror.com/express set size:742224 disposed:false
457 silly fetch manifest is-inside-container@^1.0.0
458 silly packumentCache full:https://registry.npmmirror.com/is-inside-container cache-miss
459 http cache https://registry.npmmirror.com/content-type 114ms (cache hit)
460 silly packumentCache full:https://registry.npmmirror.com/content-type set size:24180 disposed:false
461 silly fetch manifest chalk@^5.3.0
462 silly packumentCache full:https://registry.npmmirror.com/chalk cache-miss
463 http cache https://registry.npmmirror.com/eventsource 115ms (cache hit)
464 silly packumentCache full:https://registry.npmmirror.com/eventsource set size:146302 disposed:false
465 silly fetch manifest cli-cursor@^5.0.0
466 silly packumentCache full:https://registry.npmmirror.com/cli-cursor cache-miss
467 http cache https://registry.npmmirror.com/eventsource-parser 112ms (cache hit)
468 silly packumentCache full:https://registry.npmmirror.com/eventsource-parser set size:92417 disposed:false
469 silly fetch manifest cli-spinners@^2.9.2
470 silly packumentCache full:https://registry.npmmirror.com/cli-spinners cache-miss
471 http cache https://registry.npmmirror.com/pkce-challenge 119ms (cache hit)
472 silly packumentCache full:https://registry.npmmirror.com/pkce-challenge set size:31688 disposed:false
473 silly fetch manifest is-interactive@^2.0.0
474 silly packumentCache full:https://registry.npmmirror.com/is-interactive cache-miss
475 http cache https://registry.npmmirror.com/json-schema-typed 117ms (cache hit)
476 silly packumentCache full:https://registry.npmmirror.com/json-schema-typed set size:22151 disposed:false
477 silly fetch manifest is-unicode-supported@^2.0.0
478 silly packumentCache full:https://registry.npmmirror.com/is-unicode-supported cache-miss
479 http cache https://registry.npmmirror.com/@hono%2fnode-server 119ms (cache hit)
480 silly packumentCache full:https://registry.npmmirror.com/@hono%2fnode-server set size:308900 disposed:false
481 silly fetch manifest log-symbols@^6.0.0
482 silly packumentCache full:https://registry.npmmirror.com/log-symbols cache-miss
483 http cache https://registry.npmmirror.com/env-paths 114ms (cache hit)
484 silly packumentCache full:https://registry.npmmirror.com/env-paths set size:22076 disposed:false
485 silly packumentCache full:https://registry.npmmirror.com/env-paths dispose
486 silly fetch manifest stdin-discarder@^0.2.2
487 silly packumentCache full:https://registry.npmmirror.com/stdin-discarder cache-miss
488 http cache https://registry.npmmirror.com/express-rate-limit 118ms (cache hit)
489 silly packumentCache full:https://registry.npmmirror.com/express-rate-limit set size:419354 disposed:false
490 silly fetch manifest string-width@^7.2.0
491 silly packumentCache full:https://registry.npmmirror.com/string-width cache-miss
492 http cache https://registry.npmmirror.com/figures 114ms (cache hit)
493 silly packumentCache full:https://registry.npmmirror.com/figures set size:60691 disposed:false
494 silly fetch manifest strip-ansi@^7.1.0
495 silly packumentCache full:https://registry.npmmirror.com/strip-ansi cache-miss
496 http cache https://registry.npmmirror.com/parse-json 118ms (cache hit)
497 silly packumentCache full:https://registry.npmmirror.com/parse-json set size:44937 disposed:false
498 silly fetch manifest cssesc@^3.0.0
499 silly packumentCache full:https://registry.npmmirror.com/cssesc cache-miss
500 http cache https://registry.npmmirror.com/is-plain-obj 111ms (cache hit)
501 silly packumentCache full:https://registry.npmmirror.com/is-plain-obj set size:13983 disposed:false
502 silly fetch manifest util-deprecate@^1.0.2
503 silly packumentCache full:https://registry.npmmirror.com/util-deprecate cache-miss
504 http cache https://registry.npmmirror.com/get-stream 114ms (cache hit)
505 silly packumentCache full:https://registry.npmmirror.com/get-stream set size:51241 disposed:false
506 silly fetch manifest kleur@^3.0.3
507 silly packumentCache full:https://registry.npmmirror.com/kleur cache-hit
508 silly fetch manifest sisteransi@^1.0.5
509 silly packumentCache full:https://registry.npmmirror.com/sisteransi cache-miss
510 http cache https://registry.npmmirror.com/human-signals 114ms (cache hit)
511 silly packumentCache full:https://registry.npmmirror.com/human-signals set size:42472 disposed:false
512 silly fetch manifest esprima@~4.0.0
513 silly packumentCache full:https://registry.npmmirror.com/esprima cache-miss
514 http cache https://registry.npmmirror.com/strip-final-newline 88ms (cache hit)
515 silly packumentCache full:https://registry.npmmirror.com/strip-final-newline set size:7524 disposed:false
516 silly fetch manifest ast-types@^0.16.1
517 silly packumentCache full:https://registry.npmmirror.com/ast-types cache-miss
518 http cache https://registry.npmmirror.com/@sindresorhus%2fmerge-streams 120ms (cache hit)
519 silly packumentCache full:https://registry.npmmirror.com/@sindresorhus%2fmerge-streams set size:24746 disposed:false
520 silly fetch manifest source-map@~0.6.1
521 silly packumentCache full:https://registry.npmmirror.com/source-map cache-miss
522 http cache https://registry.npmmirror.com/pretty-ms 104ms (cache hit)
523 silly packumentCache full:https://registry.npmmirror.com/pretty-ms set size:54043 disposed:false
524 silly fetch manifest tiny-invariant@^1.3.3
525 silly packumentCache full:https://registry.npmmirror.com/tiny-invariant cache-miss
526 http cache https://registry.npmmirror.com/signal-exit 96ms (cache hit)
527 silly packumentCache full:https://registry.npmmirror.com/signal-exit set size:51671 disposed:false
528 silly fetch manifest ip-address@^10.1.1
529 silly packumentCache full:https://registry.npmmirror.com/ip-address cache-miss
530 http cache https://registry.npmmirror.com/npm-run-path 113ms (cache hit)
531 silly packumentCache full:https://registry.npmmirror.com/npm-run-path set size:28859 disposed:false
532 silly fetch manifest smart-buffer@^4.2.0
533 silly packumentCache full:https://registry.npmmirror.com/smart-buffer cache-miss
534 http cache https://registry.npmmirror.com/glob-parent 64ms (cache hit)
535 silly packumentCache full:https://registry.npmmirror.com/glob-parent set size:34765 disposed:false
536 silly fetch manifest get-own-enumerable-keys@^1.0.0
537 silly packumentCache full:https://registry.npmmirror.com/get-own-enumerable-keys cache-miss
538 http cache https://registry.npmmirror.com/jsonfile 64ms (cache hit)
539 silly packumentCache full:https://registry.npmmirror.com/jsonfile set size:46505 disposed:false
540 silly fetch manifest is-obj@^3.0.0
541 silly packumentCache full:https://registry.npmmirror.com/is-obj cache-miss
542 http cache https://registry.npmmirror.com/is-stream 118ms (cache hit)
543 silly packumentCache full:https://registry.npmmirror.com/is-stream set size:15794 disposed:false
544 silly fetch manifest is-regexp@^3.1.0
545 silly packumentCache full:https://registry.npmmirror.com/is-regexp cache-miss
546 http cache https://registry.npmmirror.com/yoctocolors 67ms (cache hit)
547 silly packumentCache full:https://registry.npmmirror.com/yoctocolors set size:29737 disposed:false
548 silly fetch manifest @ts-morph/common@~0.27.0
549 silly packumentCache full:https://registry.npmmirror.com/@ts-morph%2fcommon cache-miss
550 http cache https://registry.npmmirror.com/wsl-utils 56ms (cache hit)
551 silly packumentCache full:https://registry.npmmirror.com/wsl-utils set size:17954 disposed:false
552 silly fetch manifest code-block-writer@^13.0.3
553 silly packumentCache full:https://registry.npmmirror.com/code-block-writer cache-miss
554 http cache https://registry.npmmirror.com/is-in-ssh 57ms (cache hit)
555 silly packumentCache full:https://registry.npmmirror.com/is-in-ssh set size:4107 disposed:false
556 http cache https://registry.npmmirror.com/default-browser 56ms (cache hit)
557 silly packumentCache full:https://registry.npmmirror.com/default-browser set size:33715 disposed:false
558 http cache https://registry.npmmirror.com/universalify 65ms (cache hit)
559 silly packumentCache full:https://registry.npmmirror.com/universalify set size:15581 disposed:false
560 http cache https://registry.npmmirror.com/define-lazy-prop 55ms (cache hit)
561 silly packumentCache full:https://registry.npmmirror.com/define-lazy-prop set size:7395 disposed:false
562 http cache https://registry.npmmirror.com/powershell-utils 54ms (cache hit)
563 silly packumentCache full:https://registry.npmmirror.com/powershell-utils set size:9549 disposed:false
564 http cache https://registry.npmmirror.com/is-inside-container 49ms (cache hit)
565 silly packumentCache full:https://registry.npmmirror.com/is-inside-container set size:4547 disposed:false
566 http cache https://registry.npmmirror.com/chalk 49ms (cache hit)
567 silly packumentCache full:https://registry.npmmirror.com/chalk set size:110176 disposed:false
568 http cache https://registry.npmmirror.com/cli-cursor 50ms (cache hit)
569 silly packumentCache full:https://registry.npmmirror.com/cli-cursor set size:16014 disposed:false
570 http cache https://registry.npmmirror.com/cli-spinners 37ms (cache hit)
571 silly packumentCache full:https://registry.npmmirror.com/cli-spinners set size:60336 disposed:false
572 http cache https://registry.npmmirror.com/stdin-discarder 32ms (cache hit)
573 silly packumentCache full:https://registry.npmmirror.com/stdin-discarder set size:16068 disposed:false
574 http cache https://registry.npmmirror.com/is-interactive 38ms (cache hit)
575 silly packumentCache full:https://registry.npmmirror.com/is-interactive set size:7752 disposed:false
576 http cache https://registry.npmmirror.com/log-symbols 35ms (cache hit)
577 silly packumentCache full:https://registry.npmmirror.com/log-symbols set size:27819 disposed:false
578 http cache https://registry.npmmirror.com/cssesc 30ms (cache hit)
579 silly packumentCache full:https://registry.npmmirror.com/cssesc set size:16783 disposed:false
580 http cache https://registry.npmmirror.com/is-unicode-supported 38ms (cache hit)
581 silly packumentCache full:https://registry.npmmirror.com/is-unicode-supported set size:16734 disposed:false
582 http cache https://registry.npmmirror.com/strip-ansi 32ms (cache hit)
583 silly packumentCache full:https://registry.npmmirror.com/strip-ansi set size:39163 disposed:false
584 http cache https://registry.npmmirror.com/esprima 29ms (cache hit)
585 silly packumentCache full:https://registry.npmmirror.com/esprima set size:115967 disposed:false
586 http cache https://registry.npmmirror.com/string-width 35ms (cache hit)
587 silly packumentCache full:https://registry.npmmirror.com/string-width set size:64604 disposed:false
588 http cache https://registry.npmmirror.com/util-deprecate 32ms (cache hit)
589 silly packumentCache full:https://registry.npmmirror.com/util-deprecate set size:6659 disposed:false
590 http cache https://registry.npmmirror.com/ast-types 30ms (cache hit)
591 silly packumentCache full:https://registry.npmmirror.com/ast-types set size:302812 disposed:false
592 http cache https://registry.npmmirror.com/sisteransi 33ms (cache hit)
593 silly packumentCache full:https://registry.npmmirror.com/sisteransi set size:18884 disposed:false
594 http cache https://registry.npmmirror.com/tiny-invariant 31ms (cache hit)
595 silly packumentCache full:https://registry.npmmirror.com/tiny-invariant set size:62965 disposed:false
596 http cache https://registry.npmmirror.com/is-obj 29ms (cache hit)
597 silly packumentCache full:https://registry.npmmirror.com/is-obj set size:7565 disposed:false
598 http cache https://registry.npmmirror.com/source-map 32ms (cache hit)
599 silly packumentCache full:https://registry.npmmirror.com/source-map set size:263845 disposed:false
600 http cache https://registry.npmmirror.com/ip-address 33ms (cache hit)
601 silly packumentCache full:https://registry.npmmirror.com/ip-address set size:182973 disposed:false
602 http cache https://registry.npmmirror.com/get-own-enumerable-keys 33ms (cache hit)
603 silly packumentCache full:https://registry.npmmirror.com/get-own-enumerable-keys set size:7513 disposed:false
604 http cache https://registry.npmmirror.com/@ts-morph%2fcommon 30ms (cache hit)
605 silly packumentCache full:https://registry.npmmirror.com/@ts-morph%2fcommon set size:142492 disposed:false
606 http cache https://registry.npmmirror.com/smart-buffer 34ms (cache hit)
607 silly packumentCache full:https://registry.npmmirror.com/smart-buffer set size:83961 disposed:false
608 http cache https://registry.npmmirror.com/is-regexp 33ms (cache hit)
609 silly packumentCache full:https://registry.npmmirror.com/is-regexp set size:9461 disposed:false
610 http cache https://registry.npmmirror.com/code-block-writer 32ms (cache hit)
611 silly packumentCache full:https://registry.npmmirror.com/code-block-writer set size:176899 disposed:false
612 silly fetch manifest @babel/core@^7.0.0-0
613 silly packumentCache full:https://registry.npmmirror.com/@babel%2fcore cache-hit
614 silly placeDep ROOT @babel/helper-annotate-as-pure@7.29.7 OK for: @babel/plugin-transform-typescript@7.29.7 want: ^7.29.7
615 silly placeDep ROOT @babel/helper-create-class-features-plugin@7.29.7 OK for: @babel/plugin-transform-typescript@7.29.7 want: ^7.29.7
616 silly placeDep ROOT @babel/helper-plugin-utils@7.29.7 OK for: @babel/plugin-transform-typescript@7.29.7 want: ^7.29.7
617 silly placeDep ROOT @babel/helper-skip-transparent-expression-wrappers@7.29.7 OK for: @babel/plugin-transform-typescript@7.29.7 want: ^7.29.7
618 silly placeDep ROOT @babel/plugin-syntax-typescript@7.29.7 OK for: @babel/plugin-transform-typescript@7.29.7 want: ^7.29.7
619 silly fetch manifest @babel/helper-member-expression-to-functions@^7.29.7
620 silly packumentCache full:https://registry.npmmirror.com/@babel%2fhelper-member-expression-to-functions cache-miss
621 silly fetch manifest @babel/helper-optimise-call-expression@^7.29.7
622 silly packumentCache full:https://registry.npmmirror.com/@babel%2fhelper-optimise-call-expression cache-miss
623 silly fetch manifest @babel/helper-replace-supers@^7.29.7
624 silly packumentCache full:https://registry.npmmirror.com/@babel%2fhelper-replace-supers cache-miss
625 http cache https://registry.npmmirror.com/@babel%2fhelper-member-expression-to-functions 4ms (cache hit)
626 silly packumentCache full:https://registry.npmmirror.com/@babel%2fhelper-member-expression-to-functions set size:201031 disposed:false
627 http cache https://registry.npmmirror.com/@babel%2fhelper-optimise-call-expression 6ms (cache hit)
628 silly packumentCache full:https://registry.npmmirror.com/@babel%2fhelper-optimise-call-expression set size:172627 disposed:false
629 http cache https://registry.npmmirror.com/@babel%2fhelper-replace-supers 7ms (cache hit)
630 silly packumentCache full:https://registry.npmmirror.com/@babel%2fhelper-replace-supers set size:238209 disposed:false
631 silly fetch manifest @babel/core@^7.0.0
632 silly packumentCache full:https://registry.npmmirror.com/@babel%2fcore cache-hit
633 silly placeDep ROOT @babel/helper-member-expression-to-functions@7.29.7 OK for: @babel/helper-create-class-features-plugin@7.29.7 want: ^7.29.7
634 silly placeDep ROOT @babel/helper-optimise-call-expression@7.29.7 OK for: @babel/helper-create-class-features-plugin@7.29.7 want: ^7.29.7
635 silly placeDep ROOT @babel/helper-replace-supers@7.29.7 OK for: @babel/helper-create-class-features-plugin@7.29.7 want: ^7.29.7
636 silly placeDep ROOT @babel/plugin-syntax-jsx@7.29.7 OK for: @babel/preset-typescript@7.29.7 want: ^7.29.7
637 silly placeDep ROOT @babel/plugin-transform-modules-commonjs@7.29.7 OK for: @babel/preset-typescript@7.29.7 want: ^7.29.7
638 silly placeDep ROOT @dotenvx/primitives@0.8.0 OK for: @dotenvx/dotenvx@1.75.1 want: ^0.8.0
639 silly placeDep node_modules/@dotenvx/dotenvx commander@11.1.0 OK for: @dotenvx/dotenvx@1.75.1 want: ^11.1.0
640 silly placeDep ROOT conf@10.2.0 OK for: @dotenvx/dotenvx@1.75.1 want: ^10.2.0
641 silly placeDep ROOT dotenv@17.4.2 OK for: @dotenvx/dotenvx@1.75.1 want: ^17.2.1
642 silly placeDep ROOT enquirer@2.4.1 OK for: @dotenvx/dotenvx@1.75.1 want: ^2.4.1
643 silly placeDep ROOT env-paths@2.2.1 OK for: @dotenvx/dotenvx@1.75.1 want: ^2.2.1
644 silly placeDep node_modules/@dotenvx/dotenvx execa@5.1.1 OK for: @dotenvx/dotenvx@1.75.1 want: ^5.1.1
645 silly placeDep node_modules/@dotenvx/dotenvx fdir@6.5.0 OK for: @dotenvx/dotenvx@1.75.1 want: ^6.2.0
646 silly placeDep node_modules/@dotenvx/dotenvx picomatch@4.0.5 OK for: fdir@6.5.0 want: ^3 || ^4
647 silly placeDep ROOT object-treeify@1.1.33 OK for: @dotenvx/dotenvx@1.75.1 want: 1.1.33
648 silly placeDep node_modules/@dotenvx/dotenvx open@8.4.2 OK for: @dotenvx/dotenvx@1.75.1 want: ^8.4.2
649 silly placeDep ROOT systeminformation@5.33.1 OK for: @dotenvx/dotenvx@1.75.1 want: ^5.22.11
650 silly placeDep node_modules/@dotenvx/dotenvx which@4.0.0 OK for: @dotenvx/dotenvx@1.75.1 want: ^4.0.0
651 silly placeDep ROOT yocto-spinner@1.2.2 OK for: @dotenvx/dotenvx@1.75.1 want: ^1.1.0
652 silly fetch manifest ajv@^8.6.3
653 silly packumentCache full:https://registry.npmmirror.com/ajv cache-miss
654 silly fetch manifest ajv-formats@^2.1.1
655 silly packumentCache full:https://registry.npmmirror.com/ajv-formats cache-hit
656 silly fetch manifest atomically@^1.7.0
657 silly packumentCache full:https://registry.npmmirror.com/atomically cache-miss
658 silly fetch manifest debounce-fn@^4.0.0
659 silly packumentCache full:https://registry.npmmirror.com/debounce-fn cache-miss
660 silly fetch manifest dot-prop@^6.0.1
661 silly packumentCache full:https://registry.npmmirror.com/dot-prop cache-miss
662 silly fetch manifest json-schema-typed@^7.0.3
663 silly packumentCache full:https://registry.npmmirror.com/json-schema-typed cache-hit
664 silly fetch manifest onetime@^5.1.2
665 silly packumentCache full:https://registry.npmmirror.com/onetime cache-miss
666 silly fetch manifest pkg-up@^3.1.0
667 silly packumentCache full:https://registry.npmmirror.com/pkg-up cache-miss
668 silly fetch manifest semver@^7.3.5
669 silly packumentCache full:https://registry.npmmirror.com/semver cache-miss
670 silly fetch manifest ansi-colors@^4.1.1
671 silly packumentCache full:https://registry.npmmirror.com/ansi-colors cache-miss
672 silly fetch manifest strip-ansi@^6.0.1
673 silly packumentCache full:https://registry.npmmirror.com/strip-ansi cache-hit
674 silly fetch manifest get-stream@^6.0.0
675 silly packumentCache full:https://registry.npmmirror.com/get-stream cache-hit
676 silly fetch manifest human-signals@^2.1.0
677 silly packumentCache full:https://registry.npmmirror.com/human-signals cache-hit
678 silly fetch manifest is-stream@^2.0.0
679 silly packumentCache full:https://registry.npmmirror.com/is-stream cache-hit
680 silly fetch manifest merge-stream@^2.0.0
681 silly packumentCache full:https://registry.npmmirror.com/merge-stream cache-miss
682 silly fetch manifest npm-run-path@^4.0.1
683 silly packumentCache full:https://registry.npmmirror.com/npm-run-path cache-hit
684 silly fetch manifest onetime@^5.1.2
685 silly packumentCache full:https://registry.npmmirror.com/onetime cache-miss
686 silly fetch manifest signal-exit@^3.0.3
687 silly packumentCache full:https://registry.npmmirror.com/signal-exit cache-hit
688 silly fetch manifest strip-final-newline@^2.0.0
689 silly packumentCache full:https://registry.npmmirror.com/strip-final-newline cache-hit
690 silly fetch manifest define-lazy-prop@^2.0.0
691 silly packumentCache full:https://registry.npmmirror.com/define-lazy-prop cache-hit
692 silly fetch manifest is-docker@^2.1.1
693 silly packumentCache full:https://registry.npmmirror.com/is-docker cache-miss
694 silly fetch manifest is-wsl@^2.2.0
695 silly packumentCache full:https://registry.npmmirror.com/is-wsl cache-miss
696 silly fetch manifest isexe@^3.1.1
697 silly packumentCache full:https://registry.npmmirror.com/isexe cache-miss
698 http cache https://registry.npmmirror.com/dot-prop 13ms (cache hit)
699 silly packumentCache full:https://registry.npmmirror.com/dot-prop set size:68813 disposed:false
700 http cache https://registry.npmmirror.com/atomically 14ms (cache hit)
701 silly packumentCache full:https://registry.npmmirror.com/atomically set size:52102 disposed:false
702 http cache https://registry.npmmirror.com/ansi-colors 16ms (cache hit)
703 silly packumentCache full:https://registry.npmmirror.com/ansi-colors set size:89420 disposed:false
704 http cache https://registry.npmmirror.com/debounce-fn 16ms (cache hit)
705 silly packumentCache full:https://registry.npmmirror.com/debounce-fn set size:25237 disposed:false
706 http cache https://registry.npmmirror.com/onetime 17ms (cache hit)
707 silly packumentCache full:https://registry.npmmirror.com/onetime set size:25619 disposed:false
708 http cache https://registry.npmmirror.com/ajv 19ms (cache hit)
709 silly packumentCache full:https://registry.npmmirror.com/ajv set size:1059632 disposed:false
710 http cache https://registry.npmmirror.com/pkg-up 22ms (cache hit)
711 silly packumentCache full:https://registry.npmmirror.com/pkg-up set size:13718 disposed:false
712 http cache https://registry.npmmirror.com/semver 23ms (cache hit)
713 silly packumentCache full:https://registry.npmmirror.com/semver set size:221665 disposed:false
714 http cache https://registry.npmmirror.com/merge-stream 23ms (cache hit)
715 silly packumentCache full:https://registry.npmmirror.com/merge-stream set size:21260 disposed:false
716 http cache https://registry.npmmirror.com/onetime 24ms (cache hit)
717 silly packumentCache full:https://registry.npmmirror.com/onetime set size:25619 disposed:false
718 silly packumentCache full:https://registry.npmmirror.com/onetime dispose
719 http cache https://registry.npmmirror.com/is-wsl 23ms (cache hit)
720 silly packumentCache full:https://registry.npmmirror.com/is-wsl set size:17175 disposed:false
721 http cache https://registry.npmmirror.com/isexe 24ms (cache hit)
722 silly packumentCache full:https://registry.npmmirror.com/isexe set size:32756 disposed:false
723 http cache https://registry.npmmirror.com/is-docker 25ms (cache hit)
724 silly packumentCache full:https://registry.npmmirror.com/is-docker set size:17911 disposed:false
725 silly placeDep ROOT @hono/node-server@2.1.1 OK for: @modelcontextprotocol/sdk@1.30.0 want: ^1.19.9 || ^2.0.5
726 silly placeDep ROOT hono@4.13.3 OK for: @hono/node-server@2.1.1 want: ^4
727 silly placeDep node_modules/@modelcontextprotocol/sdk ajv@8.20.0 OK for: @modelcontextprotocol/sdk@1.30.0 want: ^8.17.1
728 silly placeDep ROOT ajv-formats@3.0.1 OK for: @modelcontextprotocol/sdk@1.30.0 want: ^3.0.1
729 silly placeDep ROOT content-type@1.0.5 OK for: @modelcontextprotocol/sdk@1.30.0 want: ^1.0.5
730 silly placeDep ROOT cors@2.8.6 OK for: @modelcontextprotocol/sdk@1.30.0 want: ^2.8.5
731 silly placeDep ROOT eventsource@3.0.7 OK for: @modelcontextprotocol/sdk@1.30.0 want: ^3.0.2
732 silly placeDep ROOT eventsource-parser@3.1.1 OK for: @modelcontextprotocol/sdk@1.30.0 want: ^3.0.0
733 silly placeDep ROOT express@5.2.1 OK for: @modelcontextprotocol/sdk@1.30.0 want: ^5.2.1
734 silly placeDep ROOT express-rate-limit@8.6.2 OK for: @modelcontextprotocol/sdk@1.30.0 want: ^8.2.1
735 silly placeDep ROOT jose@6.2.9 OK for: @modelcontextprotocol/sdk@1.30.0 want: ^6.1.3
736 silly placeDep ROOT json-schema-typed@8.0.2 OK for: @modelcontextprotocol/sdk@1.30.0 want: ^8.0.2
737 silly placeDep ROOT pkce-challenge@5.0.1 OK for: @modelcontextprotocol/sdk@1.30.0 want: ^5.0.0
738 silly placeDep ROOT raw-body@3.0.2 OK for: @modelcontextprotocol/sdk@1.30.0 want: ^3.0.0
739 silly fetch manifest fast-uri@^3.0.1
740 silly packumentCache full:https://registry.npmmirror.com/fast-uri cache-miss
741 silly fetch manifest json-schema-traverse@^1.0.0
742 silly packumentCache full:https://registry.npmmirror.com/json-schema-traverse cache-miss
743 silly fetch manifest require-from-string@^2.0.2
744 silly packumentCache full:https://registry.npmmirror.com/require-from-string cache-miss
745 silly fetch manifest ajv@^8.0.0
746 silly packumentCache full:https://registry.npmmirror.com/ajv cache-miss
747 silly fetch manifest vary@^1
748 silly packumentCache full:https://registry.npmmirror.com/vary cache-miss
749 silly fetch manifest eventsource-parser@^3.0.1
750 silly packumentCache full:https://registry.npmmirror.com/eventsource-parser cache-hit
751 silly fetch manifest accepts@^2.0.0
752 silly packumentCache full:https://registry.npmmirror.com/accepts cache-miss
753 silly fetch manifest body-parser@^2.2.1
754 silly packumentCache full:https://registry.npmmirror.com/body-parser cache-miss
755 silly fetch manifest content-disposition@^1.0.0
756 silly packumentCache full:https://registry.npmmirror.com/content-disposition cache-miss
757 silly fetch manifest cookie@^0.7.1
758 silly packumentCache full:https://registry.npmmirror.com/cookie cache-miss
759 silly fetch manifest cookie-signature@^1.2.1
760 silly packumentCache full:https://registry.npmmirror.com/cookie-signature cache-miss
761 silly fetch manifest depd@^2.0.0
762 silly packumentCache full:https://registry.npmmirror.com/depd cache-miss
763 silly fetch manifest encodeurl@^2.0.0
764 silly packumentCache full:https://registry.npmmirror.com/encodeurl cache-miss
765 silly fetch manifest escape-html@^1.0.3
766 silly packumentCache full:https://registry.npmmirror.com/escape-html cache-miss
767 silly fetch manifest etag@^1.8.1
768 silly packumentCache full:https://registry.npmmirror.com/etag cache-miss
769 silly fetch manifest finalhandler@^2.1.0
770 silly packumentCache full:https://registry.npmmirror.com/finalhandler cache-miss
771 silly fetch manifest fresh@^2.0.0
772 silly packumentCache full:https://registry.npmmirror.com/fresh cache-miss
773 silly fetch manifest http-errors@^2.0.0
774 silly packumentCache full:https://registry.npmmirror.com/http-errors cache-miss
775 silly fetch manifest merge-descriptors@^2.0.0
776 silly packumentCache full:https://registry.npmmirror.com/merge-descriptors cache-miss
777 silly fetch manifest mime-types@^3.0.0
778 silly packumentCache full:https://registry.npmmirror.com/mime-types cache-miss
779 silly fetch manifest on-finished@^2.4.1
780 silly packumentCache full:https://registry.npmmirror.com/on-finished cache-miss
781 silly fetch manifest once@^1.4.0
782 silly packumentCache full:https://registry.npmmirror.com/once cache-miss
783 silly fetch manifest parseurl@^1.3.3
784 silly packumentCache full:https://registry.npmmirror.com/parseurl cache-miss
785 silly fetch manifest proxy-addr@^2.0.7
786 silly packumentCache full:https://registry.npmmirror.com/proxy-addr cache-miss
787 silly fetch manifest qs@^6.14.0
788 silly packumentCache full:https://registry.npmmirror.com/qs cache-miss
789 silly fetch manifest range-parser@^1.2.1
790 silly packumentCache full:https://registry.npmmirror.com/range-parser cache-miss
791 silly fetch manifest router@^2.2.0
792 silly packumentCache full:https://registry.npmmirror.com/router cache-miss
793 silly fetch manifest send@^1.1.0
794 silly packumentCache full:https://registry.npmmirror.com/send cache-miss
795 silly fetch manifest serve-static@^2.2.0
796 silly packumentCache full:https://registry.npmmirror.com/serve-static cache-miss
797 silly fetch manifest statuses@^2.0.1
798 silly packumentCache full:https://registry.npmmirror.com/statuses cache-miss
799 http cache https://registry.npmmirror.com/json-schema-traverse 29ms (cache hit)
800 silly packumentCache full:https://registry.npmmirror.com/json-schema-traverse set size:19581 disposed:false
801 silly fetch manifest type-is@^2.0.1
802 silly packumentCache full:https://registry.npmmirror.com/type-is cache-miss
803 http cache https://registry.npmmirror.com/accepts 29ms (cache hit)
804 silly packumentCache full:https://registry.npmmirror.com/accepts set size:78795 disposed:false
805 silly fetch manifest vary@^1.1.2
806 silly packumentCache full:https://registry.npmmirror.com/vary cache-miss
807 http cache https://registry.npmmirror.com/require-from-string 31ms (cache hit)
808 silly packumentCache full:https://registry.npmmirror.com/require-from-string set size:14946 disposed:false
809 silly fetch manifest ip-address@^10.2.0
810 silly packumentCache full:https://registry.npmmirror.com/ip-address cache-hit
811 silly fetch manifest bytes@~3.1.2
812 silly packumentCache full:https://registry.npmmirror.com/bytes cache-miss
813 http cache https://registry.npmmirror.com/ajv 32ms (cache hit)
814 silly packumentCache full:https://registry.npmmirror.com/ajv set size:1059632 disposed:false
815 silly fetch manifest http-errors@~2.0.1
816 silly packumentCache full:https://registry.npmmirror.com/http-errors cache-miss
817 http cache https://registry.npmmirror.com/cookie-signature 35ms (cache hit)
818 silly packumentCache full:https://registry.npmmirror.com/cookie-signature set size:21529 disposed:false
819 silly fetch manifest iconv-lite@~0.7.0
820 silly packumentCache full:https://registry.npmmirror.com/iconv-lite cache-miss
821 http cache https://registry.npmmirror.com/content-disposition 36ms (cache hit)
822 silly packumentCache full:https://registry.npmmirror.com/content-disposition set size:45001 disposed:false
823 silly fetch manifest unpipe@~1.0.0
824 silly packumentCache full:https://registry.npmmirror.com/unpipe cache-miss
825 http cache https://registry.npmmirror.com/fast-uri 38ms (cache hit)
826 silly packumentCache full:https://registry.npmmirror.com/fast-uri set size:106799 disposed:false
827 http cache https://registry.npmmirror.com/depd 37ms (cache hit)
828 silly packumentCache full:https://registry.npmmirror.com/depd set size:38696 disposed:false
829 http cache https://registry.npmmirror.com/vary 39ms (cache hit)
830 silly packumentCache full:https://registry.npmmirror.com/vary set size:15823 disposed:false
831 http cache https://registry.npmmirror.com/body-parser 38ms (cache hit)
832 silly packumentCache full:https://registry.npmmirror.com/body-parser set size:215981 disposed:false
833 http cache https://registry.npmmirror.com/cookie 40ms (cache hit)
834 silly packumentCache full:https://registry.npmmirror.com/cookie set size:76511 disposed:false
835 http cache https://registry.npmmirror.com/encodeurl 41ms (cache hit)
836 silly packumentCache full:https://registry.npmmirror.com/encodeurl set size:12335 disposed:false
837 http cache https://registry.npmmirror.com/http-errors 40ms (cache hit)
838 silly packumentCache full:https://registry.npmmirror.com/http-errors set size:63682 disposed:false
839 http cache https://registry.npmmirror.com/escape-html 41ms (cache hit)
840 silly packumentCache full:https://registry.npmmirror.com/escape-html set size:6718 disposed:false
841 http cache https://registry.npmmirror.com/finalhandler 41ms (cache hit)
842 silly packumentCache full:https://registry.npmmirror.com/finalhandler set size:78583 disposed:false
843 http cache https://registry.npmmirror.com/etag 42ms (cache hit)
844 silly packumentCache full:https://registry.npmmirror.com/etag set size:28095 disposed:false
845 http cache https://registry.npmmirror.com/merge-descriptors 42ms (cache hit)
846 silly packumentCache full:https://registry.npmmirror.com/merge-descriptors set size:14723 disposed:false
847 http cache https://registry.npmmirror.com/mime-types 43ms (cache hit)
848 silly packumentCache full:https://registry.npmmirror.com/mime-types set size:123243 disposed:false
849 http cache https://registry.npmmirror.com/on-finished 43ms (cache hit)
850 silly packumentCache full:https://registry.npmmirror.com/on-finished set size:22555 disposed:false
851 http cache https://registry.npmmirror.com/fresh 44ms (cache hit)
852 silly packumentCache full:https://registry.npmmirror.com/fresh set size:28920 disposed:false
853 http cache https://registry.npmmirror.com/range-parser 43ms (cache hit)
854 silly packumentCache full:https://registry.npmmirror.com/range-parser set size:23853 disposed:false
855 http cache https://registry.npmmirror.com/qs 44ms (cache hit)
856 silly packumentCache full:https://registry.npmmirror.com/qs set size:343616 disposed:false
857 http cache https://registry.npmmirror.com/proxy-addr 47ms (cache hit)
858 silly packumentCache full:https://registry.npmmirror.com/proxy-addr set size:57258 disposed:false
859 http cache https://registry.npmmirror.com/router 46ms (cache hit)
860 silly packumentCache full:https://registry.npmmirror.com/router set size:110153 disposed:false
861 http cache https://registry.npmmirror.com/once 48ms (cache hit)
862 silly packumentCache full:https://registry.npmmirror.com/once set size:11112 disposed:false
863 http cache https://registry.npmmirror.com/parseurl 48ms (cache hit)
864 silly packumentCache full:https://registry.npmmirror.com/parseurl set size:22728 disposed:false
865 http cache https://registry.npmmirror.com/send 48ms (cache hit)
866 silly packumentCache full:https://registry.npmmirror.com/send set size:150929 disposed:false
867 http cache https://registry.npmmirror.com/serve-static 49ms (cache hit)
868 silly packumentCache full:https://registry.npmmirror.com/serve-static set size:147270 disposed:false
869 http cache https://registry.npmmirror.com/statuses 48ms (cache hit)
870 silly packumentCache full:https://registry.npmmirror.com/statuses set size:34728 disposed:false
871 http cache https://registry.npmmirror.com/http-errors 24ms (cache hit)
872 silly packumentCache full:https://registry.npmmirror.com/http-errors set size:63682 disposed:false
873 silly packumentCache full:https://registry.npmmirror.com/http-errors dispose
874 http cache https://registry.npmmirror.com/bytes 28ms (cache hit)
875 silly packumentCache full:https://registry.npmmirror.com/bytes set size:35406 disposed:false
876 http cache https://registry.npmmirror.com/type-is 30ms (cache hit)
877 silly packumentCache full:https://registry.npmmirror.com/type-is set size:86375 disposed:false
878 http cache https://registry.npmmirror.com/unpipe 24ms (cache hit)
879 silly packumentCache full:https://registry.npmmirror.com/unpipe set size:3621 disposed:false
880 http cache https://registry.npmmirror.com/iconv-lite 25ms (cache hit)
881 silly packumentCache full:https://registry.npmmirror.com/iconv-lite set size:122354 disposed:false
882 http cache https://registry.npmmirror.com/vary 31ms (cache hit)
883 silly packumentCache full:https://registry.npmmirror.com/vary set size:15823 disposed:false
884 silly packumentCache full:https://registry.npmmirror.com/vary dispose
885 silly placeDep node_modules/ajv-formats ajv@8.20.0 OK for: ajv-formats@3.0.1 want: ^8.0.0
886 silly placeDep node_modules/conf ajv@8.20.0 OK for: conf@10.2.0 want: ^8.6.3
887 silly placeDep node_modules/conf ajv-formats@2.1.1 OK for: conf@10.2.0 want: ^2.1.1
888 silly placeDep ROOT atomically@1.7.0 OK for: conf@10.2.0 want: ^1.7.0
889 silly placeDep ROOT debounce-fn@4.0.0 OK for: conf@10.2.0 want: ^4.0.0
890 silly placeDep ROOT dot-prop@6.0.1 OK for: conf@10.2.0 want: ^6.0.1
891 silly placeDep node_modules/conf json-schema-typed@7.0.3 OK for: conf@10.2.0 want: ^7.0.3
892 silly placeDep ROOT onetime@5.1.2 OK for: conf@10.2.0 want: ^5.1.2
893 silly placeDep ROOT pkg-up@3.1.0 OK for: conf@10.2.0 want: ^3.1.0
894 silly placeDep node_modules/conf semver@7.8.5 OK for: conf@10.2.0 want: ^7.3.5
895 silly fetch manifest mimic-fn@^3.0.0
896 silly packumentCache full:https://registry.npmmirror.com/mimic-fn cache-miss
897 silly fetch manifest is-obj@^2.0.0
898 silly packumentCache full:https://registry.npmmirror.com/is-obj cache-hit
899 silly fetch manifest mimic-fn@^2.1.0
900 silly packumentCache full:https://registry.npmmirror.com/mimic-fn cache-miss
901 silly fetch manifest find-up@^3.0.0
902 silly packumentCache full:https://registry.npmmirror.com/find-up cache-miss
903 http cache https://registry.npmmirror.com/mimic-fn 4ms (cache hit)
904 silly packumentCache full:https://registry.npmmirror.com/mimic-fn set size:17282 disposed:false
905 http cache https://registry.npmmirror.com/mimic-fn 5ms (cache hit)
906 silly packumentCache full:https://registry.npmmirror.com/mimic-fn set size:17282 disposed:false
907 silly packumentCache full:https://registry.npmmirror.com/mimic-fn dispose
908 http cache https://registry.npmmirror.com/find-up 5ms (cache hit)
909 silly packumentCache full:https://registry.npmmirror.com/find-up set size:36584 disposed:false
910 silly placeDep ROOT vary@1.1.2 OK for: cors@2.8.6 want: ^1
911 silly placeDep ROOT parse-json@5.2.0 OK for: cosmiconfig@9.0.2 want: ^5.2.0
912 silly fetch manifest error-ex@^1.3.1
913 silly packumentCache full:https://registry.npmmirror.com/error-ex cache-miss
914 silly fetch manifest json-parse-even-better-errors@^2.3.0
915 silly packumentCache full:https://registry.npmmirror.com/json-parse-even-better-errors cache-miss
916 silly fetch manifest lines-and-columns@^1.1.6
917 silly packumentCache full:https://registry.npmmirror.com/lines-and-columns cache-miss
918 http cache https://registry.npmmirror.com/error-ex 4ms (cache hit)
919 silly packumentCache full:https://registry.npmmirror.com/error-ex set size:30632 disposed:false
920 http cache https://registry.npmmirror.com/json-parse-even-better-errors 4ms (cache hit)
921 silly packumentCache full:https://registry.npmmirror.com/json-parse-even-better-errors set size:31308 disposed:false
922 http cache https://registry.npmmirror.com/lines-and-columns 4ms (cache hit)
923 silly packumentCache full:https://registry.npmmirror.com/lines-and-columns set size:70564 disposed:false
924 silly placeDep ROOT mimic-fn@3.1.0 OK for: debounce-fn@4.0.0 want: ^3.0.0
925 silly placeDep ROOT is-obj@2.0.0 OK for: dot-prop@6.0.1 want: ^2.0.0
926 silly placeDep ROOT ansi-colors@4.1.3 OK for: enquirer@2.4.1 want: ^4.1.1
927 silly placeDep ROOT strip-ansi@6.0.1 OK for: enquirer@2.4.1 want: ^6.0.1
928 silly fetch manifest ansi-regex@^5.0.1
929 silly packumentCache full:https://registry.npmmirror.com/ansi-regex cache-miss
930 http cache https://registry.npmmirror.com/ansi-regex 4ms (cache hit)
931 silly packumentCache full:https://registry.npmmirror.com/ansi-regex set size:42393 disposed:false
932 silly placeDep ROOT @sindresorhus/merge-streams@4.0.0 OK for: execa@9.6.1 want: ^4.0.0
933 silly placeDep ROOT figures@6.1.0 OK for: execa@9.6.1 want: ^6.1.0
934 silly placeDep ROOT get-stream@9.0.1 OK for: execa@9.6.1 want: ^9.0.0
935 silly placeDep ROOT human-signals@8.0.1 OK for: execa@9.6.1 want: ^8.0.1
936 silly placeDep ROOT is-plain-obj@4.1.0 OK for: execa@9.6.1 want: ^4.1.0
937 silly placeDep ROOT is-stream@4.0.1 OK for: execa@9.6.1 want: ^4.0.1
938 silly placeDep ROOT npm-run-path@6.0.0 OK for: execa@9.6.1 want: ^6.0.0
939 silly placeDep ROOT pretty-ms@9.3.0 OK for: execa@9.6.1 want: ^9.2.0
940 silly placeDep ROOT signal-exit@4.1.0 OK for: execa@9.6.1 want: ^4.1.0
941 silly placeDep ROOT strip-final-newline@4.0.0 OK for: execa@9.6.1 want: ^4.0.0
942 silly placeDep ROOT yoctocolors@2.2.0 OK for: execa@9.6.1 want: ^2.1.1
943 silly fetch manifest @sec-ant/readable-stream@^0.4.1
944 silly packumentCache full:https://registry.npmmirror.com/@sec-ant%2freadable-stream cache-miss
945 silly fetch manifest path-key@^4.0.0
946 silly packumentCache full:https://registry.npmmirror.com/path-key cache-miss
947 silly fetch manifest unicorn-magic@^0.3.0
948 silly packumentCache full:https://registry.npmmirror.com/unicorn-magic cache-miss
949 silly fetch manifest parse-ms@^4.0.0
950 silly packumentCache full:https://registry.npmmirror.com/parse-ms cache-miss
951 http cache https://registry.npmmirror.com/@sec-ant%2freadable-stream 4ms (cache hit)
952 silly packumentCache full:https://registry.npmmirror.com/@sec-ant%2freadable-stream set size:48338 disposed:false
953 http cache https://registry.npmmirror.com/path-key 5ms (cache hit)
954 silly packumentCache full:https://registry.npmmirror.com/path-key set size:13005 disposed:false
955 http cache https://registry.npmmirror.com/parse-ms 6ms (cache hit)
956 silly packumentCache full:https://registry.npmmirror.com/parse-ms set size:15128 disposed:false
957 http cache https://registry.npmmirror.com/unicorn-magic 7ms (cache hit)
958 silly packumentCache full:https://registry.npmmirror.com/unicorn-magic set size:9666 disposed:false
959 silly placeDep ROOT accepts@2.0.0 OK for: express@5.2.1 want: ^2.0.0
960 silly placeDep ROOT body-parser@2.3.0 OK for: express@5.2.1 want: ^2.2.1
961 silly placeDep ROOT content-disposition@1.1.0 OK for: express@5.2.1 want: ^1.0.0
962 silly placeDep ROOT cookie@0.7.2 OK for: express@5.2.1 want: ^0.7.1
963 silly placeDep ROOT cookie-signature@1.2.2 OK for: express@5.2.1 want: ^1.2.1
964 silly placeDep ROOT depd@2.0.0 OK for: express@5.2.1 want: ^2.0.0
965 silly placeDep ROOT encodeurl@2.0.0 OK for: express@5.2.1 want: ^2.0.0
966 silly placeDep ROOT escape-html@1.0.3 OK for: express@5.2.1 want: ^1.0.3
967 silly placeDep ROOT etag@1.8.1 OK for: express@5.2.1 want: ^1.8.1
968 silly placeDep ROOT finalhandler@2.1.1 OK for: express@5.2.1 want: ^2.1.0
969 silly placeDep ROOT fresh@2.0.0 OK for: express@5.2.1 want: ^2.0.0
970 silly placeDep ROOT http-errors@2.0.1 OK for: express@5.2.1 want: ^2.0.0
971 silly placeDep ROOT merge-descriptors@2.0.0 OK for: express@5.2.1 want: ^2.0.0
972 silly placeDep ROOT mime-types@3.0.2 OK for: express@5.2.1 want: ^3.0.0
973 silly placeDep ROOT on-finished@2.4.1 OK for: express@5.2.1 want: ^2.4.1
974 silly placeDep ROOT once@1.4.0 OK for: express@5.2.1 want: ^1.4.0
975 silly placeDep ROOT parseurl@1.3.3 OK for: express@5.2.1 want: ^1.3.3
976 silly placeDep ROOT proxy-addr@2.0.7 OK for: express@5.2.1 want: ^2.0.7
977 silly placeDep ROOT qs@6.15.3 OK for: express@5.2.1 want: ^6.14.0
978 silly placeDep ROOT range-parser@1.3.0 OK for: express@5.2.1 want: ^1.2.1
979 silly placeDep ROOT router@2.2.0 OK for: express@5.2.1 want: ^2.2.0
980 silly placeDep ROOT send@1.2.1 OK for: express@5.2.1 want: ^1.1.0
981 silly placeDep ROOT serve-static@2.2.1 OK for: express@5.2.1 want: ^2.2.0
982 silly placeDep ROOT statuses@2.0.2 OK for: express@5.2.1 want: ^2.0.1
983 silly placeDep ROOT type-is@2.1.0 OK for: express@5.2.1 want: ^2.0.1
984 silly fetch manifest negotiator@^1.0.0
985 silly packumentCache full:https://registry.npmmirror.com/negotiator cache-miss
986 silly fetch manifest bytes@^3.1.2
987 silly packumentCache full:https://registry.npmmirror.com/bytes cache-hit
988 silly fetch manifest content-type@^2.0.0
989 silly packumentCache full:https://registry.npmmirror.com/content-type cache-hit
990 silly fetch manifest http-errors@^2.0.1
991 silly packumentCache full:https://registry.npmmirror.com/http-errors cache-hit
992 silly fetch manifest iconv-lite@^0.7.2
993 silly packumentCache full:https://registry.npmmirror.com/iconv-lite cache-hit
994 silly fetch manifest qs@^6.15.2
995 silly packumentCache full:https://registry.npmmirror.com/qs cache-hit
996 silly fetch manifest type-is@^2.1.0
997 silly packumentCache full:https://registry.npmmirror.com/type-is cache-hit
998 silly fetch manifest inherits@~2.0.4
999 silly packumentCache full:https://registry.npmmirror.com/inherits cache-miss
1000 silly fetch manifest setprototypeof@~1.2.0
1001 silly packumentCache full:https://registry.npmmirror.com/setprototypeof cache-miss
1002 silly fetch manifest statuses@~2.0.2
1003 silly packumentCache full:https://registry.npmmirror.com/statuses cache-hit
1004 silly fetch manifest toidentifier@~1.0.1
1005 silly packumentCache full:https://registry.npmmirror.com/toidentifier cache-miss
1006 silly fetch manifest mime-db@^1.54.0
1007 silly packumentCache full:https://registry.npmmirror.com/mime-db cache-miss
1008 silly fetch manifest ee-first@1.1.1
1009 silly packumentCache full:https://registry.npmmirror.com/ee-first cache-miss
1010 silly fetch manifest wrappy@1
1011 silly packumentCache full:https://registry.npmmirror.com/wrappy cache-miss
1012 silly fetch manifest forwarded@0.2.0
1013 silly packumentCache full:https://registry.npmmirror.com/forwarded cache-miss
1014 silly fetch manifest ipaddr.js@1.9.1
1015 silly packumentCache full:https://registry.npmmirror.com/ipaddr.js cache-miss
1016 silly fetch manifest is-promise@^4.0.0
1017 silly packumentCache full:https://registry.npmmirror.com/is-promise cache-miss
1018 silly fetch manifest path-to-regexp@^8.0.0
1019 silly packumentCache full:https://registry.npmmirror.com/path-to-regexp cache-miss
1020 silly fetch manifest statuses@^2.0.2
1021 silly packumentCache full:https://registry.npmmirror.com/statuses cache-hit
1022 silly fetch manifest content-type@^2.0.0
1023 silly packumentCache full:https://registry.npmmirror.com/content-type cache-hit
1024 silly fetch manifest media-typer@^1.1.0
1025 silly packumentCache full:https://registry.npmmirror.com/media-typer cache-miss
1026 http cache https://registry.npmmirror.com/negotiator 12ms (cache hit)
1027 silly packumentCache full:https://registry.npmmirror.com/negotiator set size:55187 disposed:false
1028 http cache https://registry.npmmirror.com/setprototypeof 12ms (cache hit)
1029 silly packumentCache full:https://registry.npmmirror.com/setprototypeof set size:12515 disposed:false
1030 http cache https://registry.npmmirror.com/toidentifier 11ms (cache hit)
1031 silly packumentCache full:https://registry.npmmirror.com/toidentifier set size:10098 disposed:false
1032 http cache https://registry.npmmirror.com/mime-db 12ms (cache hit)
1033 silly packumentCache full:https://registry.npmmirror.com/mime-db set size:147903 disposed:false
1034 http cache https://registry.npmmirror.com/wrappy 13ms (cache hit)
1035 silly packumentCache full:https://registry.npmmirror.com/wrappy set size:6604 disposed:false
1036 http cache https://registry.npmmirror.com/forwarded 13ms (cache hit)
1037 silly packumentCache full:https://registry.npmmirror.com/forwarded set size:10169 disposed:false
1038 http cache https://registry.npmmirror.com/inherits 15ms (cache hit)
1039 silly packumentCache full:https://registry.npmmirror.com/inherits set size:11198 disposed:false
1040 http cache https://registry.npmmirror.com/ee-first 14ms (cache hit)
1041 silly packumentCache full:https://registry.npmmirror.com/ee-first set size:15347 disposed:false
1042 http cache https://registry.npmmirror.com/ipaddr.js 15ms (cache hit)
1043 silly packumentCache full:https://registry.npmmirror.com/ipaddr.js set size:80661 disposed:false
1044 http cache https://registry.npmmirror.com/media-typer 14ms (cache hit)
1045 silly packumentCache full:https://registry.npmmirror.com/media-typer set size:21095 disposed:false
1046 http cache https://registry.npmmirror.com/is-promise 16ms (cache hit)
1047 silly packumentCache full:https://registry.npmmirror.com/is-promise set size:13935 disposed:false
1048 http cache https://registry.npmmirror.com/path-to-regexp 16ms (cache hit)
1049 silly packumentCache full:https://registry.npmmirror.com/path-to-regexp set size:148991 disposed:false
1050 silly placeDep ROOT negotiator@1.1.0 OK for: accepts@2.0.0 want: ^1.0.0
1051 silly fetch manifest content-type@^2.1.0
1052 silly packumentCache full:https://registry.npmmirror.com/content-type cache-hit
1053 silly placeDep ROOT bytes@3.1.2 OK for: body-parser@2.3.0 want: ^3.1.2
1054 silly placeDep node_modules/body-parser content-type@2.1.0 OK for: body-parser@2.3.0 want: ^2.0.0
1055 silly placeDep ROOT iconv-lite@0.7.3 OK for: body-parser@2.3.0 want: ^0.7.2
1056 silly fetch manifest safer-buffer@>= 2.1.2 < 3.0.0
1057 silly packumentCache full:https://registry.npmmirror.com/safer-buffer cache-miss
1058 http cache https://registry.npmmirror.com/safer-buffer 3ms (cache hit)
1059 silly packumentCache full:https://registry.npmmirror.com/safer-buffer set size:18118 disposed:false
1060 silly placeDep ROOT ip-address@10.5.0 OK for: express-rate-limit@8.6.2 want: ^10.2.0
1061 silly placeDep ROOT is-unicode-supported@2.1.0 OK for: figures@6.1.0 want: ^2.0.0
1062 silly placeDep ROOT jsonfile@6.2.1 OK for: fs-extra@11.4.0 want: ^6.0.1
1063 silly placeDep ROOT universalify@2.0.1 OK for: fs-extra@11.4.0 want: ^2.0.0
1064 silly placeDep ROOT @sec-ant/readable-stream@0.4.1 OK for: get-stream@9.0.1 want: ^0.4.1
1065 silly placeDep ROOT inherits@2.0.4 OK for: http-errors@2.0.1 want: ~2.0.4
1066 silly placeDep ROOT setprototypeof@1.2.0 OK for: http-errors@2.0.1 want: ~1.2.0
1067 silly placeDep ROOT toidentifier@1.0.1 OK for: http-errors@2.0.1 want: ~1.0.1
1068 silly placeDep ROOT safer-buffer@2.1.2 OK for: iconv-lite@0.7.3 want: >= 2.1.2 < 3.0.0
1069 silly placeDep ROOT mime-db@1.54.0 OK for: mime-types@3.0.2 want: ^1.54.0
1070 silly placeDep node_modules/negotiator content-type@2.1.0 OK for: negotiator@1.1.0 want: ^2.1.0
1071 silly placeDep node_modules/npm-run-path path-key@4.0.0 OK for: npm-run-path@6.0.0 want: ^4.0.0
1072 silly placeDep ROOT unicorn-magic@0.3.0 OK for: npm-run-path@6.0.0 want: ^0.3.0
1073 silly placeDep ROOT ee-first@1.1.1 OK for: on-finished@2.4.1 want: 1.1.1
1074 silly placeDep ROOT wrappy@1.0.2 OK for: once@1.4.0 want: 1
1075 silly placeDep node_modules/onetime mimic-fn@2.1.0 OK for: onetime@5.1.2 want: ^2.1.0
1076 silly placeDep ROOT default-browser@5.5.1 OK for: open@11.0.1 want: ^5.4.0
1077 silly placeDep ROOT define-lazy-prop@3.0.0 OK for: open@11.0.1 want: ^3.0.0
1078 silly placeDep ROOT is-in-ssh@1.0.0 OK for: open@11.0.1 want: ^1.0.0
1079 silly placeDep ROOT is-inside-container@1.0.0 OK for: open@11.0.1 want: ^1.0.0
1080 silly placeDep ROOT powershell-utils@0.2.0 OK for: open@11.0.1 want: ^0.2.0
1081 silly placeDep ROOT wsl-utils@1.0.0 OK for: open@11.0.1 want: ^1.0.0
1082 silly fetch manifest bundle-name@^4.1.0
1083 silly packumentCache full:https://registry.npmmirror.com/bundle-name cache-miss
1084 silly fetch manifest default-browser-id@^5.0.0
1085 silly packumentCache full:https://registry.npmmirror.com/default-browser-id cache-miss
1086 silly fetch manifest is-docker@^3.0.0
1087 silly packumentCache full:https://registry.npmmirror.com/is-docker cache-hit
1088 silly fetch manifest is-wsl@^3.1.0
1089 silly packumentCache full:https://registry.npmmirror.com/is-wsl cache-hit
1090 silly fetch manifest powershell-utils@^0.1.0
1091 silly packumentCache full:https://registry.npmmirror.com/powershell-utils cache-hit
1092 http cache https://registry.npmmirror.com/bundle-name 5ms (cache hit)
1093 silly packumentCache full:https://registry.npmmirror.com/bundle-name set size:16606 disposed:false
1094 http cache https://registry.npmmirror.com/default-browser-id 6ms (cache hit)
1095 silly packumentCache full:https://registry.npmmirror.com/default-browser-id set size:23770 disposed:false
1096 silly placeDep ROOT bundle-name@4.1.0 OK for: default-browser@5.5.1 want: ^4.1.0
1097 silly placeDep ROOT default-browser-id@5.0.1 OK for: default-browser@5.5.1 want: ^5.0.0
1098 silly fetch manifest run-applescript@^7.0.0
1099 silly packumentCache full:https://registry.npmmirror.com/run-applescript cache-miss
1100 http cache https://registry.npmmirror.com/run-applescript 3ms (cache hit)
1101 silly packumentCache full:https://registry.npmmirror.com/run-applescript set size:24250 disposed:false
1102 silly placeDep ROOT run-applescript@7.1.0 OK for: bundle-name@4.1.0 want: ^7.0.0
1103 silly placeDep ROOT is-docker@3.0.0 OK for: is-inside-container@1.0.0 want: ^3.0.0
1104 silly placeDep node_modules/ora chalk@5.6.2 OK for: ora@8.2.0 want: ^5.3.0
1105 silly placeDep ROOT cli-cursor@5.0.0 OK for: ora@8.2.0 want: ^5.0.0
1106 silly placeDep ROOT cli-spinners@2.9.2 OK for: ora@8.2.0 want: ^2.9.2
1107 silly placeDep ROOT is-interactive@2.0.0 OK for: ora@8.2.0 want: ^2.0.0
1108 silly placeDep ROOT log-symbols@6.0.0 OK for: ora@8.2.0 want: ^6.0.0
1109 silly placeDep ROOT stdin-discarder@0.2.2 OK for: ora@8.2.0 want: ^0.2.2
1110 silly placeDep ROOT string-width@7.2.0 OK for: ora@8.2.0 want: ^7.2.0
1111 silly placeDep node_modules/ora strip-ansi@7.2.0 OK for: ora@8.2.0 want: ^7.1.0
1112 silly fetch manifest restore-cursor@^5.0.0
1113 silly packumentCache full:https://registry.npmmirror.com/restore-cursor cache-miss
1114 silly fetch manifest is-unicode-supported@^1.3.0
1115 silly packumentCache full:https://registry.npmmirror.com/is-unicode-supported cache-hit
1116 silly fetch manifest emoji-regex@^10.3.0
1117 silly packumentCache full:https://registry.npmmirror.com/emoji-regex cache-miss
1118 silly fetch manifest get-east-asian-width@^1.0.0
1119 silly packumentCache full:https://registry.npmmirror.com/get-east-asian-width cache-miss
1120 silly fetch manifest ansi-regex@^6.2.2
1121 silly packumentCache full:https://registry.npmmirror.com/ansi-regex cache-hit
1122 http cache https://registry.npmmirror.com/restore-cursor 8ms (cache hit)
1123 silly packumentCache full:https://registry.npmmirror.com/restore-cursor set size:15194 disposed:false
1124 http cache https://registry.npmmirror.com/get-east-asian-width 8ms (cache hit)
1125 silly packumentCache full:https://registry.npmmirror.com/get-east-asian-width set size:21589 disposed:false
1126 http cache https://registry.npmmirror.com/emoji-regex 9ms (cache hit)
1127 silly packumentCache full:https://registry.npmmirror.com/emoji-regex set size:78767 disposed:false
1128 silly placeDep ROOT restore-cursor@5.1.0 OK for: cli-cursor@5.0.0 want: ^5.0.0
1129 silly fetch manifest onetime@^7.0.0
1130 silly packumentCache full:https://registry.npmmirror.com/onetime cache-hit
1131 silly placeDep node_modules/log-symbols chalk@5.6.2 OK for: log-symbols@6.0.0 want: ^5.3.0
1132 silly placeDep node_modules/log-symbols is-unicode-supported@1.3.0 OK for: log-symbols@6.0.0 want: ^1.3.0
1133 silly placeDep ROOT error-ex@1.3.4 OK for: parse-json@5.2.0 want: ^1.3.1
1134 silly placeDep ROOT json-parse-even-better-errors@2.3.1 OK for: parse-json@5.2.0 want: ^2.3.0
1135 silly placeDep ROOT lines-and-columns@1.2.4 OK for: parse-json@5.2.0 want: ^1.1.6
1136 silly fetch manifest is-arrayish@^0.2.1
1137 silly packumentCache full:https://registry.npmmirror.com/is-arrayish cache-miss
1138 http cache https://registry.npmmirror.com/is-arrayish 3ms (cache hit)
1139 silly packumentCache full:https://registry.npmmirror.com/is-arrayish set size:14409 disposed:false
1140 silly placeDep ROOT is-arrayish@0.2.1 OK for: error-ex@1.3.4 want: ^0.2.1
1141 silly placeDep node_modules/pkg-up find-up@3.0.0 OK for: pkg-up@3.1.0 want: ^3.0.0
1142 silly fetch manifest locate-path@^3.0.0
1143 silly packumentCache full:https://registry.npmmirror.com/locate-path cache-miss
1144 http cache https://registry.npmmirror.com/locate-path 4ms (cache hit)
1145 silly packumentCache full:https://registry.npmmirror.com/locate-path set size:26579 disposed:false
1146 silly placeDep ROOT cssesc@3.0.0 OK for: postcss-selector-parser@7.1.5 want: ^3.0.0
1147 silly placeDep ROOT util-deprecate@1.0.2 OK for: postcss-selector-parser@7.1.5 want: ^1.0.2
1148 silly placeDep ROOT parse-ms@4.0.0 OK for: pretty-ms@9.3.0 want: ^4.0.0
1149 silly placeDep node_modules/prompts kleur@3.0.3 OK for: prompts@2.4.2 want: ^3.0.3
1150 silly placeDep ROOT sisteransi@1.0.5 OK for: prompts@2.4.2 want: ^1.0.5
1151 silly placeDep ROOT forwarded@0.2.0 OK for: proxy-addr@2.0.7 want: 0.2.0
1152 silly placeDep ROOT ipaddr.js@1.9.1 OK for: proxy-addr@2.0.7 want: 1.9.1
1153 silly placeDep ROOT unpipe@1.0.0 OK for: raw-body@3.0.2 want: ~1.0.0
1154 silly placeDep ROOT ast-types@0.16.1 OK for: recast@0.23.21 want: ^0.16.1
1155 silly placeDep ROOT esprima@4.0.1 OK for: recast@0.23.21 want: ~4.0.0
1156 silly placeDep ROOT source-map@0.6.1 OK for: recast@0.23.21 want: ~0.6.1
1157 silly placeDep ROOT tiny-invariant@1.3.3 OK for: recast@0.23.21 want: ^1.3.3
1158 silly placeDep node_modules/restore-cursor onetime@7.0.0 OK for: restore-cursor@5.1.0 want: ^7.0.0
1159 silly fetch manifest mimic-function@^5.0.0
1160 silly packumentCache full:https://registry.npmmirror.com/mimic-function cache-miss
1161 http cache https://registry.npmmirror.com/mimic-function 4ms (cache hit)
1162 silly packumentCache full:https://registry.npmmirror.com/mimic-function set size:6621 disposed:false
1163 silly placeDep ROOT is-promise@4.0.0 OK for: router@2.2.0 want: ^4.0.0
1164 silly placeDep ROOT path-to-regexp@8.4.2 OK for: router@2.2.0 want: ^8.0.0
1165 silly placeDep ROOT smart-buffer@4.2.0 OK for: socks@2.8.9 want: ^4.2.0
1166 silly placeDep node_modules/string-width emoji-regex@10.6.0 OK for: string-width@7.2.0 want: ^10.3.0
1167 silly placeDep ROOT get-east-asian-width@1.6.0 OK for: string-width@7.2.0 want: ^1.0.0
1168 silly placeDep node_modules/string-width strip-ansi@7.2.0 OK for: string-width@7.2.0 want: ^7.1.0
1169 silly placeDep ROOT get-own-enumerable-keys@1.0.0 OK for: stringify-object@5.0.0 want: ^1.0.0
1170 silly placeDep node_modules/stringify-object is-obj@3.0.0 OK for: stringify-object@5.0.0 want: ^3.0.0
1171 silly placeDep ROOT is-regexp@3.1.0 OK for: stringify-object@5.0.0 want: ^3.1.0
1172 silly placeDep ROOT ansi-regex@5.0.1 OK for: strip-ansi@6.0.1 want: ^5.0.1
1173 silly placeDep ROOT @ts-morph/common@0.27.0 OK for: ts-morph@26.0.0 want: ~0.27.0
1174 silly placeDep ROOT code-block-writer@13.0.3 OK for: ts-morph@26.0.0 want: ^13.0.3
1175 silly fetch manifest minimatch@^10.0.1
1176 silly packumentCache full:https://registry.npmmirror.com/minimatch cache-miss
1177 silly fetch manifest path-browserify@^1.0.1
1178 silly packumentCache full:https://registry.npmmirror.com/path-browserify cache-miss
1179 http cache https://registry.npmmirror.com/minimatch 4ms (cache hit)
1180 silly packumentCache full:https://registry.npmmirror.com/minimatch set size:384934 disposed:false
1181 http cache https://registry.npmmirror.com/path-browserify 6ms (cache hit)
1182 silly packumentCache full:https://registry.npmmirror.com/path-browserify set size:13294 disposed:false
1183 silly placeDep node_modules/@ts-morph/common fast-glob@3.3.3 OK for: @ts-morph/common@0.27.0 want: ^3.3.3
1184 silly placeDep node_modules/@ts-morph/common minimatch@10.2.6 OK for: @ts-morph/common@0.27.0 want: ^10.0.1
1185 silly placeDep ROOT path-browserify@1.0.1 OK for: @ts-morph/common@0.27.0 want: ^1.0.1
1186 silly fetch manifest brace-expansion@^5.0.8
1187 silly packumentCache full:https://registry.npmmirror.com/brace-expansion cache-miss
1188 http cache https://registry.npmmirror.com/brace-expansion 3ms (cache hit)
1189 silly packumentCache full:https://registry.npmmirror.com/brace-expansion set size:105104 disposed:false
1190 silly placeDep node_modules/type-is content-type@2.1.0 OK for: type-is@2.1.0 want: ^2.0.0
1191 silly placeDep ROOT media-typer@1.1.1 OK for: type-is@2.1.0 want: ^1.1.0
1192 silly placeDep ROOT is-wsl@3.1.1 OK for: wsl-utils@1.0.0 want: ^3.1.0
1193 silly placeDep node_modules/wsl-utils powershell-utils@0.1.0 OK for: wsl-utils@1.0.0 want: ^0.1.0
1194 silly placeDep node_modules/@dotenvx/dotenvx get-stream@6.0.1 OK for: execa@5.1.1 want: ^6.0.0
1195 silly placeDep node_modules/@dotenvx/dotenvx human-signals@2.1.0 OK for: execa@5.1.1 want: ^2.1.0
1196 silly placeDep node_modules/@dotenvx/dotenvx is-stream@2.0.1 OK for: execa@5.1.1 want: ^2.0.0
1197 silly placeDep ROOT merge-stream@2.0.0 OK for: execa@5.1.1 want: ^2.0.0
1198 silly placeDep node_modules/@dotenvx/dotenvx npm-run-path@4.0.1 OK for: execa@5.1.1 want: ^4.0.1
1199 silly placeDep node_modules/@dotenvx/dotenvx signal-exit@3.0.7 OK for: execa@5.1.1 want: ^3.0.3
1200 silly placeDep node_modules/@dotenvx/dotenvx strip-final-newline@2.0.0 OK for: execa@5.1.1 want: ^2.0.0
1201 silly placeDep node_modules/@dotenvx/dotenvx define-lazy-prop@2.0.0 OK for: open@8.4.2 want: ^2.0.0
1202 silly placeDep node_modules/@dotenvx/dotenvx is-docker@2.2.1 OK for: open@8.4.2 want: ^2.1.1
1203 silly placeDep node_modules/@dotenvx/dotenvx is-wsl@2.2.0 OK for: open@8.4.2 want: ^2.2.0
1204 silly placeDep node_modules/@dotenvx/dotenvx isexe@3.1.5 OK for: which@4.0.0 want: ^3.1.1
1205 silly placeDep ROOT fast-uri@3.1.5 OK for: ajv@8.20.0 want: ^3.0.1
1206 silly placeDep node_modules/@modelcontextprotocol/sdk json-schema-traverse@1.0.0 OK for: ajv@8.20.0 want: ^1.0.0
1207 silly placeDep ROOT require-from-string@2.0.2 OK for: ajv@8.20.0 want: ^2.0.2
1208 silly placeDep node_modules/@ts-morph/common glob-parent@5.1.2 OK for: fast-glob@3.3.3 want: ^5.1.2
1209 silly placeDep node_modules/@ts-morph/common brace-expansion@5.0.9 OK for: minimatch@10.2.6 want: ^5.0.8
1210 silly fetch manifest balanced-match@^4.0.2
1211 silly packumentCache full:https://registry.npmmirror.com/balanced-match cache-miss
1212 http cache https://registry.npmmirror.com/balanced-match 4ms (cache hit)
1213 silly packumentCache full:https://registry.npmmirror.com/balanced-match set size:36779 disposed:false
1214 silly placeDep node_modules/@ts-morph/common balanced-match@4.0.4 OK for: brace-expansion@5.0.9 want: ^4.0.2
1215 silly placeDep node_modules/ajv-formats json-schema-traverse@1.0.0 OK for: ajv@8.20.0 want: ^1.0.0
1216 silly placeDep node_modules/conf json-schema-traverse@1.0.0 OK for: ajv@8.20.0 want: ^1.0.0
1217 silly placeDep node_modules/ora ansi-regex@6.3.0 OK for: strip-ansi@7.2.0 want: ^6.2.2
1218 silly placeDep node_modules/pkg-up locate-path@3.0.0 OK for: find-up@3.0.0 want: ^3.0.0
1219 silly fetch manifest p-locate@^3.0.0
1220 silly packumentCache full:https://registry.npmmirror.com/p-locate cache-miss
1221 silly fetch manifest path-exists@^3.0.0
1222 silly packumentCache full:https://registry.npmmirror.com/path-exists cache-miss
1223 http cache https://registry.npmmirror.com/path-exists 4ms (cache hit)
1224 silly packumentCache full:https://registry.npmmirror.com/path-exists set size:11480 disposed:false
1225 http cache https://registry.npmmirror.com/p-locate 4ms (cache hit)
1226 silly packumentCache full:https://registry.npmmirror.com/p-locate set size:17694 disposed:false
1227 silly placeDep node_modules/pkg-up p-locate@3.0.0 OK for: locate-path@3.0.0 want: ^3.0.0
1228 silly placeDep node_modules/pkg-up path-exists@3.0.0 OK for: locate-path@3.0.0 want: ^3.0.0
1229 silly fetch manifest p-limit@^2.0.0
1230 silly packumentCache full:https://registry.npmmirror.com/p-limit cache-miss
1231 http cache https://registry.npmmirror.com/p-limit 3ms (cache hit)
1232 silly packumentCache full:https://registry.npmmirror.com/p-limit set size:53290 disposed:false
1233 silly placeDep node_modules/pkg-up p-limit@2.3.0 OK for: p-locate@3.0.0 want: ^2.0.0
1234 silly fetch manifest p-try@^2.0.0
1235 silly packumentCache full:https://registry.npmmirror.com/p-try cache-miss
1236 http cache https://registry.npmmirror.com/p-try 3ms (cache hit)
1237 silly packumentCache full:https://registry.npmmirror.com/p-try set size:10033 disposed:false
1238 silly placeDep ROOT p-try@2.2.0 OK for: p-limit@2.3.0 want: ^2.0.0
1239 silly placeDep ROOT mimic-function@5.0.1 OK for: onetime@7.0.0 want: ^5.0.0
1240 silly placeDep node_modules/shadcn glob-parent@5.1.2 OK for: fast-glob@3.3.3 want: ^5.1.2
1241 silly placeDep node_modules/string-width ansi-regex@6.3.0 OK for: strip-ansi@7.2.0 want: ^6.2.2
1242 silly reify moves {}
1243 silly audit bulk request {
1243 silly audit   '@alloc/quick-lru': [ '5.2.0' ],
1243 silly audit   '@babel/code-frame': [ '7.29.7' ],
1243 silly audit   '@babel/compat-data': [ '7.29.7' ],
1243 silly audit   '@babel/core': [ '7.29.7' ],
1243 silly audit   '@babel/generator': [ '7.29.8' ],
1243 silly audit   '@babel/helper-compilation-targets': [ '7.29.7' ],
1243 silly audit   '@babel/helper-globals': [ '7.29.7' ],
1243 silly audit   '@babel/helper-module-imports': [ '7.29.7' ],
1243 silly audit   '@babel/helper-module-transforms': [ '7.29.7' ],
1243 silly audit   '@babel/helper-string-parser': [ '7.29.7' ],
1243 silly audit   '@babel/helper-validator-identifier': [ '7.29.7' ],
1243 silly audit   '@babel/helper-validator-option': [ '7.29.7' ],
1243 silly audit   '@babel/helpers': [ '7.29.7' ],
1243 silly audit   '@babel/parser': [ '7.29.8' ],
1243 silly audit   '@babel/template': [ '7.29.7' ],
1243 silly audit   '@babel/traverse': [ '7.29.8' ],
1243 silly audit   '@babel/types': [ '7.29.8' ],
1243 silly audit   '@emnapi/core': [ '1.10.0' ],
1243 silly audit   '@emnapi/runtime': [ '1.11.3', '1.10.0' ],
1243 silly audit   '@emnapi/wasi-threads': [ '1.2.1' ],
1243 silly audit   '@eslint-community/eslint-utils': [ '4.10.1', '4.9.1' ],
1243 silly audit   'eslint-visitor-keys': [ '3.4.3', '5.0.1', '4.2.1' ],
1243 silly audit   '@eslint-community/regexpp': [ '4.12.2' ],
1243 silly audit   '@eslint/config-array': [ '0.21.2' ],
1243 silly audit   '@eslint/config-helpers': [ '0.4.2' ],
1243 silly audit   '@eslint/core': [ '0.17.0' ],
1243 silly audit   '@eslint/eslintrc': [ '3.3.6' ],
1243 silly audit   '@eslint/js': [ '9.39.4' ],
1243 silly audit   '@eslint/object-schema': [ '2.1.7' ],
1243 silly audit   '@eslint/plugin-kit': [ '0.4.1' ],
1243 silly audit   '@humanfs/core': [ '0.19.2' ],
1243 silly audit   '@humanfs/node': [ '0.16.8' ],
1243 silly audit   '@humanfs/types': [ '0.15.0' ],
1243 silly audit   '@humanwhocodes/module-importer': [ '1.0.1' ],
1243 silly audit   '@humanwhocodes/retry': [ '0.4.3' ],
1243 silly audit   '@img/colour': [ '1.1.0' ],
1243 silly audit   '@img/sharp-darwin-arm64': [ '0.35.3' ],
1243 silly audit   '@img/sharp-darwin-x64': [ '0.35.3' ],
1243 silly audit   '@img/sharp-freebsd-wasm32': [ '0.35.3' ],
1243 silly audit   '@img/sharp-libvips-darwin-arm64': [ '1.3.2' ],
1243 silly audit   '@img/sharp-libvips-darwin-x64': [ '1.3.2' ],
1243 silly audit   '@img/sharp-libvips-linux-arm': [ '1.3.2' ],
1243 silly audit   '@img/sharp-libvips-linux-arm64': [ '1.3.2' ],
1243 silly audit   '@img/sharp-libvips-linux-ppc64': [ '1.3.2' ],
1243 silly audit   '@img/sharp-libvips-linux-riscv64': [ '1.3.2' ],
1243 silly audit   '@img/sharp-libvips-linux-s390x': [ '1.3.2' ],
1243 silly audit   '@img/sharp-libvips-linux-x64': [ '1.3.2' ],
1243 silly audit   '@img/sharp-libvips-linuxmusl-arm64': [ '1.3.2' ],
1243 silly audit   '@img/sharp-libvips-linuxmusl-x64': [ '1.3.2' ],
1243 silly audit   '@img/sharp-linux-arm': [ '0.35.3' ],
1243 silly audit   '@img/sharp-linux-arm64': [ '0.35.3' ],
1243 silly audit   '@img/sharp-linux-ppc64': [ '0.35.3' ],
1243 silly audit   '@img/sharp-linux-riscv64': [ '0.35.3' ],
1243 silly audit   '@img/sharp-linux-s390x': [ '0.35.3' ],
1243 silly audit   '@img/sharp-linux-x64': [ '0.35.3' ],
1243 silly audit   '@img/sharp-linuxmusl-arm64': [ '0.35.3' ],
1243 silly audit   '@img/sharp-linuxmusl-x64': [ '0.35.3' ],
1243 silly audit   '@img/sharp-wasm32': [ '0.35.3' ],
1243 silly audit   '@img/sharp-webcontainers-wasm32': [ '0.35.3' ],
1243 silly audit   '@img/sharp-win32-arm64': [ '0.35.3' ],
1243 silly audit   '@img/sharp-win32-ia32': [ '0.35.3' ],
1243 silly audit   '@img/sharp-win32-x64': [ '0.35.3' ],
1243 silly audit   '@jridgewell/gen-mapping': [ '0.3.13' ],
1243 silly audit   '@jridgewell/remapping': [ '2.3.5' ],
1243 silly audit   '@jridgewell/resolve-uri': [ '3.1.2' ],
1243 silly audit   '@jridgewell/sourcemap-codec': [ '1.5.5' ],
1243 silly audit   '@jridgewell/trace-mapping': [ '0.3.31' ],
1243 silly audit   '@napi-rs/wasm-runtime': [ '1.2.3' ],
1243 silly audit   '@next/env': [ '16.3.1' ],
1243 silly audit   '@next/eslint-plugin-next': [ '16.3.1' ],
1243 silly audit   '@next/swc-darwin-arm64': [ '16.3.1' ],
1243 silly audit   '@next/swc-darwin-x64': [ '16.3.1' ],
1243 silly audit   '@next/swc-linux-arm64-gnu': [ '16.3.1' ],
1243 silly audit   '@next/swc-linux-arm64-musl': [ '16.3.1' ],
1243 silly audit   '@next/swc-linux-x64-gnu': [ '16.3.1' ],
1243 silly audit   '@next/swc-linux-x64-musl': [ '16.3.1' ],
1243 silly audit   '@next/swc-win32-arm64-msvc': [ '16.3.1' ],
1243 silly audit   '@next/swc-win32-x64-msvc': [ '16.3.1' ],
1243 silly audit   '@nodelib/fs.scandir': [ '2.1.5' ],
1243 silly audit   '@nodelib/fs.stat': [ '2.0.5' ],
1243 silly audit   '@nodelib/fs.walk': [ '1.2.8' ],
1243 silly audit   '@nolyfill/is-core-module': [ '1.0.39' ],
1243 silly audit   '@rtsao/scc': [ '1.1.0' ],
1243 silly audit   '@swc/helpers': [ '0.5.23' ],
1243 silly audit   '@tailwindcss/node': [ '4.3.3' ],
1243 silly audit   '@tailwindcss/oxide': [ '4.3.3' ],
1243 silly audit   '@tailwindcss/oxide-android-arm64': [ '4.3.3' ],
1243 silly audit   '@tailwindcss/oxide-darwin-arm64': [ '4.3.3' ],
1243 silly audit   '@tailwindcss/oxide-darwin-x64': [ '4.3.3' ],
1243 silly audit   '@tailwindcss/oxide-freebsd-x64': [ '4.3.3' ],
1243 silly audit   '@tailwindcss/oxide-linux-arm-gnueabihf': [ '4.3.3' ],
1243 silly audit   '@tailwindcss/oxide-linux-arm64-gnu': [ '4.3.3' ],
1243 silly audit   '@tailwindcss/oxide-linux-arm64-musl': [ '4.3.3' ],
1243 silly audit   '@tailwindcss/oxide-linux-x64-gnu': [ '4.3.3' ],
1243 silly audit   '@tailwindcss/oxide-linux-x64-musl': [ '4.3.3' ],
1243 silly audit   '@tailwindcss/oxide-wasm32-wasi': [ '4.3.3' ],
1243 silly audit   '@tailwindcss/oxide-win32-arm64-msvc': [ '4.3.3' ],
1243 silly audit   '@tailwindcss/oxide-win32-x64-msvc': [ '4.3.3' ],
1243 silly audit   '@tailwindcss/postcss': [ '4.3.3' ],
1243 silly audit   '@tybys/wasm-util': [ '0.10.3' ],
1243 silly audit   '@types/estree': [ '1.0.9' ],
1243 silly audit   '@types/json-schema': [ '7.0.15' ],
1243 silly audit   '@types/json5': [ '0.0.29' ],
1243 silly audit   '@types/node': [ '20.19.43' ],
1243 silly audit   '@types/react': [ '19.2.18' ],
1243 silly audit   '@types/react-dom': [ '19.2.4' ],
1243 silly audit   '@typescript-eslint/eslint-plugin': [ '8.67.0' ],
1243 silly audit   ignore: [ '7.0.6', '5.3.2' ],
1243 silly audit   '@typescript-eslint/parser': [ '8.67.0' ],
1243 silly audit   '@typescript-eslint/project-service': [ '8.67.0' ],
1243 silly audit   '@typescript-eslint/scope-manager': [ '8.67.0' ],
1243 silly audit   '@typescript-eslint/tsconfig-utils': [ '8.67.0' ],
1243 silly audit   '@typescript-eslint/type-utils': [ '8.67.0' ],
1243 silly audit   '@typescript-eslint/types': [ '8.67.0' ],
1243 silly audit   '@typescript-eslint/typescript-estree': [ '8.67.0' ],
1243 silly audit   'balanced-match': [ '4.0.4', '1.0.2' ],
1243 silly audit   'brace-expansion': [ '5.0.9', '1.1.18' ],
1243 silly audit   minimatch: [ '10.2.6', '3.1.5' ],
1243 silly audit   semver: [ '7.8.5', '6.3.1' ],
1243 silly audit   '@typescript-eslint/utils': [ '8.67.0' ],
1243 silly audit   '@typescript-eslint/visitor-keys': [ '8.67.0' ],
1243 silly audit   '@unrs/resolver-binding-android-arm-eabi': [ '1.12.2' ],
1243 silly audit   '@unrs/resolver-binding-android-arm64': [ '1.12.2' ],
1243 silly audit   '@unrs/resolver-binding-darwin-arm64': [ '1.12.2' ],
1243 silly audit   '@unrs/resolver-binding-darwin-x64': [ '1.12.2' ],
1243 silly audit   '@unrs/resolver-binding-freebsd-x64': [ '1.12.2' ],
1243 silly audit   '@unrs/resolver-binding-linux-arm-gnueabihf': [ '1.12.2' ],
1243 silly audit   '@unrs/resolver-binding-linux-arm-musleabihf': [ '1.12.2' ],
1243 silly audit   '@unrs/resolver-binding-linux-arm64-gnu': [ '1.12.2' ],
1243 silly audit   '@unrs/resolver-binding-linux-arm64-musl': [ '1.12.2' ],
1243 silly audit   '@unrs/resolver-binding-linux-loong64-gnu': [ '1.12.2' ],
1243 silly audit   '@unrs/resolver-binding-linux-loong64-musl': [ '1.12.2' ],
1243 silly audit   '@unrs/resolver-binding-linux-ppc64-gnu': [ '1.12.2' ],
1243 silly audit   '@unrs/resolver-binding-linux-riscv64-gnu': [ '1.12.2' ],
1243 silly audit   '@unrs/resolver-binding-linux-riscv64-musl': [ '1.12.2' ],
1243 silly audit   '@unrs/resolver-binding-linux-s390x-gnu': [ '1.12.2' ],
1243 silly audit   '@unrs/resolver-binding-linux-x64-gnu': [ '1.12.2' ],
1243 silly audit   '@unrs/resolver-binding-linux-x64-musl': [ '1.12.2' ],
1243 silly audit   '@unrs/resolver-binding-openharmony-arm64': [ '1.12.2' ],
1243 silly audit   '@unrs/resolver-binding-wasm32-wasi': [ '1.12.2' ],
1243 silly audit   '@unrs/resolver-binding-win32-arm64-msvc': [ '1.12.2' ],
1243 silly audit   '@unrs/resolver-binding-win32-ia32-msvc': [ '1.12.2' ],
1243 silly audit   '@unrs/resolver-binding-win32-x64-msvc': [ '1.12.2' ],
1243 silly audit   acorn: [ '8.18.0' ],
1243 silly audit   'acorn-jsx': [ '5.3.2' ],
1243 silly audit   ajv: [ '6.15.0', '8.20.0' ],
1243 silly audit   'ansi-styles': [ '4.3.0' ],
1243 silly audit   argparse: [ '2.0.1' ],
1243 silly audit   'aria-query': [ '5.3.2' ],
1243 silly audit   'array-buffer-byte-length': [ '1.0.2' ],
1243 silly audit   'array-includes': [ '3.1.9' ],
1243 silly audit   'array.prototype.findlast': [ '1.2.5' ],
1243 silly audit   'array.prototype.findlastindex': [ '1.2.6' ],
1243 silly audit   'array.prototype.flat': [ '1.3.3' ],
1243 silly audit   'array.prototype.flatmap': [ '1.3.3' ],
1243 silly audit   'array.prototype.tosorted': [ '1.1.4' ],
1243 silly audit   'arraybuffer.prototype.slice': [ '1.0.4' ],
1243 silly audit   'ast-types-flow': [ '0.0.8' ],
1243 silly audit   'async-function': [ '1.0.0' ],
1243 silly audit   'available-typed-arrays': [ '1.0.7' ],
1243 silly audit   'axe-core': [ '4.13.0' ],
1243 silly audit   'axobject-query': [ '4.1.0' ],
1243 silly audit   'baseline-browser-mapping': [ '2.11.16' ],
1243 silly audit   braces: [ '3.0.3' ],
1243 silly audit   browserslist: [ '4.28.8' ],
1243 silly audit   'call-bind': [ '1.0.9' ],
1243 silly audit   'call-bind-apply-helpers': [ '1.0.2' ],
1243 silly audit   'call-bound': [ '1.0.4' ],
1243 silly audit   callsites: [ '3.1.0' ],
1243 silly audit   'caniuse-lite': [ '1.0.30001809' ],
1243 silly audit   chalk: [ '4.1.2', '5.6.2' ],
1243 silly audit   'client-only': [ '0.0.1' ],
1243 silly audit   'color-convert': [ '2.0.1' ],
1243 silly audit   'color-name': [ '1.1.4' ],
1243 silly audit   'concat-map': [ '0.0.1' ],
1243 silly audit   'convert-source-map': [ '2.0.0' ],
1243 silly audit   'cross-spawn': [ '7.0.6' ],
1243 silly audit   csstype: [ '3.2.3' ],
1243 silly audit   'damerau-levenshtein': [ '1.0.8' ],
1243 silly audit   'data-view-buffer': [ '1.0.2' ],
1243 silly audit   'data-view-byte-length': [ '1.0.2' ],
1243 silly audit   'data-view-byte-offset': [ '1.0.1' ],
1243 silly audit   debug: [ '4.4.3', '3.2.7' ],
1243 silly audit   'deep-is': [ '0.1.4' ],
1243 silly audit   'define-data-property': [ '1.1.4' ],
1243 silly audit   'define-properties': [ '1.2.1' ],
1243 silly audit   'detect-libc': [ '2.1.2' ],
1243 silly audit   doctrine: [ '2.1.0' ],
1243 silly audit   'dunder-proto': [ '1.0.1' ],
1243 silly audit   'electron-to-chromium': [ '1.5.412' ],
1243 silly audit   'emoji-regex': [ '9.2.2', '10.6.0' ],
1243 silly audit   'enhanced-resolve': [ '5.24.5' ],
1243 silly audit   'es-abstract': [ '1.24.2' ],
1243 silly audit   'es-abstract-get': [ '1.0.0' ],
1243 silly audit   'es-define-property': [ '1.0.1' ],
1243 silly audit   'es-errors': [ '1.3.0' ],
1243 silly audit   'es-iterator-helpers': [ '1.4.0' ],
1243 silly audit   'es-object-atoms': [ '1.1.2' ],
1243 silly audit   'es-set-tostringtag': [ '2.1.0' ],
1243 silly audit   'es-shim-unscopables': [ '1.1.0' ],
1243 silly audit   'es-to-primitive': [ '1.3.4' ],
1243 silly audit   escalade: [ '3.2.0' ],
1243 silly audit   'escape-string-regexp': [ '4.0.0' ],
1243 silly audit   eslint: [ '9.39.4' ],
1243 silly audit   'eslint-config-next': [ '16.3.1' ],
1243 silly audit   globals: [ '16.4.0', '14.0.0' ],
1243 silly audit   'eslint-import-resolver-node': [ '0.3.10' ],
1243 silly audit   'eslint-import-resolver-typescript': [ '3.10.1' ],
1243 silly audit   'eslint-module-utils': [ '2.14.0' ],
1243 silly audit   'eslint-plugin-import': [ '2.32.0' ],
1243 silly audit   'eslint-plugin-jsx-a11y': [ '6.10.2' ],
1243 silly audit   'eslint-plugin-react': [ '7.37.5' ],
1243 silly audit   'eslint-plugin-react-hooks': [ '7.1.1' ],
1243 silly audit   'eslint-scope': [ '8.4.0' ],
1243 silly audit   espree: [ '10.4.0' ],
1243 silly audit   esquery: [ '1.7.0' ],
1243 silly audit   esrecurse: [ '4.3.0' ],
1243 silly audit   estraverse: [ '5.3.0' ],
1243 silly audit   esutils: [ '2.0.3' ],
1243 silly audit   'fast-deep-equal': [ '3.1.3' ],
1243 silly audit   'fast-glob': [ '3.3.1', '3.3.3' ],
1243 silly audit   'glob-parent': [ '5.1.2', '6.0.2' ],
1243 silly audit   'fast-json-stable-stringify': [ '2.1.0' ],
1243 silly audit   'fast-levenshtein': [ '2.0.6' ],
1243 silly audit   fastq: [ '1.20.1' ],
1243 silly audit   'file-entry-cache': [ '8.0.0' ],
1243 silly audit   'fill-range': [ '7.1.1' ],
1243 silly audit   'find-up': [ '5.0.0', '3.0.0' ],
1243 silly audit   'flat-cache': [ '4.0.1' ],
1243 silly audit   flatted: [ '3.4.4' ],
1243 silly audit   'for-each': [ '0.3.5' ],
1243 silly audit   'function-bind': [ '1.1.2' ],
1243 silly audit   'function.prototype.name': [ '1.2.0' ],
1243 silly audit   'functions-have-names': [ '1.2.3' ],
1243 silly audit   'generator-function': [ '2.0.1' ],
1243 silly audit   gensync: [ '1.0.0-beta.2' ],
1243 silly audit   'get-intrinsic': [ '1.3.0' ],
1243 silly audit   'get-proto': [ '1.0.1' ],
1243 silly audit   'get-symbol-description': [ '1.1.0' ],
1243 silly audit   'get-tsconfig': [ '4.14.3' ],
1243 silly audit   globalthis: [ '1.0.4' ],
1243 silly audit   gopd: [ '1.2.0' ],
1243 silly audit   'graceful-fs': [ '4.2.11' ],
1243 silly audit   'has-bigints': [ '1.1.0' ],
1243 silly audit   'has-flag': [ '4.0.0' ],
1243 silly audit   'has-property-descriptors': [ '1.0.2' ],
1243 silly audit   'has-proto': [ '1.2.0' ],
1243 silly audit   'has-symbols': [ '1.1.0' ],
1243 silly audit   'has-tostringtag': [ '1.0.2' ],
1243 silly audit   hasown: [ '2.0.4' ],
1243 silly audit   'hermes-estree': [ '0.25.1' ],
1243 silly audit   'hermes-parser': [ '0.25.1' ],
1243 silly audit   'import-fresh': [ '3.3.1' ],
1243 silly audit   imurmurhash: [ '0.1.4' ],
1243 silly audit   'internal-slot': [ '1.1.0' ],
1243 silly audit   'is-array-buffer': [ '3.0.5' ],
1243 silly audit   'is-async-function': [ '2.1.1' ],
1243 silly audit   'is-bigint': [ '1.1.0' ],
1243 silly audit   'is-boolean-object': [ '1.2.2' ],
1243 silly audit   'is-bun-module': [ '2.0.0' ],
1243 silly audit   'is-callable': [ '1.2.7' ],
1243 silly audit   'is-core-module': [ '2.16.2' ],
1243 silly audit   'is-data-view': [ '1.0.2' ],
1243 silly audit   'is-date-object': [ '1.1.0' ],
1243 silly audit   'is-document.all': [ '1.0.0' ],
1243 silly audit   'is-extglob': [ '2.1.1' ],
1243 silly audit   'is-finalizationregistry': [ '1.1.1' ],
1243 silly audit   'is-generator-function': [ '1.1.2' ],
1243 silly audit   'is-glob': [ '4.0.3' ],
1243 silly audit   'is-map': [ '2.0.3' ],
1243 silly audit   'is-negative-zero': [ '2.0.3' ],
1243 silly audit   'is-number': [ '7.0.0' ],
1243 silly audit   'is-number-object': [ '1.1.1' ],
1243 silly audit   'is-regex': [ '1.2.1' ],
1243 silly audit   'is-set': [ '2.0.3' ],
1243 silly audit   'is-shared-array-buffer': [ '1.0.4' ],
1243 silly audit   'is-string': [ '1.1.1' ],
1243 silly audit   'is-symbol': [ '1.1.1' ],
1243 silly audit   'is-typed-array': [ '1.1.15' ],
1243 silly audit   'is-weakmap': [ '2.0.2' ],
1243 silly audit   'is-weakref': [ '1.1.1' ],
1243 silly audit   'is-weakset': [ '2.0.4' ],
1243 silly audit   isarray: [ '2.0.5' ],
1243 silly audit   isexe: [ '2.0.0', '3.1.5' ],
1243 silly audit   'iterator.prototype': [ '1.1.5' ],
1243 silly audit   jiti: [ '2.7.0' ],
1243 silly audit   'js-tokens': [ '4.0.0' ],
1243 silly audit   'js-yaml': [ '4.3.1' ],
1243 silly audit   jsesc: [ '3.1.0' ],
1243 silly audit   'json-buffer': [ '3.0.1' ],
1243 silly audit   'json-schema-traverse': [ '0.4.1', '1.0.0' ],
1243 silly audit   'json-stable-stringify-without-jsonify': [ '1.0.1' ],
1243 silly audit   json5: [ '2.2.3', '1.0.2' ],
1243 silly audit   'jsx-ast-utils': [ '3.3.5' ],
1243 silly audit   keyv: [ '4.5.4' ],
1243 silly audit   'language-subtag-registry': [ '0.3.23' ],
1243 silly audit   'language-tags': [ '1.0.9' ],
1243 silly audit   levn: [ '0.4.1' ],
1243 silly audit   lightningcss: [ '1.32.0' ],
1243 silly audit   'lightningcss-android-arm64': [ '1.32.0' ],
1243 silly audit   'lightningcss-darwin-arm64': [ '1.32.0' ],
1243 silly audit   'lightningcss-darwin-x64': [ '1.32.0' ],
1243 silly audit   'lightningcss-freebsd-x64': [ '1.32.0' ],
1243 silly audit   'lightningcss-linux-arm-gnueabihf': [ '1.32.0' ],
1243 silly audit   'lightningcss-linux-arm64-gnu': [ '1.32.0' ],
1243 silly audit   'lightningcss-linux-arm64-musl': [ '1.32.0' ],
1243 silly audit   'lightningcss-linux-x64-gnu': [ '1.32.0' ],
1243 silly audit   'lightningcss-linux-x64-musl': [ '1.32.0' ],
1243 silly audit   'lightningcss-win32-arm64-msvc': [ '1.32.0' ],
1243 silly audit   'lightningcss-win32-x64-msvc': [ '1.32.0' ],
1243 silly audit   'locate-path': [ '6.0.0', '3.0.0' ],
1243 silly audit   'lodash.merge': [ '4.6.2' ],
1243 silly audit   'loose-envify': [ '1.4.0' ],
1243 silly audit   'lru-cache': [ '5.1.1' ],
1243 silly audit   'magic-string': [ '0.30.21' ],
1243 silly audit   'math-intrinsics': [ '1.1.0' ],
1243 silly audit   merge2: [ '1.4.1' ],
1243 silly audit   micromatch: [ '4.0.8' ],
1243 silly audit   minimist: [ '1.2.8' ],
1243 silly audit   ms: [ '2.1.3' ],
1243 silly audit   nanoid: [ '3.3.18' ],
1243 silly audit   'napi-postinstall': [ '0.3.4' ],
1243 silly audit   'natural-compare': [ '1.4.0' ],
1243 silly audit   next: [ '16.3.1' ],
1243 silly audit   postcss: [ '8.5.23', '8.5.26' ],
1243 silly audit   'node-exports-info': [ '1.6.2' ],
1243 silly audit   'node-releases': [ '2.0.53' ],
1243 silly audit   'object-assign': [ '4.1.1' ],
1243 silly audit   'object-inspect': [ '1.13.4' ],
1243 silly audit   'object-keys': [ '1.1.1' ],
1243 silly audit   'object.assign': [ '4.1.7' ],
1243 silly audit   'object.entries': [ '1.1.9' ],
1243 silly audit   'object.fromentries': [ '2.0.8' ],
1243 silly audit   'object.groupby': [ '1.0.3' ],
1243 silly audit   'object.values': [ '1.2.1' ],
1243 silly audit   optionator: [ '0.9.4' ],
1243 silly audit   'own-keys': [ '1.0.2' ],
1243 silly audit   'p-limit': [ '3.1.0', '2.3.0' ],
1243 silly audit   'p-locate': [ '5.0.0', '3.0.0' ],
1243 silly audit   'parent-module': [ '1.0.1' ],
1243 silly audit   'path-exists': [ '4.0.0', '3.0.0' ],
1243 silly audit   'path-key': [ '3.1.1', '4.0.0' ],
1243 silly audit   'path-parse': [ '1.0.7' ],
1243 silly audit   picocolors: [ '1.1.1' ],
1243 silly audit   picomatch: [ '2.3.2', '4.0.5' ],
1243 silly audit   'possible-typed-array-names': [ '1.1.0' ],
1243 silly audit   'prelude-ls': [ '1.2.1' ],
1243 silly audit   'prop-types': [ '15.8.1' ],
1243 silly audit   punycode: [ '2.3.1' ],
1243 silly audit   'queue-microtask': [ '1.2.3' ],
1243 silly audit   react: [ '19.2.8' ],
1243 silly audit   'react-dom': [ '19.2.8' ],
1243 silly audit   'react-is': [ '16.13.1' ],
1243 silly audit   'reflect.getprototypeof': [ '1.0.10' ],
1243 silly audit   'regexp.prototype.flags': [ '1.5.4' ],
1243 silly audit   resolve: [ '2.0.0-next.7' ],
1243 silly audit   'resolve-from': [ '4.0.0' ],
1243 silly audit   'resolve-pkg-maps': [ '1.0.0' ],
1243 silly audit   reusify: [ '1.1.0' ],
1243 silly audit   'run-parallel': [ '1.2.0' ],
1243 silly audit   'safe-array-concat': [ '1.1.4' ],
1243 silly audit   'safe-push-apply': [ '1.0.0' ],
1243 silly audit   'safe-regex-test': [ '1.1.0' ],
1243 silly audit   scheduler: [ '0.27.0' ],
1243 silly audit   'set-function-length': [ '1.2.2' ],
1243 silly audit   'set-function-name': [ '2.0.2' ],
1243 silly audit   'set-proto': [ '1.0.0' ],
1243 silly audit   sharp: [ '0.35.3' ],
1243 silly audit   'shebang-command': [ '2.0.0' ],
1243 silly audit   'shebang-regex': [ '3.0.0' ],
1243 silly audit   'side-channel': [ '1.1.1' ],
1243 silly audit   'side-channel-list': [ '1.0.1' ],
1243 silly audit   'side-channel-map': [ '1.0.1' ],
1243 silly audit   'side-channel-weakmap': [ '1.0.2' ],
1243 silly audit   'source-map-js': [ '1.2.1' ],
1243 silly audit   'stable-hash': [ '0.0.5' ],
1243 silly audit   'stop-iteration-iterator': [ '1.1.0' ],
1243 silly audit   'string.prototype.includes': [ '2.0.1' ],
1243 silly audit   'string.prototype.matchall': [ '4.0.12' ],
1243 silly audit   'string.prototype.repeat': [ '1.0.0' ],
1243 silly audit   'string.prototype.trim': [ '1.2.11' ],
1243 silly audit   'string.prototype.trimend': [ '1.0.10' ],
1243 silly audit   'string.prototype.trimstart': [ '1.0.8' ],
1243 silly audit   'strip-bom': [ '3.0.0' ],
1243 silly audit   'strip-json-comments': [ '3.1.1' ],
1243 silly audit   'styled-jsx': [ '5.1.6' ],
1243 silly audit   'supports-color': [ '7.2.0' ],
1243 silly audit   'supports-preserve-symlinks-flag': [ '1.0.0' ],
1243 silly audit   tailwindcss: [ '4.3.3' ],
1243 silly audit   tapable: [ '2.3.3' ],
1243 silly audit   tinyglobby: [ '0.2.17' ],
1243 silly audit   fdir: [ '6.5.0' ],
1243 silly audit   'to-regex-range': [ '5.0.1' ],
1243 silly audit   'ts-api-utils': [ '2.5.0' ],
1243 silly audit   'tsconfig-paths': [ '3.15.0', '4.2.0' ],
1243 silly audit   tslib: [ '2.8.1' ],
1243 silly audit   'type-check': [ '0.4.0' ],
1243 silly audit   'typed-array-buffer': [ '1.0.3' ],
1243 silly audit   'typed-array-byte-length': [ '1.0.3' ],
1243 silly audit   'typed-array-byte-offset': [ '1.0.4' ],
1243 silly audit   'typed-array-length': [ '1.0.8' ],
1243 silly audit   typescript: [ '5.9.3' ],
1243 silly audit   'typescript-eslint': [ '8.67.0' ],
1243 silly audit   'unbox-primitive': [ '1.1.0' ],
1243 silly audit   'undici-types': [ '6.21.0' ],
1243 silly audit   'unrs-resolver': [ '1.12.2' ],
1243 silly audit   'update-browserslist-db': [ '1.3.1' ],
1243 silly audit   'uri-js': [ '4.4.1' ],
1243 silly audit   which: [ '2.0.2', '4.0.0' ],
1243 silly audit   'which-boxed-primitive': [ '1.1.1' ],
1243 silly audit   'which-builtin-type': [ '1.2.1' ],
1243 silly audit   'which-collection': [ '1.0.2' ],
1243 silly audit   'which-typed-array': [ '1.1.22' ],
1243 silly audit   'word-wrap': [ '1.2.5' ],
1243 silly audit   yallist: [ '3.1.1' ],
1243 silly audit   'yocto-queue': [ '0.1.0' ],
1243 silly audit   zod: [ '4.4.3', '3.25.76' ],
1243 silly audit   'zod-validation-error': [ '4.0.2' ],
1243 silly audit   '@base-ui/react': [ '1.7.0' ],
1243 silly audit   'class-variance-authority': [ '0.7.1' ],
1243 silly audit   clsx: [ '2.1.1' ],
1243 silly audit   'lucide-react': [ '1.33.0' ],
1243 silly audit   shadcn: [ '4.18.0' ],
1243 silly audit   'tailwind-merge': [ '3.6.0' ],
1243 silly audit   'tw-animate-css': [ '1.4.0' ],
1243 silly audit   '@babel/runtime': [ '7.29.7' ],
1243 silly audit   '@base-ui/utils': [ '0.3.2' ],
1243 silly audit   '@floating-ui/react-dom': [ '2.1.9' ],
1243 silly audit   '@floating-ui/utils': [ '0.2.12' ],
1243 silly audit   'use-sync-external-store': [ '1.6.0' ],
1243 silly audit   reselect: [ '5.2.0' ],
1243 silly audit   '@floating-ui/dom': [ '1.8.0' ],
1243 silly audit   '@floating-ui/core': [ '1.8.0' ],
1243 silly audit   '@babel/plugin-transform-typescript': [ '7.29.7' ],
1243 silly audit   '@babel/preset-typescript': [ '7.29.7' ],
1243 silly audit   '@dotenvx/dotenvx': [ '1.75.1' ],
1243 silly audit   '@modelcontextprotocol/sdk': [ '1.30.0' ],
1243 silly audit   '@types/validate-npm-package-name': [ '4.0.2' ],
1243 silly audit   commander: [ '14.0.3', '11.1.0' ],
1243 silly audit   cosmiconfig: [ '9.0.2' ],
1243 silly audit   dedent: [ '1.7.2' ],
1243 silly audit   deepmerge: [ '4.3.1' ],
1243 silly audit   diff: [ '8.0.4' ],
1243 silly audit   execa: [ '9.6.1', '5.1.1' ],
1243 silly audit   'fs-extra': [ '11.4.0' ],
1243 silly audit   fuzzysort: [ '3.1.0' ],
1243 silly audit   kleur: [ '4.1.5', '3.0.3' ],
1243 silly audit   open: [ '11.0.1', '8.4.2' ],
1243 silly audit   ora: [ '8.2.0' ],
1243 silly audit   'postcss-selector-parser': [ '7.1.5' ],
1243 silly audit   prompts: [ '2.4.2' ],
1243 silly audit   recast: [ '0.23.21' ],
1243 silly audit   socks: [ '2.8.9' ],
1243 silly audit   'stringify-object': [ '5.0.0' ],
1243 silly audit   'ts-morph': [ '26.0.0' ],
1243 silly audit   undici: [ '7.29.0' ],
1243 silly audit   'validate-npm-package-name': [ '7.0.2' ],
1243 silly audit   'zod-to-json-schema': [ '3.25.2' ],
1243 silly audit   '@babel/helper-annotate-as-pure': [ '7.29.7' ],
1243 silly audit   '@babel/helper-create-class-features-plugin': [ '7.29.7' ],
1243 silly audit   '@babel/helper-plugin-utils': [ '7.29.7' ],
1243 silly audit   '@babel/helper-skip-transparent-expression-wrappers': [ '7.29.7' ],
1243 silly audit   '@babel/plugin-syntax-typescript': [ '7.29.7' ],
1243 silly audit   '@babel/helper-member-expression-to-functions': [ '7.29.7' ],
1243 silly audit   '@babel/helper-optimise-call-expression': [ '7.29.7' ],
1243 silly audit   '@babel/helper-replace-supers': [ '7.29.7' ],
1243 silly audit   '@babel/plugin-syntax-jsx': [ '7.29.7' ],
1243 silly audit   '@babel/plugin-transform-modules-commonjs': [ '7.29.7' ],
1243 silly audit   '@dotenvx/primitives': [ '0.8.0' ],
1243 silly audit   conf: [ '10.2.0' ],
1243 silly audit   dotenv: [ '17.4.2' ],
1243 silly audit   enquirer: [ '2.4.1' ],
1243 silly audit   'env-paths': [ '2.2.1' ],
1243 silly audit   'object-treeify': [ '1.1.33' ],
1243 silly audit   systeminformation: [ '5.33.1' ],
1243 silly audit   'yocto-spinner': [ '1.2.2' ],
1243 silly audit   '@hono/node-server': [ '2.1.1' ],
1243 silly audit   hono: [ '4.13.3' ],
1243 silly audit   'ajv-formats': [ '3.0.1', '2.1.1' ],
1243 silly audit   'content-type': [ '1.0.5', '2.1.0' ],
1243 silly audit   cors: [ '2.8.6' ],
1243 silly audit   eventsource: [ '3.0.7' ],
1243 silly audit   'eventsource-parser': [ '3.1.1' ],
1243 silly audit   express: [ '5.2.1' ],
1243 silly audit   'express-rate-limit': [ '8.6.2' ],
1243 silly audit   jose: [ '6.2.9' ],
1243 silly audit   'json-schema-typed': [ '8.0.2', '7.0.3' ],
1243 silly audit   'pkce-challenge': [ '5.0.1' ],
1243 silly audit   'raw-body': [ '3.0.2' ],
1243 silly audit   atomically: [ '1.7.0' ],
1243 silly audit   'debounce-fn': [ '4.0.0' ],
1243 silly audit   'dot-prop': [ '6.0.1' ],
1243 silly audit   onetime: [ '5.1.2', '7.0.0' ],
1243 silly audit   'pkg-up': [ '3.1.0' ],
1243 silly audit   vary: [ '1.1.2' ],
1243 silly audit   'parse-json': [ '5.2.0' ],
1243 silly audit   'mimic-fn': [ '3.1.0', '2.1.0' ],
1243 silly audit   'is-obj': [ '2.0.0', '3.0.0' ],
1243 silly audit   'ansi-colors': [ '4.1.3' ],
1243 silly audit   'strip-ansi': [ '6.0.1', '7.2.0' ],
1243 silly audit   '@sindresorhus/merge-streams': [ '4.0.0' ],
1243 silly audit   figures: [ '6.1.0' ],
1243 silly audit   'get-stream': [ '9.0.1', '6.0.1' ],
1243 silly audit   'human-signals': [ '8.0.1', '2.1.0' ],
1243 silly audit   'is-plain-obj': [ '4.1.0' ],
1243 silly audit   'is-stream': [ '4.0.1', '2.0.1' ],
1243 silly audit   'npm-run-path': [ '6.0.0', '4.0.1' ],
1243 silly audit   'pretty-ms': [ '9.3.0' ],
1243 silly audit   'signal-exit': [ '4.1.0', '3.0.7' ],
1243 silly audit   'strip-final-newline': [ '4.0.0', '2.0.0' ],
1243 silly audit   yoctocolors: [ '2.2.0' ],
1243 silly audit   accepts: [ '2.0.0' ],
1243 silly audit   'body-parser': [ '2.3.0' ],
1243 silly audit   'content-disposition': [ '1.1.0' ],
1243 silly audit   cookie: [ '0.7.2' ],
1243 silly audit   'cookie-signature': [ '1.2.2' ],
1243 silly audit   depd: [ '2.0.0' ],
1243 silly audit   encodeurl: [ '2.0.0' ],
1243 silly audit   'escape-html': [ '1.0.3' ],
1243 silly audit   etag: [ '1.8.1' ],
1243 silly audit   finalhandler: [ '2.1.1' ],
1243 silly audit   fresh: [ '2.0.0' ],
1243 silly audit   'http-errors': [ '2.0.1' ],
1243 silly audit   'merge-descriptors': [ '2.0.0' ],
1243 silly audit   'mime-types': [ '3.0.2' ],
1243 silly audit   'on-finished': [ '2.4.1' ],
1243 silly audit   once: [ '1.4.0' ],
1243 silly audit   parseurl: [ '1.3.3' ],
1243 silly audit   'proxy-addr': [ '2.0.7' ],
1243 silly audit   qs: [ '6.15.3' ],
1243 silly audit   'range-parser': [ '1.3.0' ],
1243 silly audit   router: [ '2.2.0' ],
1243 silly audit   send: [ '1.2.1' ],
1243 silly audit   'serve-static': [ '2.2.1' ],
1243 silly audit   statuses: [ '2.0.2' ],
1243 silly audit   'type-is': [ '2.1.0' ],
1243 silly audit   negotiator: [ '1.1.0' ],
1243 silly audit   bytes: [ '3.1.2' ],
1243 silly audit   'iconv-lite': [ '0.7.3' ],
1243 silly audit   'ip-address': [ '10.5.0' ],
1243 silly audit   'is-unicode-supported': [ '2.1.0', '1.3.0' ],
1243 silly audit   jsonfile: [ '6.2.1' ],
1243 silly audit   universalify: [ '2.0.1' ],
1243 silly audit   '@sec-ant/readable-stream': [ '0.4.1' ],
1243 silly audit   inherits: [ '2.0.4' ],
1243 silly audit   setprototypeof: [ '1.2.0' ],
1243 silly audit   toidentifier: [ '1.0.1' ],
1243 silly audit   'safer-buffer': [ '2.1.2' ],
1243 silly audit   'mime-db': [ '1.54.0' ],
1243 silly audit   'unicorn-magic': [ '0.3.0' ],
1243 silly audit   'ee-first': [ '1.1.1' ],
1243 silly audit   wrappy: [ '1.0.2' ],
1243 silly audit   'default-browser': [ '5.5.1' ],
1243 silly audit   'define-lazy-prop': [ '3.0.0', '2.0.0' ],
1243 silly audit   'is-in-ssh': [ '1.0.0' ],
1243 silly audit   'is-inside-container': [ '1.0.0' ],
1243 silly audit   'powershell-utils': [ '0.2.0', '0.1.0' ],
1243 silly audit   'wsl-utils': [ '1.0.0' ],
1243 silly audit   'bundle-name': [ '4.1.0' ],
1243 silly audit   'default-browser-id': [ '5.0.1' ],
1243 silly audit   'run-applescript': [ '7.1.0' ],
1243 silly audit   'is-docker': [ '3.0.0', '2.2.1' ],
1243 silly audit   'cli-cursor': [ '5.0.0' ],
1243 silly audit   'cli-spinners': [ '2.9.2' ],
1243 silly audit   'is-interactive': [ '2.0.0' ],
1243 silly audit   'log-symbols': [ '6.0.0' ],
1243 silly audit   'stdin-discarder': [ '0.2.2' ],
1243 silly audit   'string-width': [ '7.2.0' ],
1243 silly audit   'restore-cursor': [ '5.1.0' ],
1243 silly audit   'error-ex': [ '1.3.4' ],
1243 silly audit   'json-parse-even-better-errors': [ '2.3.1' ],
1243 silly audit   'lines-and-columns': [ '1.2.4' ],
1243 silly audit   'is-arrayish': [ '0.2.1' ],
1243 silly audit   cssesc: [ '3.0.0' ],
1243 silly audit   'util-deprecate': [ '1.0.2' ],
1243 silly audit   'parse-ms': [ '4.0.0' ],
1243 silly audit   sisteransi: [ '1.0.5' ],
1243 silly audit   forwarded: [ '0.2.0' ],
1243 silly audit   'ipaddr.js': [ '1.9.1' ],
1243 silly audit   unpipe: [ '1.0.0' ],
1243 silly audit   'ast-types': [ '0.16.1' ],
1243 silly audit   esprima: [ '4.0.1' ],
1243 silly audit   'source-map': [ '0.6.1' ],
1243 silly audit   'tiny-invariant': [ '1.3.3' ],
1243 silly audit   'is-promise': [ '4.0.0' ],
1243 silly audit   'path-to-regexp': [ '8.4.2' ],
1243 silly audit   'smart-buffer': [ '4.2.0' ],
1243 silly audit   'get-east-asian-width': [ '1.6.0' ],
1243 silly audit   'get-own-enumerable-keys': [ '1.0.0' ],
1243 silly audit   'is-regexp': [ '3.1.0' ],
1243 silly audit   'ansi-regex': [ '5.0.1', '6.3.0' ],
1243 silly audit   '@ts-morph/common': [ '0.27.0' ],
1243 silly audit   'code-block-writer': [ '13.0.3' ],
1243 silly audit   'path-browserify': [ '1.0.1' ],
1243 silly audit   'media-typer': [ '1.1.1' ],
1243 silly audit   'is-wsl': [ '3.1.1', '2.2.0' ],
1243 silly audit   'merge-stream': [ '2.0.0' ],
1243 silly audit   'fast-uri': [ '3.1.5' ],
1243 silly audit   'require-from-string': [ '2.0.2' ],
1243 silly audit   'p-try': [ '2.2.0' ],
1243 silly audit   'mimic-function': [ '5.0.1' ]
1243 silly audit }
1244 http fetch POST 404 https://registry.npmmirror.com/-/npm/v1/security/advisories/bulk 23ms
1245 verbose audit error HttpErrorGeneral: 404 Not Found - POST https://registry.npmmirror.com/-/npm/v1/security/advisories/bulk - [NOT_IMPLEMENTED] /-/npm/v1/security/* not implemented yet
1245 verbose audit error     at D:\Program Files\nodejs\node_modules\npm\node_modules\npm-registry-fetch\lib\check-response.js:103:15
1245 verbose audit error     at process.processTicksAndRejections (node:internal/process/task_queues:105:5)
1245 verbose audit error     at async #getReport (D:\Program Files\nodejs\node_modules\npm\node_modules\@npmcli\arborist\lib\audit-report.js:275:19)
1245 verbose audit error     at async AuditReport.run (D:\Program Files\nodejs\node_modules\npm\node_modules\@npmcli\arborist\lib\audit-report.js:100:19) {
1245 verbose audit error   headers: [Object: null prototype] {
1245 verbose audit error     server: [ 'Tengine' ],
1245 verbose audit error     date: [ 'Fri, 21 Aug 2026 13:17:33 GMT' ],
1245 verbose audit error     'content-type': [ 'application/json' ],
1245 verbose audit error     'transfer-encoding': [ 'chunked' ],
1245 verbose audit error     connection: [ 'keep-alive' ],
1245 verbose audit error     'strict-transport-security': [ 'max-age=5184000' ],
1245 verbose audit error     via: [ 'kunlun4.cn9405[,404666]' ],
1245 verbose audit error     'timing-allow-origin': [ '*' ],
1245 verbose audit error     eagleid: [ '6ae3669817873182534988162e' ],
1245 verbose audit error     'x-fetch-attempts': [ '1' ]
1245 verbose audit error   },
1245 verbose audit error   statusCode: 404,
1245 verbose audit error   code: 'E404',
1245 verbose audit error   method: 'POST',
1245 verbose audit error   uri: 'https://registry.npmmirror.com/-/npm/v1/security/advisories/bulk',
1245 verbose audit error   body: {
1245 verbose audit error     error: '[NOT_IMPLEMENTED] /-/npm/v1/security/* not implemented yet'
1245 verbose audit error   },
1245 verbose audit error   pkgid: undefined
1245 verbose audit error }
1246 silly audit error [object Object]
1247 silly audit report null
1248 http cache require-from-string@https://registry.npmmirror.com/require-from-string/-/require-from-string-2.0.2.tgz 0ms (cache hit)
1249 http cache mimic-function@https://registry.npmmirror.com/mimic-function/-/mimic-function-5.0.1.tgz 0ms (cache hit)
1250 http cache p-try@https://registry.npmmirror.com/p-try/-/p-try-2.2.0.tgz 0ms (cache hit)
1251 http cache merge-stream@https://registry.npmmirror.com/merge-stream/-/merge-stream-2.0.0.tgz 0ms (cache hit)
1252 http cache @ts-morph/common@https://registry.npmmirror.com/@ts-morph/common/-/common-0.27.0.tgz 0ms (cache hit)
1253 http cache media-typer@https://registry.npmmirror.com/media-typer/-/media-typer-1.1.1.tgz 0ms (cache hit)
1254 http cache fast-uri@https://registry.npmmirror.com/fast-uri/-/fast-uri-3.1.5.tgz 0ms (cache hit)
1255 http cache is-wsl@https://registry.npmmirror.com/is-wsl/-/is-wsl-3.1.1.tgz 0ms (cache hit)
1256 http cache code-block-writer@https://registry.npmmirror.com/code-block-writer/-/code-block-writer-13.0.3.tgz 0ms (cache hit)
1257 http cache get-own-enumerable-keys@https://registry.npmmirror.com/get-own-enumerable-keys/-/get-own-enumerable-keys-1.0.0.tgz 0ms (cache hit)
1258 http cache is-regexp@https://registry.npmmirror.com/is-regexp/-/is-regexp-3.1.0.tgz 0ms (cache hit)
1259 http cache path-browserify@https://registry.npmmirror.com/path-browserify/-/path-browserify-1.0.1.tgz 0ms (cache hit)
1260 http cache ansi-regex@https://registry.npmmirror.com/ansi-regex/-/ansi-regex-5.0.1.tgz 0ms (cache hit)
1261 http cache get-east-asian-width@https://registry.npmmirror.com/get-east-asian-width/-/get-east-asian-width-1.6.0.tgz 0ms (cache hit)
1262 http cache smart-buffer@https://registry.npmmirror.com/smart-buffer/-/smart-buffer-4.2.0.tgz 0ms (cache hit)
1263 http cache path-to-regexp@https://registry.npmmirror.com/path-to-regexp/-/path-to-regexp-8.4.2.tgz 0ms (cache hit)
1264 http cache esprima@https://registry.npmmirror.com/esprima/-/esprima-4.0.1.tgz 0ms (cache hit)
1265 http cache is-promise@https://registry.npmmirror.com/is-promise/-/is-promise-4.0.0.tgz 0ms (cache hit)
1266 http cache source-map@https://registry.npmmirror.com/source-map/-/source-map-0.6.1.tgz 0ms (cache hit)
1267 http cache ast-types@https://registry.npmmirror.com/ast-types/-/ast-types-0.16.1.tgz 0ms (cache hit)
1268 http cache tiny-invariant@https://registry.npmmirror.com/tiny-invariant/-/tiny-invariant-1.3.3.tgz 0ms (cache hit)
1269 http cache unpipe@https://registry.npmmirror.com/unpipe/-/unpipe-1.0.0.tgz 0ms (cache hit)
1270 http cache forwarded@https://registry.npmmirror.com/forwarded/-/forwarded-0.2.0.tgz 0ms (cache hit)
1271 http cache ipaddr.js@https://registry.npmmirror.com/ipaddr.js/-/ipaddr.js-1.9.1.tgz 0ms (cache hit)
1272 http cache parse-ms@https://registry.npmmirror.com/parse-ms/-/parse-ms-4.0.0.tgz 0ms (cache hit)
1273 http cache util-deprecate@https://registry.npmmirror.com/util-deprecate/-/util-deprecate-1.0.2.tgz 0ms (cache hit)
1274 http cache sisteransi@https://registry.npmmirror.com/sisteransi/-/sisteransi-1.0.5.tgz 0ms (cache hit)
1275 http cache is-arrayish@https://registry.npmmirror.com/is-arrayish/-/is-arrayish-0.2.1.tgz 0ms (cache hit)
1276 http cache lines-and-columns@https://registry.npmmirror.com/lines-and-columns/-/lines-and-columns-1.2.4.tgz 0ms (cache hit)
1277 http cache cssesc@https://registry.npmmirror.com/cssesc/-/cssesc-3.0.0.tgz 0ms (cache hit)
1278 http cache error-ex@https://registry.npmmirror.com/error-ex/-/error-ex-1.3.4.tgz 0ms (cache hit)
1279 http cache string-width@https://registry.npmmirror.com/string-width/-/string-width-7.2.0.tgz 0ms (cache hit)
1280 http cache stdin-discarder@https://registry.npmmirror.com/stdin-discarder/-/stdin-discarder-0.2.2.tgz 0ms (cache hit)
1281 http cache log-symbols@https://registry.npmmirror.com/log-symbols/-/log-symbols-6.0.0.tgz 0ms (cache hit)
1282 http cache json-parse-even-better-errors@https://registry.npmmirror.com/json-parse-even-better-errors/-/json-parse-even-better-errors-2.3.1.tgz 0ms (cache hit)
1283 http cache cli-cursor@https://registry.npmmirror.com/cli-cursor/-/cli-cursor-5.0.0.tgz 0ms (cache hit)
1284 http cache is-docker@https://registry.npmmirror.com/is-docker/-/is-docker-3.0.0.tgz 0ms (cache hit)
1285 http cache is-interactive@https://registry.npmmirror.com/is-interactive/-/is-interactive-2.0.0.tgz 0ms (cache hit)
1286 http cache cli-spinners@https://registry.npmmirror.com/cli-spinners/-/cli-spinners-2.9.2.tgz 0ms (cache hit)
1287 http cache run-applescript@https://registry.npmmirror.com/run-applescript/-/run-applescript-7.1.0.tgz 0ms (cache hit)
1288 http cache default-browser-id@https://registry.npmmirror.com/default-browser-id/-/default-browser-id-5.0.1.tgz 0ms (cache hit)
1289 http cache powershell-utils@https://registry.npmmirror.com/powershell-utils/-/powershell-utils-0.2.0.tgz 0ms (cache hit)
1290 http cache is-in-ssh@https://registry.npmmirror.com/is-in-ssh/-/is-in-ssh-1.0.0.tgz 0ms (cache hit)
1291 http cache restore-cursor@https://registry.npmmirror.com/restore-cursor/-/restore-cursor-5.1.0.tgz 0ms (cache hit)
1292 http cache wsl-utils@https://registry.npmmirror.com/wsl-utils/-/wsl-utils-1.0.0.tgz 0ms (cache hit)
1293 http cache bundle-name@https://registry.npmmirror.com/bundle-name/-/bundle-name-4.1.0.tgz 0ms (cache hit)
1294 http cache is-inside-container@https://registry.npmmirror.com/is-inside-container/-/is-inside-container-1.0.0.tgz 0ms (cache hit)
1295 http cache wrappy@https://registry.npmmirror.com/wrappy/-/wrappy-1.0.2.tgz 0ms (cache hit)
1296 http cache default-browser@https://registry.npmmirror.com/default-browser/-/default-browser-5.5.1.tgz 0ms (cache hit)
1297 http cache ee-first@https://registry.npmmirror.com/ee-first/-/ee-first-1.1.1.tgz 0ms (cache hit)
1298 http cache unicorn-magic@https://registry.npmmirror.com/unicorn-magic/-/unicorn-magic-0.3.0.tgz 0ms (cache hit)
1299 http cache mime-db@https://registry.npmmirror.com/mime-db/-/mime-db-1.54.0.tgz 0ms (cache hit)
1300 http cache safer-buffer@https://registry.npmmirror.com/safer-buffer/-/safer-buffer-2.1.2.tgz 0ms (cache hit)
1301 http cache define-lazy-prop@https://registry.npmmirror.com/define-lazy-prop/-/define-lazy-prop-3.0.0.tgz 0ms (cache hit)
1302 http cache setprototypeof@https://registry.npmmirror.com/setprototypeof/-/setprototypeof-1.2.0.tgz 0ms (cache hit)
1303 http cache inherits@https://registry.npmmirror.com/inherits/-/inherits-2.0.4.tgz 0ms (cache hit)
1304 http cache toidentifier@https://registry.npmmirror.com/toidentifier/-/toidentifier-1.0.1.tgz 0ms (cache hit)
1305 http cache @sec-ant/readable-stream@https://registry.npmmirror.com/@sec-ant/readable-stream/-/readable-stream-0.4.1.tgz 0ms (cache hit)
1306 http cache jsonfile@https://registry.npmmirror.com/jsonfile/-/jsonfile-6.2.1.tgz 0ms (cache hit)
1307 http cache is-unicode-supported@https://registry.npmmirror.com/is-unicode-supported/-/is-unicode-supported-2.1.0.tgz 0ms (cache hit)
1308 http cache ip-address@https://registry.npmmirror.com/ip-address/-/ip-address-10.5.0.tgz 0ms (cache hit)
1309 http cache universalify@https://registry.npmmirror.com/universalify/-/universalify-2.0.1.tgz 0ms (cache hit)
1310 http cache iconv-lite@https://registry.npmmirror.com/iconv-lite/-/iconv-lite-0.7.3.tgz 0ms (cache hit)
1311 http cache type-is@https://registry.npmmirror.com/type-is/-/type-is-2.1.0.tgz 0ms (cache hit)
1312 http cache negotiator@https://registry.npmmirror.com/negotiator/-/negotiator-1.1.0.tgz 0ms (cache hit)
1313 http cache statuses@https://registry.npmmirror.com/statuses/-/statuses-2.0.2.tgz 0ms (cache hit)
1314 http cache bytes@https://registry.npmmirror.com/bytes/-/bytes-3.1.2.tgz 0ms (cache hit)
1315 http cache proxy-addr@https://registry.npmmirror.com/proxy-addr/-/proxy-addr-2.0.7.tgz 0ms (cache hit)
1316 http cache serve-static@https://registry.npmmirror.com/serve-static/-/serve-static-2.2.1.tgz 0ms (cache hit)
1317 http cache router@https://registry.npmmirror.com/router/-/router-2.2.0.tgz 0ms (cache hit)
1318 http cache send@https://registry.npmmirror.com/send/-/send-1.2.1.tgz 0ms (cache hit)
1319 http cache parseurl@https://registry.npmmirror.com/parseurl/-/parseurl-1.3.3.tgz 0ms (cache hit)
1320 http cache qs@https://registry.npmmirror.com/qs/-/qs-6.15.3.tgz 0ms (cache hit)
1321 http cache range-parser@https://registry.npmmirror.com/range-parser/-/range-parser-1.3.0.tgz 0ms (cache hit)
1322 http cache merge-descriptors@https://registry.npmmirror.com/merge-descriptors/-/merge-descriptors-2.0.0.tgz 0ms (cache hit)
1323 http cache on-finished@https://registry.npmmirror.com/on-finished/-/on-finished-2.4.1.tgz 0ms (cache hit)
1324 http cache once@https://registry.npmmirror.com/once/-/once-1.4.0.tgz 0ms (cache hit)
1325 http cache http-errors@https://registry.npmmirror.com/http-errors/-/http-errors-2.0.1.tgz 0ms (cache hit)
1326 http cache fresh@https://registry.npmmirror.com/fresh/-/fresh-2.0.0.tgz 0ms (cache hit)
1327 http cache etag@https://registry.npmmirror.com/etag/-/etag-1.8.1.tgz 0ms (cache hit)
1328 http cache mime-types@https://registry.npmmirror.com/mime-types/-/mime-types-3.0.2.tgz 0ms (cache hit)
1329 http cache finalhandler@https://registry.npmmirror.com/finalhandler/-/finalhandler-2.1.1.tgz 0ms (cache hit)
1330 http cache escape-html@https://registry.npmmirror.com/escape-html/-/escape-html-1.0.3.tgz 0ms (cache hit)
1331 http cache encodeurl@https://registry.npmmirror.com/encodeurl/-/encodeurl-2.0.0.tgz 0ms (cache hit)
1332 http cache cookie-signature@https://registry.npmmirror.com/cookie-signature/-/cookie-signature-1.2.2.tgz 0ms (cache hit)
1333 http cache depd@https://registry.npmmirror.com/depd/-/depd-2.0.0.tgz 0ms (cache hit)
1334 http cache body-parser@https://registry.npmmirror.com/body-parser/-/body-parser-2.3.0.tgz 0ms (cache hit)
1335 http cache content-disposition@https://registry.npmmirror.com/content-disposition/-/content-disposition-1.1.0.tgz 1ms (cache hit)
1336 http cache cookie@https://registry.npmmirror.com/cookie/-/cookie-0.7.2.tgz 0ms (cache hit)
1337 http cache yoctocolors@https://registry.npmmirror.com/yoctocolors/-/yoctocolors-2.2.0.tgz 0ms (cache hit)
1338 http cache strip-final-newline@https://registry.npmmirror.com/strip-final-newline/-/strip-final-newline-4.0.0.tgz 0ms (cache hit)
1339 http cache signal-exit@https://registry.npmmirror.com/signal-exit/-/signal-exit-4.1.0.tgz 0ms (cache hit)
1340 http cache accepts@https://registry.npmmirror.com/accepts/-/accepts-2.0.0.tgz 0ms (cache hit)
1341 http cache is-stream@https://registry.npmmirror.com/is-stream/-/is-stream-4.0.1.tgz 0ms (cache hit)
1342 http cache npm-run-path@https://registry.npmmirror.com/npm-run-path/-/npm-run-path-6.0.0.tgz 0ms (cache hit)
1343 http cache pretty-ms@https://registry.npmmirror.com/pretty-ms/-/pretty-ms-9.3.0.tgz 0ms (cache hit)
1344 http cache figures@https://registry.npmmirror.com/figures/-/figures-6.1.0.tgz 0ms (cache hit)
1345 http cache is-plain-obj@https://registry.npmmirror.com/is-plain-obj/-/is-plain-obj-4.1.0.tgz 0ms (cache hit)
1346 http cache get-stream@https://registry.npmmirror.com/get-stream/-/get-stream-9.0.1.tgz 0ms (cache hit)
1347 http cache human-signals@https://registry.npmmirror.com/human-signals/-/human-signals-8.0.1.tgz 0ms (cache hit)
1348 http cache strip-ansi@https://registry.npmmirror.com/strip-ansi/-/strip-ansi-6.0.1.tgz 0ms (cache hit)
1349 http cache @sindresorhus/merge-streams@https://registry.npmmirror.com/@sindresorhus/merge-streams/-/merge-streams-4.0.0.tgz 0ms (cache hit)
1350 http cache is-obj@https://registry.npmmirror.com/is-obj/-/is-obj-2.0.0.tgz 0ms (cache hit)
1351 http cache mimic-fn@https://registry.npmmirror.com/mimic-fn/-/mimic-fn-3.1.0.tgz 0ms (cache hit)
1352 http cache ansi-colors@https://registry.npmmirror.com/ansi-colors/-/ansi-colors-4.1.3.tgz 0ms (cache hit)
1353 http cache parse-json@https://registry.npmmirror.com/parse-json/-/parse-json-5.2.0.tgz 0ms (cache hit)
1354 http cache onetime@https://registry.npmmirror.com/onetime/-/onetime-5.1.2.tgz 0ms (cache hit)
1355 http cache vary@https://registry.npmmirror.com/vary/-/vary-1.1.2.tgz 0ms (cache hit)
1356 http cache pkg-up@https://registry.npmmirror.com/pkg-up/-/pkg-up-3.1.0.tgz 0ms (cache hit)
1357 http cache dot-prop@https://registry.npmmirror.com/dot-prop/-/dot-prop-6.0.1.tgz 0ms (cache hit)
1358 http cache debounce-fn@https://registry.npmmirror.com/debounce-fn/-/debounce-fn-4.0.0.tgz 0ms (cache hit)
1359 http cache pkce-challenge@https://registry.npmmirror.com/pkce-challenge/-/pkce-challenge-5.0.1.tgz 0ms (cache hit)
1360 http cache atomically@https://registry.npmmirror.com/atomically/-/atomically-1.7.0.tgz 0ms (cache hit)
1361 http cache raw-body@https://registry.npmmirror.com/raw-body/-/raw-body-3.0.2.tgz 0ms (cache hit)
1362 http cache json-schema-typed@https://registry.npmmirror.com/json-schema-typed/-/json-schema-typed-8.0.2.tgz 0ms (cache hit)
1363 http cache jose@https://registry.npmmirror.com/jose/-/jose-6.2.9.tgz 0ms (cache hit)
1364 http cache express@https://registry.npmmirror.com/express/-/express-5.2.1.tgz 0ms (cache hit)
1365 http cache express-rate-limit@https://registry.npmmirror.com/express-rate-limit/-/express-rate-limit-8.6.2.tgz 0ms (cache hit)
1366 http cache eventsource-parser@https://registry.npmmirror.com/eventsource-parser/-/eventsource-parser-3.1.1.tgz 0ms (cache hit)
1367 http cache eventsource@https://registry.npmmirror.com/eventsource/-/eventsource-3.0.7.tgz 0ms (cache hit)
1368 http cache content-type@https://registry.npmmirror.com/content-type/-/content-type-1.0.5.tgz 0ms (cache hit)
1369 http cache cors@https://registry.npmmirror.com/cors/-/cors-2.8.6.tgz 0ms (cache hit)
1370 http cache hono@https://registry.npmmirror.com/hono/-/hono-4.13.3.tgz 0ms (cache hit)
1371 http cache @hono/node-server@https://registry.npmmirror.com/@hono/node-server/-/node-server-2.1.1.tgz 0ms (cache hit)
1372 http cache ajv-formats@https://registry.npmmirror.com/ajv-formats/-/ajv-formats-3.0.1.tgz 0ms (cache hit)
1373 http cache @dotenvx/primitives@https://registry.npmmirror.com/@dotenvx/primitives/-/primitives-0.8.0.tgz 0ms (cache hit)
1374 http cache systeminformation@https://registry.npmmirror.com/systeminformation/-/systeminformation-5.33.1.tgz 0ms (cache hit)
1375 http cache yocto-spinner@https://registry.npmmirror.com/yocto-spinner/-/yocto-spinner-1.2.2.tgz 0ms (cache hit)
1376 http cache object-treeify@https://registry.npmmirror.com/object-treeify/-/object-treeify-1.1.33.tgz 0ms (cache hit)
1377 http cache env-paths@https://registry.npmmirror.com/env-paths/-/env-paths-2.2.1.tgz 0ms (cache hit)
1378 http cache enquirer@https://registry.npmmirror.com/enquirer/-/enquirer-2.4.1.tgz 0ms (cache hit)
1379 http cache conf@https://registry.npmmirror.com/conf/-/conf-10.2.0.tgz 0ms (cache hit)
1380 http cache dotenv@https://registry.npmmirror.com/dotenv/-/dotenv-17.4.2.tgz 0ms (cache hit)
1381 http cache @babel/plugin-syntax-jsx@https://registry.npmmirror.com/@babel/plugin-syntax-jsx/-/plugin-syntax-jsx-7.29.7.tgz 0ms (cache hit)
1382 http cache @babel/plugin-transform-modules-commonjs@https://registry.npmmirror.com/@babel/plugin-transform-modules-commonjs/-/plugin-transform-modules-commonjs-7.29.7.tgz 0ms (cache hit)
1383 http cache @babel/helper-replace-supers@https://registry.npmmirror.com/@babel/helper-replace-supers/-/helper-replace-supers-7.29.7.tgz 0ms (cache hit)
1384 http cache @babel/plugin-syntax-typescript@https://registry.npmmirror.com/@babel/plugin-syntax-typescript/-/plugin-syntax-typescript-7.29.7.tgz 0ms (cache hit)
1385 http cache @babel/helper-member-expression-to-functions@https://registry.npmmirror.com/@babel/helper-member-expression-to-functions/-/helper-member-expression-to-functions-7.29.7.tgz 0ms (cache hit)
1386 http cache @babel/helper-plugin-utils@https://registry.npmmirror.com/@babel/helper-plugin-utils/-/helper-plugin-utils-7.29.7.tgz 0ms (cache hit)
1387 http cache zod-to-json-schema@https://registry.npmmirror.com/zod-to-json-schema/-/zod-to-json-schema-3.25.2.tgz 0ms (cache hit)
1388 http cache @babel/helper-optimise-call-expression@https://registry.npmmirror.com/@babel/helper-optimise-call-expression/-/helper-optimise-call-expression-7.29.7.tgz 0ms (cache hit)
1389 http cache validate-npm-package-name@https://registry.npmmirror.com/validate-npm-package-name/-/validate-npm-package-name-7.0.2.tgz 0ms (cache hit)
1390 http cache @babel/helper-create-class-features-plugin@https://registry.npmmirror.com/@babel/helper-create-class-features-plugin/-/helper-create-class-features-plugin-7.29.7.tgz 0ms (cache hit)
1391 http cache @babel/helper-skip-transparent-expression-wrappers@https://registry.npmmirror.com/@babel/helper-skip-transparent-expression-wrappers/-/helper-skip-transparent-expression-wrappers-7.29.7.tgz 0ms (cache hit)
1392 http cache @babel/helper-annotate-as-pure@https://registry.npmmirror.com/@babel/helper-annotate-as-pure/-/helper-annotate-as-pure-7.29.7.tgz 0ms (cache hit)
1393 http cache undici@https://registry.npmmirror.com/undici/-/undici-7.29.0.tgz 0ms (cache hit)
1394 http cache recast@https://registry.npmmirror.com/recast/-/recast-0.23.21.tgz 0ms (cache hit)
1395 http cache stringify-object@https://registry.npmmirror.com/stringify-object/-/stringify-object-5.0.0.tgz 0ms (cache hit)
1396 http cache ts-morph@https://registry.npmmirror.com/ts-morph/-/ts-morph-26.0.0.tgz 0ms (cache hit)
1397 http cache socks@https://registry.npmmirror.com/socks/-/socks-2.8.9.tgz 0ms (cache hit)
1398 http cache prompts@https://registry.npmmirror.com/prompts/-/prompts-2.4.2.tgz 0ms (cache hit)
1399 http cache postcss-selector-parser@https://registry.npmmirror.com/postcss-selector-parser/-/postcss-selector-parser-7.1.5.tgz 0ms (cache hit)
1400 http cache ora@https://registry.npmmirror.com/ora/-/ora-8.2.0.tgz 0ms (cache hit)
1401 http cache kleur@https://registry.npmmirror.com/kleur/-/kleur-4.1.5.tgz 0ms (cache hit)
1402 http cache fuzzysort@https://registry.npmmirror.com/fuzzysort/-/fuzzysort-3.1.0.tgz 0ms (cache hit)
1403 http cache open@https://registry.npmmirror.com/open/-/open-11.0.1.tgz 0ms (cache hit)
1404 http cache execa@https://registry.npmmirror.com/execa/-/execa-9.6.1.tgz 0ms (cache hit)
1405 http cache diff@https://registry.npmmirror.com/diff/-/diff-8.0.4.tgz 0ms (cache hit)
1406 http cache fs-extra@https://registry.npmmirror.com/fs-extra/-/fs-extra-11.4.0.tgz 0ms (cache hit)
1407 http cache @types/validate-npm-package-name@https://registry.npmmirror.com/@types/validate-npm-package-name/-/validate-npm-package-name-4.0.2.tgz 0ms (cache hit)
1408 http cache @modelcontextprotocol/sdk@https://registry.npmmirror.com/@modelcontextprotocol/sdk/-/sdk-1.30.0.tgz 0ms (cache hit)
1409 http cache deepmerge@https://registry.npmmirror.com/deepmerge/-/deepmerge-4.3.1.tgz 0ms (cache hit)
1410 http cache cosmiconfig@https://registry.npmmirror.com/cosmiconfig/-/cosmiconfig-9.0.2.tgz 0ms (cache hit)
1411 http cache commander@https://registry.npmmirror.com/commander/-/commander-14.0.3.tgz 0ms (cache hit)
1412 http cache @dotenvx/dotenvx@https://registry.npmmirror.com/@dotenvx/dotenvx/-/dotenvx-1.75.1.tgz 0ms (cache hit)
1413 http cache @babel/preset-typescript@https://registry.npmmirror.com/@babel/preset-typescript/-/preset-typescript-7.29.7.tgz 0ms (cache hit)
1414 http cache @floating-ui/core@https://registry.npmmirror.com/@floating-ui/core/-/core-1.8.0.tgz 0ms (cache hit)
1415 http cache @babel/plugin-transform-typescript@https://registry.npmmirror.com/@babel/plugin-transform-typescript/-/plugin-transform-typescript-7.29.7.tgz 0ms (cache hit)
1416 http cache @floating-ui/utils@https://registry.npmmirror.com/@floating-ui/utils/-/utils-0.2.12.tgz 0ms (cache hit)
1417 http cache dedent@https://registry.npmmirror.com/dedent/-/dedent-1.7.2.tgz 0ms (cache hit)
1418 http cache @floating-ui/dom@https://registry.npmmirror.com/@floating-ui/dom/-/dom-1.8.0.tgz 0ms (cache hit)
1419 http cache @base-ui/utils@https://registry.npmmirror.com/@base-ui/utils/-/utils-0.3.2.tgz 0ms (cache hit)
1420 http cache @babel/runtime@https://registry.npmmirror.com/@babel/runtime/-/runtime-7.29.7.tgz 0ms (cache hit)
1421 http cache @floating-ui/react-dom@https://registry.npmmirror.com/@floating-ui/react-dom/-/react-dom-2.1.9.tgz 0ms (cache hit)
1422 http cache reselect@https://registry.npmmirror.com/reselect/-/reselect-5.2.0.tgz 0ms (cache hit)
1423 http cache use-sync-external-store@https://registry.npmmirror.com/use-sync-external-store/-/use-sync-external-store-1.6.0.tgz 0ms (cache hit)
1424 http cache tw-animate-css@https://registry.npmmirror.com/tw-animate-css/-/tw-animate-css-1.4.0.tgz 0ms (cache hit)
1425 http cache shadcn@https://registry.npmmirror.com/shadcn/-/shadcn-4.18.0.tgz 0ms (cache hit)
1426 http cache @base-ui/react@https://registry.npmmirror.com/@base-ui/react/-/react-1.7.0.tgz 0ms (cache hit)
1427 http cache lucide-react@https://registry.npmmirror.com/lucide-react/-/lucide-react-1.33.0.tgz 0ms (cache hit)
1428 http cache class-variance-authority@https://registry.npmmirror.com/class-variance-authority/-/class-variance-authority-0.7.1.tgz 0ms (cache hit)
1429 http cache clsx@https://registry.npmmirror.com/clsx/-/clsx-2.1.1.tgz 0ms (cache hit)
1430 http cache balanced-match@https://registry.npmmirror.com/balanced-match/-/balanced-match-4.0.4.tgz 0ms (cache hit)
1431 http cache brace-expansion@https://registry.npmmirror.com/brace-expansion/-/brace-expansion-5.0.9.tgz 0ms (cache hit)
1432 http cache tailwind-merge@https://registry.npmmirror.com/tailwind-merge/-/tailwind-merge-3.6.0.tgz 0ms (cache hit)
1433 http cache onetime@https://registry.npmmirror.com/onetime/-/onetime-7.0.0.tgz 0ms (cache hit)
1434 http cache ansi-regex@https://registry.npmmirror.com/ansi-regex/-/ansi-regex-6.3.0.tgz 0ms (cache hit)
1435 http cache is-unicode-supported@https://registry.npmmirror.com/is-unicode-supported/-/is-unicode-supported-1.3.0.tgz 0ms (cache hit)
1436 http cache glob-parent@https://registry.npmmirror.com/glob-parent/-/glob-parent-5.1.2.tgz 0ms (cache hit)
1437 http cache minimatch@https://registry.npmmirror.com/minimatch/-/minimatch-10.2.6.tgz 0ms (cache hit)
1438 http cache strip-ansi@https://registry.npmmirror.com/strip-ansi/-/strip-ansi-7.2.0.tgz 0ms (cache hit)
1439 http cache fast-glob@https://registry.npmmirror.com/fast-glob/-/fast-glob-3.3.3.tgz 0ms (cache hit)
1440 http cache emoji-regex@https://registry.npmmirror.com/emoji-regex/-/emoji-regex-10.6.0.tgz 0ms (cache hit)
1441 http cache powershell-utils@https://registry.npmmirror.com/powershell-utils/-/powershell-utils-0.1.0.tgz 0ms (cache hit)
1442 http cache chalk@https://registry.npmmirror.com/chalk/-/chalk-5.6.2.tgz 0ms (cache hit)
1443 http cache content-type@https://registry.npmmirror.com/content-type/-/content-type-2.1.0.tgz 0ms (cache hit)
1444 http cache content-type@https://registry.npmmirror.com/content-type/-/content-type-2.1.0.tgz 0ms (cache hit)
1445 http cache content-type@https://registry.npmmirror.com/content-type/-/content-type-2.1.0.tgz 0ms (cache hit)
1446 http cache path-key@https://registry.npmmirror.com/path-key/-/path-key-4.0.0.tgz 0ms (cache hit)
1447 http cache p-locate@https://registry.npmmirror.com/p-locate/-/p-locate-3.0.0.tgz 0ms (cache hit)
1448 http cache mimic-fn@https://registry.npmmirror.com/mimic-fn/-/mimic-fn-2.1.0.tgz 0ms (cache hit)
1449 http cache locate-path@https://registry.npmmirror.com/locate-path/-/locate-path-3.0.0.tgz 0ms (cache hit)
1450 http cache p-limit@https://registry.npmmirror.com/p-limit/-/p-limit-2.3.0.tgz 0ms (cache hit)
1451 http cache path-exists@https://registry.npmmirror.com/path-exists/-/path-exists-3.0.0.tgz 0ms (cache hit)
1452 http cache find-up@https://registry.npmmirror.com/find-up/-/find-up-3.0.0.tgz 0ms (cache hit)
1453 http cache json-schema-traverse@https://registry.npmmirror.com/json-schema-traverse/-/json-schema-traverse-1.0.0.tgz 0ms (cache hit)
1454 http cache json-schema-typed@https://registry.npmmirror.com/json-schema-typed/-/json-schema-typed-7.0.3.tgz 0ms (cache hit)
1455 http cache ajv@https://registry.npmmirror.com/ajv/-/ajv-8.20.0.tgz 0ms (cache hit)
1456 http cache json-schema-traverse@https://registry.npmmirror.com/json-schema-traverse/-/json-schema-traverse-1.0.0.tgz 0ms (cache hit)
1457 http cache ajv@https://registry.npmmirror.com/ajv/-/ajv-8.20.0.tgz 0ms (cache hit)
1458 http cache kleur@https://registry.npmmirror.com/kleur/-/kleur-3.0.3.tgz 0ms (cache hit)
1459 http cache semver@https://registry.npmmirror.com/semver/-/semver-7.8.5.tgz 0ms (cache hit)
1460 http cache ajv-formats@https://registry.npmmirror.com/ajv-formats/-/ajv-formats-2.1.1.tgz 0ms (cache hit)
1461 http cache is-obj@https://registry.npmmirror.com/is-obj/-/is-obj-3.0.0.tgz 0ms (cache hit)
1462 http cache isexe@https://registry.npmmirror.com/isexe/-/isexe-3.1.5.tgz 0ms (cache hit)
1463 http cache chalk@https://registry.npmmirror.com/chalk/-/chalk-5.6.2.tgz 0ms (cache hit)
1464 http cache ansi-regex@https://registry.npmmirror.com/ansi-regex/-/ansi-regex-6.3.0.tgz 0ms (cache hit)
1465 http cache strip-ansi@https://registry.npmmirror.com/strip-ansi/-/strip-ansi-7.2.0.tgz 0ms (cache hit)
1466 http cache json-schema-traverse@https://registry.npmmirror.com/json-schema-traverse/-/json-schema-traverse-1.0.0.tgz 0ms (cache hit)
1467 http cache ajv@https://registry.npmmirror.com/ajv/-/ajv-8.20.0.tgz 0ms (cache hit)
1468 http cache is-wsl@https://registry.npmmirror.com/is-wsl/-/is-wsl-2.2.0.tgz 0ms (cache hit)
1469 http cache define-lazy-prop@https://registry.npmmirror.com/define-lazy-prop/-/define-lazy-prop-2.0.0.tgz 0ms (cache hit)
1470 http cache npm-run-path@https://registry.npmmirror.com/npm-run-path/-/npm-run-path-4.0.1.tgz 0ms (cache hit)
1471 http cache is-stream@https://registry.npmmirror.com/is-stream/-/is-stream-2.0.1.tgz 0ms (cache hit)
1472 http cache is-docker@https://registry.npmmirror.com/is-docker/-/is-docker-2.2.1.tgz 0ms (cache hit)
1473 http cache human-signals@https://registry.npmmirror.com/human-signals/-/human-signals-2.1.0.tgz 0ms (cache hit)
1474 http cache signal-exit@https://registry.npmmirror.com/signal-exit/-/signal-exit-3.0.7.tgz 0ms (cache hit)
1475 http cache strip-final-newline@https://registry.npmmirror.com/strip-final-newline/-/strip-final-newline-2.0.0.tgz 0ms (cache hit)
1476 http cache get-stream@https://registry.npmmirror.com/get-stream/-/get-stream-6.0.1.tgz 0ms (cache hit)
1477 http cache which@https://registry.npmmirror.com/which/-/which-4.0.0.tgz 0ms (cache hit)
1478 http cache picomatch@https://registry.npmmirror.com/picomatch/-/picomatch-4.0.5.tgz 0ms (cache hit)
1479 http cache zod@https://registry.npmmirror.com/zod/-/zod-3.25.76.tgz 0ms (cache hit)
1480 http cache open@https://registry.npmmirror.com/open/-/open-8.4.2.tgz 0ms (cache hit)
1481 http cache execa@https://registry.npmmirror.com/execa/-/execa-5.1.1.tgz 0ms (cache hit)
1482 http cache fdir@https://registry.npmmirror.com/fdir/-/fdir-6.5.0.tgz 0ms (cache hit)
1483 http cache commander@https://registry.npmmirror.com/commander/-/commander-11.1.0.tgz 0ms (cache hit)
1484 http cache tsconfig-paths@https://registry.npmmirror.com/tsconfig-paths/-/tsconfig-paths-4.2.0.tgz 0ms (cache hit)
1485 http cache glob-parent@https://registry.npmmirror.com/glob-parent/-/glob-parent-5.1.2.tgz 0ms (cache hit)
1486 http cache fast-glob@https://registry.npmmirror.com/fast-glob/-/fast-glob-3.3.3.tgz 0ms (cache hit)
1487 silly tarball no local data for @floating-ui/core@https://registry.npmmirror.com/@floating-ui/core/-/core-1.8.0.tgz. Extracting by manifest.
1488 silly tarball no local data for @floating-ui/utils@https://registry.npmmirror.com/@floating-ui/utils/-/utils-0.2.12.tgz. Extracting by manifest.
1489 silly tarball no local data for @floating-ui/dom@https://registry.npmmirror.com/@floating-ui/dom/-/dom-1.8.0.tgz. Extracting by manifest.
1490 silly tarball no local data for @base-ui/utils@https://registry.npmmirror.com/@base-ui/utils/-/utils-0.3.2.tgz. Extracting by manifest.
1491 silly tarball no local data for @babel/runtime@https://registry.npmmirror.com/@babel/runtime/-/runtime-7.29.7.tgz. Extracting by manifest.
1492 silly tarball no local data for @floating-ui/react-dom@https://registry.npmmirror.com/@floating-ui/react-dom/-/react-dom-2.1.9.tgz. Extracting by manifest.
1493 silly tarball no local data for reselect@https://registry.npmmirror.com/reselect/-/reselect-5.2.0.tgz. Extracting by manifest.
1494 silly tarball no local data for use-sync-external-store@https://registry.npmmirror.com/use-sync-external-store/-/use-sync-external-store-1.6.0.tgz. Extracting by manifest.
1495 silly tarball no local data for tw-animate-css@https://registry.npmmirror.com/tw-animate-css/-/tw-animate-css-1.4.0.tgz. Extracting by manifest.
1496 silly tarball no local data for @base-ui/react@https://registry.npmmirror.com/@base-ui/react/-/react-1.7.0.tgz. Extracting by manifest.
1497 silly tarball no local data for lucide-react@https://registry.npmmirror.com/lucide-react/-/lucide-react-1.33.0.tgz. Extracting by manifest.
1498 silly tarball no local data for class-variance-authority@https://registry.npmmirror.com/class-variance-authority/-/class-variance-authority-0.7.1.tgz. Extracting by manifest.
1499 silly tarball no local data for clsx@https://registry.npmmirror.com/clsx/-/clsx-2.1.1.tgz. Extracting by manifest.
1500 http fetch GET 200 https://cdn.npmmirror.com/packages/%40floating-ui/utils/0.2.12/utils-0.2.12.tgz 377ms (cache miss)
1501 http fetch GET 200 https://cdn.npmmirror.com/packages/class-variance-authority/0.7.1/class-variance-authority-0.7.1.tgz 387ms (cache miss)
1502 http fetch GET 200 https://cdn.npmmirror.com/packages/use-sync-external-store/1.6.0/use-sync-external-store-1.6.0.tgz 391ms (cache miss)
1503 http fetch GET 200 https://cdn.npmmirror.com/packages/tw-animate-css/1.4.0/tw-animate-css-1.4.0.tgz 397ms (cache miss)
1504 http fetch GET 200 https://cdn.npmmirror.com/packages/%40floating-ui/react-dom/2.1.9/react-dom-2.1.9.tgz 406ms (cache miss)
1505 http fetch GET 200 https://cdn.npmmirror.com/packages/clsx/2.1.1/clsx-2.1.1.tgz 406ms (cache miss)
1506 http fetch GET 200 https://cdn.npmmirror.com/packages/%40floating-ui/dom/1.8.0/dom-1.8.0.tgz 474ms (cache miss)
1507 http fetch GET 200 https://cdn.npmmirror.com/packages/%40floating-ui/core/1.8.0/core-1.8.0.tgz 484ms (cache miss)
1508 http fetch GET 200 https://cdn.npmmirror.com/packages/reselect/5.2.0/reselect-5.2.0.tgz 639ms (cache miss)
1509 http fetch GET 200 https://cdn.npmmirror.com/packages/%40base-ui/utils/0.3.2/utils-0.3.2.tgz 943ms (cache miss)
1510 http fetch GET 200 https://cdn.npmmirror.com/packages/%40babel/runtime/7.29.7/runtime-7.29.7.tgz 988ms (cache miss)
1511 http fetch GET 200 https://cdn.npmmirror.com/packages/%40base-ui/react/1.7.0/react-1.7.0.tgz 2996ms (cache miss)
1512 http fetch GET 200 https://cdn.npmmirror.com/packages/lucide-react/1.33.0/lucide-react-1.33.0.tgz 3283ms (cache miss)
1513 silly ADD node_modules/mimic-function
1514 silly ADD node_modules/p-try
1515 silly ADD node_modules/require-from-string
1516 silly ADD node_modules/fast-uri
1517 silly ADD node_modules/merge-stream
1518 silly ADD node_modules/is-wsl
1519 silly ADD node_modules/media-typer
1520 silly ADD node_modules/path-browserify
1521 silly ADD node_modules/code-block-writer
1522 silly ADD node_modules/@ts-morph/common
1523 silly ADD node_modules/@ts-morph/common/node_modules/balanced-match
1524 silly ADD node_modules/@ts-morph/common/node_modules/brace-expansion
1525 silly ADD node_modules/@ts-morph/common/node_modules/glob-parent
1526 silly ADD node_modules/@ts-morph/common/node_modules/minimatch
1527 silly ADD node_modules/@ts-morph/common/node_modules/fast-glob
1528 silly ADD node_modules/ansi-regex
1529 silly ADD node_modules/is-regexp
1530 silly ADD node_modules/get-own-enumerable-keys
1531 silly ADD node_modules/get-east-asian-width
1532 silly ADD node_modules/smart-buffer
1533 silly ADD node_modules/path-to-regexp
1534 silly ADD node_modules/is-promise
1535 silly ADD node_modules/tiny-invariant
1536 silly ADD node_modules/source-map
1537 silly ADD node_modules/esprima
1538 silly ADD node_modules/ast-types
1539 silly ADD node_modules/unpipe
1540 silly ADD node_modules/ipaddr.js
1541 silly ADD node_modules/forwarded
1542 silly ADD node_modules/sisteransi
1543 silly ADD node_modules/parse-ms
1544 silly ADD node_modules/util-deprecate
1545 silly ADD node_modules/cssesc
1546 silly ADD node_modules/is-arrayish
1547 silly ADD node_modules/lines-and-columns
1548 silly ADD node_modules/json-parse-even-better-errors
1549 silly ADD node_modules/error-ex
1550 silly ADD node_modules/restore-cursor
1551 silly ADD node_modules/restore-cursor/node_modules/onetime
1552 silly ADD node_modules/string-width
1553 silly ADD node_modules/string-width/node_modules/ansi-regex
1554 silly ADD node_modules/string-width/node_modules/strip-ansi
1555 silly ADD node_modules/string-width/node_modules/emoji-regex
1556 silly ADD node_modules/stdin-discarder
1557 silly ADD node_modules/log-symbols
1558 silly ADD node_modules/log-symbols/node_modules/is-unicode-supported
1559 silly ADD node_modules/log-symbols/node_modules/chalk
1560 silly ADD node_modules/is-interactive
1561 silly ADD node_modules/cli-spinners
1562 silly ADD node_modules/cli-cursor
1563 silly ADD node_modules/is-docker
1564 silly ADD node_modules/run-applescript
1565 silly ADD node_modules/default-browser-id
1566 silly ADD node_modules/bundle-name
1567 silly ADD node_modules/wsl-utils
1568 silly ADD node_modules/wsl-utils/node_modules/powershell-utils
1569 silly ADD node_modules/powershell-utils
1570 silly ADD node_modules/is-inside-container
1571 silly ADD node_modules/is-in-ssh
1572 silly ADD node_modules/define-lazy-prop
1573 silly ADD node_modules/default-browser
1574 silly ADD node_modules/wrappy
1575 silly ADD node_modules/ee-first
1576 silly ADD node_modules/unicorn-magic
1577 silly ADD node_modules/mime-db
1578 silly ADD node_modules/safer-buffer
1579 silly ADD node_modules/toidentifier
1580 silly ADD node_modules/setprototypeof
1581 silly ADD node_modules/inherits
1582 silly ADD node_modules/@sec-ant/readable-stream
1583 silly ADD node_modules/universalify
1584 silly ADD node_modules/jsonfile
1585 silly ADD node_modules/is-unicode-supported
1586 silly ADD node_modules/ip-address
1587 silly ADD node_modules/iconv-lite
1588 silly ADD node_modules/bytes
1589 silly ADD node_modules/negotiator
1590 silly ADD node_modules/negotiator/node_modules/content-type
1591 silly ADD node_modules/type-is
1592 silly ADD node_modules/type-is/node_modules/content-type
1593 silly ADD node_modules/statuses
1594 silly ADD node_modules/serve-static
1595 silly ADD node_modules/send
1596 silly ADD node_modules/router
1597 silly ADD node_modules/range-parser
1598 silly ADD node_modules/qs
1599 silly ADD node_modules/proxy-addr
1600 silly ADD node_modules/parseurl
1601 silly ADD node_modules/once
1602 silly ADD node_modules/on-finished
1603 silly ADD node_modules/mime-types
1604 silly ADD node_modules/merge-descriptors
1605 silly ADD node_modules/http-errors
1606 silly ADD node_modules/fresh
1607 silly ADD node_modules/finalhandler
1608 silly ADD node_modules/etag
1609 silly ADD node_modules/escape-html
1610 silly ADD node_modules/encodeurl
1611 silly ADD node_modules/depd
1612 silly ADD node_modules/cookie-signature
1613 silly ADD node_modules/cookie
1614 silly ADD node_modules/content-disposition
1615 silly ADD node_modules/body-parser
1616 silly ADD node_modules/body-parser/node_modules/content-type
1617 silly ADD node_modules/accepts
1618 silly ADD node_modules/yoctocolors
1619 silly ADD node_modules/strip-final-newline
1620 silly ADD node_modules/signal-exit
1621 silly ADD node_modules/pretty-ms
1622 silly ADD node_modules/npm-run-path
1623 silly ADD node_modules/npm-run-path/node_modules/path-key
1624 silly ADD node_modules/is-stream
1625 silly ADD node_modules/is-plain-obj
1626 silly ADD node_modules/human-signals
1627 silly ADD node_modules/get-stream
1628 silly ADD node_modules/figures
1629 silly ADD node_modules/@sindresorhus/merge-streams
1630 silly ADD node_modules/strip-ansi
1631 silly ADD node_modules/ansi-colors
1632 silly ADD node_modules/is-obj
1633 silly ADD node_modules/mimic-fn
1634 silly ADD node_modules/parse-json
1635 silly ADD node_modules/vary
1636 silly ADD node_modules/pkg-up
1637 silly ADD node_modules/pkg-up/node_modules/p-limit
1638 silly ADD node_modules/pkg-up/node_modules/path-exists
1639 silly ADD node_modules/pkg-up/node_modules/p-locate
1640 silly ADD node_modules/pkg-up/node_modules/locate-path
1641 silly ADD node_modules/pkg-up/node_modules/find-up
1642 silly ADD node_modules/onetime
1643 silly ADD node_modules/onetime/node_modules/mimic-fn
1644 silly ADD node_modules/dot-prop
1645 silly ADD node_modules/debounce-fn
1646 silly ADD node_modules/atomically
1647 silly ADD node_modules/raw-body
1648 silly ADD node_modules/pkce-challenge
1649 silly ADD node_modules/json-schema-typed
1650 silly ADD node_modules/jose
1651 silly ADD node_modules/express-rate-limit
1652 silly ADD node_modules/express
1653 silly ADD node_modules/eventsource-parser
1654 silly ADD node_modules/eventsource
1655 silly ADD node_modules/cors
1656 silly ADD node_modules/content-type
1657 silly ADD node_modules/ajv-formats
1658 silly ADD node_modules/ajv-formats/node_modules/json-schema-traverse
1659 silly ADD node_modules/ajv-formats/node_modules/ajv
1660 silly ADD node_modules/hono
1661 silly ADD node_modules/@hono/node-server
1662 silly ADD node_modules/yocto-spinner
1663 silly ADD node_modules/systeminformation
1664 silly ADD node_modules/object-treeify
1665 silly ADD node_modules/env-paths
1666 silly ADD node_modules/enquirer
1667 silly ADD node_modules/dotenv
1668 silly ADD node_modules/conf
1669 silly ADD node_modules/conf/node_modules/json-schema-traverse
1670 silly ADD node_modules/conf/node_modules/semver
1671 silly ADD node_modules/conf/node_modules/json-schema-typed
1672 silly ADD node_modules/conf/node_modules/ajv-formats
1673 silly ADD node_modules/conf/node_modules/ajv
1674 silly ADD node_modules/@dotenvx/primitives
1675 silly ADD node_modules/@babel/plugin-transform-modules-commonjs
1676 silly ADD node_modules/@babel/plugin-syntax-jsx
1677 silly ADD node_modules/@babel/helper-replace-supers
1678 silly ADD node_modules/@babel/helper-optimise-call-expression
1679 silly ADD node_modules/@babel/helper-member-expression-to-functions
1680 silly ADD node_modules/@babel/plugin-syntax-typescript
1681 silly ADD node_modules/@babel/helper-skip-transparent-expression-wrappers
1682 silly ADD node_modules/@babel/helper-plugin-utils
1683 silly ADD node_modules/@babel/helper-create-class-features-plugin
1684 silly ADD node_modules/@babel/helper-annotate-as-pure
1685 silly ADD node_modules/zod-to-json-schema
1686 silly ADD node_modules/validate-npm-package-name
1687 silly ADD node_modules/undici
1688 silly ADD node_modules/ts-morph
1689 silly ADD node_modules/stringify-object
1690 silly ADD node_modules/stringify-object/node_modules/is-obj
1691 silly ADD node_modules/socks
1692 silly ADD node_modules/recast
1693 silly ADD node_modules/prompts
1694 silly ADD node_modules/prompts/node_modules/kleur
1695 silly ADD node_modules/postcss-selector-parser
1696 silly ADD node_modules/ora
1697 silly ADD node_modules/ora/node_modules/ansi-regex
1698 silly ADD node_modules/ora/node_modules/strip-ansi
1699 silly ADD node_modules/ora/node_modules/chalk
1700 silly ADD node_modules/open
1701 silly ADD node_modules/kleur
1702 silly ADD node_modules/fuzzysort
1703 silly ADD node_modules/fs-extra
1704 silly ADD node_modules/execa
1705 silly ADD node_modules/diff
1706 silly ADD node_modules/deepmerge
1707 silly ADD node_modules/dedent
1708 silly ADD node_modules/cosmiconfig
1709 silly ADD node_modules/commander
1710 silly ADD node_modules/@types/validate-npm-package-name
1711 silly ADD node_modules/@modelcontextprotocol/sdk
1712 silly ADD node_modules/@modelcontextprotocol/sdk/node_modules/json-schema-traverse
1713 silly ADD node_modules/@modelcontextprotocol/sdk/node_modules/ajv
1714 silly ADD node_modules/@dotenvx/dotenvx
1715 silly ADD node_modules/@dotenvx/dotenvx/node_modules/isexe
1716 silly ADD node_modules/@dotenvx/dotenvx/node_modules/is-wsl
1717 silly ADD node_modules/@dotenvx/dotenvx/node_modules/is-docker
1718 silly ADD node_modules/@dotenvx/dotenvx/node_modules/define-lazy-prop
1719 silly ADD node_modules/@dotenvx/dotenvx/node_modules/strip-final-newline
1720 silly ADD node_modules/@dotenvx/dotenvx/node_modules/signal-exit
1721 silly ADD node_modules/@dotenvx/dotenvx/node_modules/npm-run-path
1722 silly ADD node_modules/@dotenvx/dotenvx/node_modules/is-stream
1723 silly ADD node_modules/@dotenvx/dotenvx/node_modules/human-signals
1724 silly ADD node_modules/@dotenvx/dotenvx/node_modules/get-stream
1725 silly ADD node_modules/@dotenvx/dotenvx/node_modules/which
1726 silly ADD node_modules/@dotenvx/dotenvx/node_modules/open
1727 silly ADD node_modules/@dotenvx/dotenvx/node_modules/picomatch
1728 silly ADD node_modules/@dotenvx/dotenvx/node_modules/fdir
1729 silly ADD node_modules/@dotenvx/dotenvx/node_modules/execa
1730 silly ADD node_modules/@dotenvx/dotenvx/node_modules/commander
1731 silly ADD node_modules/@babel/preset-typescript
1732 silly ADD node_modules/@babel/plugin-transform-typescript
1733 silly ADD node_modules/@floating-ui/core
1734 silly ADD node_modules/@floating-ui/dom
1735 silly ADD node_modules/reselect
1736 silly ADD node_modules/use-sync-external-store
1737 silly ADD node_modules/@floating-ui/utils
1738 silly ADD node_modules/@floating-ui/react-dom
1739 silly ADD node_modules/@base-ui/utils
1740 silly ADD node_modules/@babel/runtime
1741 silly ADD node_modules/tw-animate-css
1742 silly ADD node_modules/tailwind-merge
1743 silly ADD node_modules/shadcn
1744 silly ADD node_modules/shadcn/node_modules/glob-parent
1745 silly ADD node_modules/shadcn/node_modules/zod
1746 silly ADD node_modules/shadcn/node_modules/tsconfig-paths
1747 silly ADD node_modules/shadcn/node_modules/fast-glob
1748 silly ADD node_modules/lucide-react
1749 silly ADD node_modules/clsx
1750 silly ADD node_modules/class-variance-authority
1751 silly ADD node_modules/@base-ui/react
1752 verbose cwd E:\WROKSPACE\fe\fullstack\ai-next\my-app
1753 verbose os Windows_NT 10.0.26200
1754 verbose node v24.9.0
1755 verbose npm  v11.6.0
1756 verbose exit 0
1757 info ok
