0 verbose cli D:\Program Files\nodejs\node.exe D:\Program Files\nodejs\node_modules\npm\bin\npm-cli.js
1 info using npm@11.6.0
2 info using node@v24.9.0
3 silly config load:file:D:\Program Files\nodejs\node_modules\npm\npmrc
4 silly config load:file:E:\WROKSPACE\fe\fullstack\ai-next\my-app\.npmrc
5 silly config load:file:C:\Users\Lenovo\.npmrc
6 silly config load:file:C:\Users\Lenovo\AppData\Roaming\npm\etc\npmrc
7 verbose title npm exec shadcn@latest init -d
8 verbose argv "exec" "--yes" "--" "shadcn@latest" "init" "-d"
9 verbose logfile logs-max:10 dir:E:\WROKSPACE\fe\fullstack\ai-next\my-app\.npm-cache\_logs\2026-08-21T13_17_01_360Z-
10 verbose logfile E:\WROKSPACE\fe\fullstack\ai-next\my-app\.npm-cache\_logs\2026-08-21T13_17_01_360Z-debug-0.log
11 silly logfile done cleaning log files
12 silly packumentCache heap:4496293888 maxSize:1124073472 maxEntrySize:562036736
13 http fetch GET 200 https://registry.npmmirror.com/npm 148ms
14 http fetch GET 200 https://registry.npmmirror.com/shadcn 247ms (cache miss)
15 silly packumentCache heap:4496293888 maxSize:1124073472 maxEntrySize:562036736
16 silly packumentCache heap:4496293888 maxSize:1124073472 maxEntrySize:562036736
17 silly idealTree buildDeps
18 silly fetch manifest shadcn@4.18.0
19 silly packumentCache full:https://registry.npmmirror.com/shadcn cache-miss
20 http fetch GET 200 https://registry.npmmirror.com/shadcn 30ms (cache miss)
21 silly packumentCache full:https://registry.npmmirror.com/shadcn set size:138193 disposed:false
22 silly placeDep ROOT shadcn@4.18.0 OK for:  want: 4.18.0
23 silly fetch manifest ora@^8.2.0
24 silly packumentCache full:https://registry.npmmirror.com/ora cache-miss
25 silly fetch manifest zod@^3.24.1
26 silly packumentCache full:https://registry.npmmirror.com/zod cache-miss
27 silly fetch manifest diff@^8.0.2
28 silly packumentCache full:https://registry.npmmirror.com/diff cache-miss
29 silly fetch manifest open@^11.0.0
30 silly packumentCache full:https://registry.npmmirror.com/open cache-miss
31 silly fetch manifest execa@^9.6.0
32 silly packumentCache full:https://registry.npmmirror.com/execa cache-miss
33 silly fetch manifest kleur@^4.1.5
34 silly packumentCache full:https://registry.npmmirror.com/kleur cache-miss
35 silly fetch manifest socks@^2.8.8
36 silly packumentCache full:https://registry.npmmirror.com/socks cache-miss
37 silly fetch manifest dedent@^1.6.0
38 silly packumentCache full:https://registry.npmmirror.com/dedent cache-miss
39 silly fetch manifest recast@^0.23.11
40 silly packumentCache full:https://registry.npmmirror.com/recast cache-miss
41 silly fetch manifest undici@^7.27.2
42 silly packumentCache full:https://registry.npmmirror.com/undici cache-miss
43 silly fetch manifest postcss@^8.5.6
44 silly packumentCache full:https://registry.npmmirror.com/postcss cache-miss
45 silly fetch manifest prompts@^2.4.2
46 silly packumentCache full:https://registry.npmmirror.com/prompts cache-miss
47 silly fetch manifest fs-extra@^11.3.1
48 silly packumentCache full:https://registry.npmmirror.com/fs-extra cache-miss
49 silly fetch manifest ts-morph@^26.0.0
50 silly packumentCache full:https://registry.npmmirror.com/ts-morph cache-miss
51 silly fetch manifest commander@^14.0.0
52 silly packumentCache full:https://registry.npmmirror.com/commander cache-miss
53 silly fetch manifest deepmerge@^4.3.1
54 silly packumentCache full:https://registry.npmmirror.com/deepmerge cache-miss
55 silly fetch manifest fast-glob@^3.3.3
56 silly packumentCache full:https://registry.npmmirror.com/fast-glob cache-miss
57 silly fetch manifest fuzzysort@^3.1.0
58 silly packumentCache full:https://registry.npmmirror.com/fuzzysort cache-miss
59 silly fetch manifest @babel/core@^7.28.0
60 silly packumentCache full:https://registry.npmmirror.com/@babel%2fcore cache-miss
61 silly fetch manifest cosmiconfig@^9.0.0
62 silly packumentCache full:https://registry.npmmirror.com/cosmiconfig cache-miss
63 silly fetch manifest browserslist@^4.26.2
64 silly packumentCache full:https://registry.npmmirror.com/browserslist cache-miss
65 silly fetch manifest @babel/parser@^7.28.0
66 silly packumentCache full:https://registry.npmmirror.com/@babel%2fparser cache-miss
67 silly fetch manifest tailwind-merge@^3.0.1
68 silly packumentCache full:https://registry.npmmirror.com/tailwind-merge cache-miss
69 silly fetch manifest tsconfig-paths@^4.2.0
70 silly packumentCache full:https://registry.npmmirror.com/tsconfig-paths cache-miss
71 silly fetch manifest @dotenvx/dotenvx@^1.48.4
72 silly packumentCache full:https://registry.npmmirror.com/@dotenvx%2fdotenvx cache-miss
73 silly fetch manifest stringify-object@^5.0.0
74 silly packumentCache full:https://registry.npmmirror.com/stringify-object cache-miss
75 silly fetch manifest zod-to-json-schema@^3.24.6
76 silly packumentCache full:https://registry.npmmirror.com/zod-to-json-schema cache-miss
77 silly fetch manifest postcss-selector-parser@^7.1.0
78 silly packumentCache full:https://registry.npmmirror.com/postcss-selector-parser cache-miss
79 silly fetch manifest @babel/preset-typescript@^7.27.1
80 silly packumentCache full:https://registry.npmmirror.com/@babel%2fpreset-typescript cache-miss
81 http fetch GET 200 https://registry.npmmirror.com/ora 25ms (cache miss)
82 silly packumentCache full:https://registry.npmmirror.com/ora set size:27349 disposed:false
83 silly fetch manifest @modelcontextprotocol/sdk@^1.26.0
84 silly packumentCache full:https://registry.npmmirror.com/@modelcontextprotocol%2fsdk cache-miss
85 http fetch GET 200 https://registry.npmmirror.com/zod 69ms (cache miss)
86 silly packumentCache full:https://registry.npmmirror.com/zod set size:484078 disposed:false
87 silly fetch manifest validate-npm-package-name@^7.0.1
88 silly packumentCache full:https://registry.npmmirror.com/validate-npm-package-name cache-miss
89 http fetch GET 200 https://registry.npmmirror.com/kleur 116ms (cache miss)
90 silly packumentCache full:https://registry.npmmirror.com/kleur set size:10711 disposed:false
91 silly fetch manifest @types/validate-npm-package-name@^4.0.2
92 silly packumentCache full:https://registry.npmmirror.com/@types%2fvalidate-npm-package-name cache-miss
93 http fetch GET 200 https://registry.npmmirror.com/deepmerge 116ms (cache miss)
94 silly packumentCache full:https://registry.npmmirror.com/deepmerge set size:18068 disposed:false
95 silly fetch manifest @babel/plugin-transform-typescript@^7.28.0
96 silly packumentCache full:https://registry.npmmirror.com/@babel%2fplugin-transform-typescript cache-miss
97 http fetch GET 200 https://registry.npmmirror.com/open 119ms (cache miss)
98 silly packumentCache full:https://registry.npmmirror.com/open set size:23772 disposed:false
99 http fetch GET 200 https://registry.npmmirror.com/fuzzysort 119ms (cache miss)
100 silly packumentCache full:https://registry.npmmirror.com/fuzzysort set size:21913 disposed:false
101 http fetch GET 200 https://registry.npmmirror.com/diff 122ms (cache miss)
102 silly packumentCache full:https://registry.npmmirror.com/diff set size:39411 disposed:false
103 http fetch GET 200 https://registry.npmmirror.com/fast-glob 121ms (cache miss)
104 silly packumentCache full:https://registry.npmmirror.com/fast-glob set size:33565 disposed:false
105 http fetch GET 200 https://registry.npmmirror.com/socks 124ms (cache miss)
106 silly packumentCache full:https://registry.npmmirror.com/socks set size:28909 disposed:false
107 http fetch GET 200 https://registry.npmmirror.com/fs-extra 127ms (cache miss)
108 silly packumentCache full:https://registry.npmmirror.com/fs-extra set size:39532 disposed:false
109 http fetch GET 200 https://registry.npmmirror.com/commander 132ms (cache miss)
110 silly packumentCache full:https://registry.npmmirror.com/commander set size:62667 disposed:false
111 http fetch GET 200 https://registry.npmmirror.com/cosmiconfig 134ms (cache miss)
112 silly packumentCache full:https://registry.npmmirror.com/cosmiconfig set size:41779 disposed:false
113 http fetch GET 200 https://registry.npmmirror.com/recast 138ms (cache miss)
114 silly packumentCache full:https://registry.npmmirror.com/recast set size:85217 disposed:false
115 http fetch GET 200 https://registry.npmmirror.com/@babel%2fparser 144ms (cache miss)
116 silly packumentCache full:https://registry.npmmirror.com/@babel%2fparser set size:110451 disposed:false
117 http fetch GET 200 https://registry.npmmirror.com/tsconfig-paths 150ms (cache miss)
118 silly packumentCache full:https://registry.npmmirror.com/tsconfig-paths set size:31311 disposed:false
119 http fetch GET 200 https://registry.npmmirror.com/execa 157ms (cache miss)
120 silly packumentCache full:https://registry.npmmirror.com/execa set size:33882 disposed:false
121 http fetch GET 200 https://registry.npmmirror.com/browserslist 158ms (cache miss)
122 silly packumentCache full:https://registry.npmmirror.com/browserslist set size:77478 disposed:false
123 http fetch GET 200 https://registry.npmmirror.com/dedent 163ms (cache miss)
124 silly packumentCache full:https://registry.npmmirror.com/dedent set size:15013 disposed:false
125 http fetch GET 200 https://registry.npmmirror.com/prompts 165ms (cache miss)
126 silly packumentCache full:https://registry.npmmirror.com/prompts set size:18712 disposed:false
127 http fetch GET 200 https://registry.npmmirror.com/stringify-object 168ms (cache miss)
128 silly packumentCache full:https://registry.npmmirror.com/stringify-object set size:12875 disposed:false
129 http fetch GET 200 https://registry.npmmirror.com/@babel%2fcore 170ms (cache miss)
130 silly packumentCache full:https://registry.npmmirror.com/@babel%2fcore set size:112087 disposed:false
131 http fetch GET 200 https://registry.npmmirror.com/postcss-selector-parser 179ms (cache miss)
132 silly packumentCache full:https://registry.npmmirror.com/postcss-selector-parser set size:31508 disposed:false
133 http fetch GET 200 https://registry.npmmirror.com/ts-morph 184ms (cache miss)
134 silly packumentCache full:https://registry.npmmirror.com/ts-morph set size:58339 disposed:false
135 http fetch GET 200 https://registry.npmmirror.com/zod-to-json-schema 185ms (cache miss)
136 silly packumentCache full:https://registry.npmmirror.com/zod-to-json-schema set size:69383 disposed:false
137 http fetch GET 200 https://registry.npmmirror.com/@babel%2fpreset-typescript 190ms (cache miss)
138 silly packumentCache full:https://registry.npmmirror.com/@babel%2fpreset-typescript set size:45748 disposed:false
139 http fetch GET 200 https://registry.npmmirror.com/validate-npm-package-name 116ms (cache miss)
140 silly packumentCache full:https://registry.npmmirror.com/validate-npm-package-name set size:11903 disposed:false
141 http fetch GET 200 https://registry.npmmirror.com/@modelcontextprotocol%2fsdk 175ms (cache miss)
142 silly packumentCache full:https://registry.npmmirror.com/@modelcontextprotocol%2fsdk set size:44011 disposed:false
143 http fetch GET 200 https://registry.npmmirror.com/@types%2fvalidate-npm-package-name 88ms (cache miss)
144 silly packumentCache full:https://registry.npmmirror.com/@types%2fvalidate-npm-package-name set size:4415 disposed:false
145 http fetch GET 200 https://registry.npmmirror.com/@dotenvx%2fdotenvx 228ms (cache miss)
146 silly packumentCache full:https://registry.npmmirror.com/@dotenvx%2fdotenvx set size:156091 disposed:false
147 http fetch GET 200 https://registry.npmmirror.com/postcss 241ms (cache miss)
148 silly packumentCache full:https://registry.npmmirror.com/postcss set size:103137 disposed:false
149 http fetch GET 200 https://registry.npmmirror.com/undici 250ms (cache miss)
150 silly packumentCache full:https://registry.npmmirror.com/undici set size:205796 disposed:false
151 http fetch GET 200 https://registry.npmmirror.com/@babel%2fplugin-transform-typescript 138ms (cache miss)
152 silly packumentCache full:https://registry.npmmirror.com/@babel%2fplugin-transform-typescript set size:67469 disposed:false
153 http fetch GET 200 https://registry.npmmirror.com/tailwind-merge 266ms (cache miss)
154 silly packumentCache full:https://registry.npmmirror.com/tailwind-merge set size:271212 disposed:false
155 silly fetch manifest babel-plugin-macros@^3.1.0
156 silly packumentCache full:https://registry.npmmirror.com/babel-plugin-macros cache-miss
157 http fetch GET 200 https://registry.npmmirror.com/babel-plugin-macros 29ms (cache miss)
158 silly packumentCache full:https://registry.npmmirror.com/babel-plugin-macros set size:20021 disposed:false
159 silly fetch manifest typescript@>=4.9.5
160 silly packumentCache full:https://registry.npmmirror.com/typescript cache-miss
161 http fetch GET 200 https://registry.npmmirror.com/typescript 170ms (cache miss)
162 silly packumentCache full:https://registry.npmmirror.com/typescript set size:1707222 disposed:false
163 silly fetch manifest @cfworker/json-schema@^4.1.1
164 silly packumentCache full:https://registry.npmmirror.com/@cfworker%2fjson-schema cache-miss
165 http fetch GET 200 https://registry.npmmirror.com/@cfworker%2fjson-schema 16ms (cache miss)
166 silly packumentCache full:https://registry.npmmirror.com/@cfworker%2fjson-schema set size:39379 disposed:false
167 silly placeDep ROOT @babel/core@7.29.7 OK for: shadcn@4.18.0 want: ^7.28.0
168 silly placeDep ROOT @babel/parser@7.29.8 OK for: shadcn@4.18.0 want: ^7.28.0
169 silly placeDep ROOT @babel/plugin-transform-typescript@7.29.7 OK for: shadcn@4.18.0 want: ^7.28.0
170 silly placeDep ROOT @babel/preset-typescript@7.29.7 OK for: shadcn@4.18.0 want: ^7.27.1
171 silly placeDep ROOT @dotenvx/dotenvx@1.75.1 OK for: shadcn@4.18.0 want: ^1.48.4
172 silly placeDep ROOT @modelcontextprotocol/sdk@1.30.0 OK for: shadcn@4.18.0 want: ^1.26.0
173 silly placeDep ROOT @types/validate-npm-package-name@4.0.2 OK for: shadcn@4.18.0 want: ^4.0.2
174 silly placeDep ROOT browserslist@4.28.8 OK for: shadcn@4.18.0 want: ^4.26.2
175 silly placeDep ROOT commander@14.0.3 OK for: shadcn@4.18.0 want: ^14.0.0
176 silly placeDep ROOT cosmiconfig@9.0.2 OK for: shadcn@4.18.0 want: ^9.0.0
177 silly placeDep ROOT dedent@1.7.2 OK for: shadcn@4.18.0 want: ^1.6.0
178 silly placeDep ROOT deepmerge@4.3.1 OK for: shadcn@4.18.0 want: ^4.3.1
179 silly placeDep ROOT diff@8.0.4 OK for: shadcn@4.18.0 want: ^8.0.2
180 silly placeDep ROOT execa@9.6.1 OK for: shadcn@4.18.0 want: ^9.6.0
181 silly placeDep ROOT fast-glob@3.3.3 OK for: shadcn@4.18.0 want: ^3.3.3
182 silly placeDep ROOT fs-extra@11.4.0 OK for: shadcn@4.18.0 want: ^11.3.1
183 silly placeDep ROOT fuzzysort@3.1.0 OK for: shadcn@4.18.0 want: ^3.1.0
184 silly placeDep ROOT kleur@4.1.5 OK for: shadcn@4.18.0 want: ^4.1.5
185 silly placeDep ROOT open@11.0.1 OK for: shadcn@4.18.0 want: ^11.0.0
186 silly placeDep ROOT ora@8.2.0 OK for: shadcn@4.18.0 want: ^8.2.0
187 silly placeDep ROOT postcss@8.5.26 OK for: shadcn@4.18.0 want: ^8.5.6
188 silly placeDep ROOT postcss-selector-parser@7.1.5 OK for: shadcn@4.18.0 want: ^7.1.0
189 silly placeDep ROOT prompts@2.4.2 OK for: shadcn@4.18.0 want: ^2.4.2
190 silly placeDep ROOT recast@0.23.21 OK for: shadcn@4.18.0 want: ^0.23.11
191 silly placeDep ROOT socks@2.8.9 OK for: shadcn@4.18.0 want: ^2.8.8
192 silly placeDep ROOT stringify-object@5.0.0 OK for: shadcn@4.18.0 want: ^5.0.0
193 silly placeDep ROOT tailwind-merge@3.6.0 OK for: shadcn@4.18.0 want: ^3.0.1
194 silly placeDep ROOT ts-morph@26.0.0 OK for: shadcn@4.18.0 want: ^26.0.0
195 silly placeDep ROOT tsconfig-paths@4.2.0 OK for: shadcn@4.18.0 want: ^4.2.0
196 silly placeDep ROOT undici@7.29.0 OK for: shadcn@4.18.0 want: ^7.27.2
197 silly placeDep ROOT validate-npm-package-name@7.0.2 OK for: shadcn@4.18.0 want: ^7.0.1
198 silly placeDep ROOT zod@3.25.76 OK for: shadcn@4.18.0 want: ^3.24.1
199 silly placeDep ROOT zod-to-json-schema@3.25.2 OK for: shadcn@4.18.0 want: ^3.24.6
200 silly fetch manifest @babel/code-frame@^7.29.7
201 silly packumentCache full:https://registry.npmmirror.com/@babel%2fcode-frame cache-miss
202 silly fetch manifest @babel/generator@^7.29.7
203 silly packumentCache full:https://registry.npmmirror.com/@babel%2fgenerator cache-miss
204 silly fetch manifest @babel/helper-compilation-targets@^7.29.7
205 silly packumentCache full:https://registry.npmmirror.com/@babel%2fhelper-compilation-targets cache-miss
206 silly fetch manifest @babel/helper-module-transforms@^7.29.7
207 silly packumentCache full:https://registry.npmmirror.com/@babel%2fhelper-module-transforms cache-miss
208 silly fetch manifest @babel/helpers@^7.29.7
209 silly packumentCache full:https://registry.npmmirror.com/@babel%2fhelpers cache-miss
210 silly fetch manifest @babel/parser@^7.29.7
211 silly packumentCache full:https://registry.npmmirror.com/@babel%2fparser cache-hit
212 silly fetch manifest @babel/template@^7.29.7
213 silly packumentCache full:https://registry.npmmirror.com/@babel%2ftemplate cache-miss
214 silly fetch manifest @babel/traverse@^7.29.7
215 silly packumentCache full:https://registry.npmmirror.com/@babel%2ftraverse cache-miss
216 silly fetch manifest @babel/types@^7.29.7
217 silly packumentCache full:https://registry.npmmirror.com/@babel%2ftypes cache-miss
218 silly fetch manifest @jridgewell/remapping@^2.3.5
219 silly packumentCache full:https://registry.npmmirror.com/@jridgewell%2fremapping cache-miss
220 silly fetch manifest convert-source-map@^2.0.0
221 silly packumentCache full:https://registry.npmmirror.com/convert-source-map cache-miss
222 silly fetch manifest debug@^4.1.0
223 silly packumentCache full:https://registry.npmmirror.com/debug cache-miss
224 silly fetch manifest gensync@^1.0.0-beta.2
225 silly packumentCache full:https://registry.npmmirror.com/gensync cache-miss
226 silly fetch manifest json5@^2.2.3
227 silly packumentCache full:https://registry.npmmirror.com/json5 cache-miss
228 silly fetch manifest semver@^6.3.1
229 silly packumentCache full:https://registry.npmmirror.com/semver cache-miss
230 silly fetch manifest @babel/types@^7.29.8
231 silly packumentCache full:https://registry.npmmirror.com/@babel%2ftypes cache-miss
232 silly fetch manifest @babel/helper-annotate-as-pure@^7.29.7
233 silly packumentCache full:https://registry.npmmirror.com/@babel%2fhelper-annotate-as-pure cache-miss
234 silly fetch manifest @babel/helper-create-class-features-plugin@^7.29.7
235 silly packumentCache full:https://registry.npmmirror.com/@babel%2fhelper-create-class-features-plugin cache-miss
236 silly fetch manifest @babel/helper-plugin-utils@^7.29.7
237 silly packumentCache full:https://registry.npmmirror.com/@babel%2fhelper-plugin-utils cache-miss
238 silly fetch manifest @babel/helper-skip-transparent-expression-wrappers@^7.29.7
239 silly packumentCache full:https://registry.npmmirror.com/@babel%2fhelper-skip-transparent-expression-wrappers cache-miss
240 silly fetch manifest @babel/plugin-syntax-typescript@^7.29.7
241 silly packumentCache full:https://registry.npmmirror.com/@babel%2fplugin-syntax-typescript cache-miss
242 silly fetch manifest @babel/helper-plugin-utils@^7.29.7
243 silly packumentCache full:https://registry.npmmirror.com/@babel%2fhelper-plugin-utils cache-miss
244 silly fetch manifest @babel/helper-validator-option@^7.29.7
245 silly packumentCache full:https://registry.npmmirror.com/@babel%2fhelper-validator-option cache-miss
246 silly fetch manifest @babel/plugin-syntax-jsx@^7.29.7
247 silly packumentCache full:https://registry.npmmirror.com/@babel%2fplugin-syntax-jsx cache-miss
248 silly fetch manifest @babel/plugin-transform-modules-commonjs@^7.29.7
249 silly packumentCache full:https://registry.npmmirror.com/@babel%2fplugin-transform-modules-commonjs cache-miss
250 silly fetch manifest @dotenvx/primitives@^0.8.0
251 silly packumentCache full:https://registry.npmmirror.com/@dotenvx%2fprimitives cache-miss
252 silly fetch manifest commander@^11.1.0
253 silly packumentCache full:https://registry.npmmirror.com/commander cache-hit
254 silly fetch manifest conf@^10.2.0
255 silly packumentCache full:https://registry.npmmirror.com/conf cache-miss
256 silly fetch manifest dotenv@^17.2.1
257 silly packumentCache full:https://registry.npmmirror.com/dotenv cache-miss
258 silly fetch manifest enquirer@^2.4.1
259 silly packumentCache full:https://registry.npmmirror.com/enquirer cache-miss
260 silly fetch manifest env-paths@^2.2.1
261 silly packumentCache full:https://registry.npmmirror.com/env-paths cache-miss
262 http fetch GET 200 https://registry.npmmirror.com/@jridgewell%2fremapping 35ms (cache miss)
263 silly packumentCache full:https://registry.npmmirror.com/@jridgewell%2fremapping set size:6023 disposed:false
264 silly fetch manifest execa@^5.1.1
265 silly packumentCache full:https://registry.npmmirror.com/execa cache-hit
266 silly fetch manifest fdir@^6.2.0
267 silly packumentCache full:https://registry.npmmirror.com/fdir cache-miss
268 http fetch GET 200 https://registry.npmmirror.com/semver 36ms (cache miss)
269 silly packumentCache full:https://registry.npmmirror.com/semver set size:47492 disposed:false
270 silly fetch manifest ignore@^5.3.0
271 silly packumentCache full:https://registry.npmmirror.com/ignore cache-miss
272 http fetch GET 200 https://registry.npmmirror.com/@babel%2fhelper-compilation-targets 43ms (cache miss)
273 silly packumentCache full:https://registry.npmmirror.com/@babel%2fhelper-compilation-targets set size:42418 disposed:false
274 silly fetch manifest object-treeify@1.1.33
275 silly packumentCache full:https://registry.npmmirror.com/object-treeify cache-miss
276 http fetch GET 200 https://registry.npmmirror.com/gensync 47ms (cache miss)
277 silly packumentCache full:https://registry.npmmirror.com/gensync set size:3930 disposed:false
278 silly fetch manifest open@^8.4.2
279 silly packumentCache full:https://registry.npmmirror.com/open cache-hit
280 silly fetch manifest picomatch@^4.0.4
281 silly packumentCache full:https://registry.npmmirror.com/picomatch cache-miss
282 http fetch GET 200 https://registry.npmmirror.com/@babel%2fcode-frame 55ms (cache miss)
283 silly packumentCache full:https://registry.npmmirror.com/@babel%2fcode-frame set size:36012 disposed:false
284 silly fetch manifest systeminformation@^5.22.11
285 silly packumentCache full:https://registry.npmmirror.com/systeminformation cache-miss
286 http fetch GET 200 https://registry.npmmirror.com/convert-source-map 56ms (cache miss)
287 silly packumentCache full:https://registry.npmmirror.com/convert-source-map set size:13631 disposed:false
288 silly fetch manifest undici@^7.11.0
289 silly packumentCache full:https://registry.npmmirror.com/undici cache-hit
290 silly fetch manifest which@^4.0.0
291 silly packumentCache full:https://registry.npmmirror.com/which cache-miss
292 http fetch GET 200 https://registry.npmmirror.com/@babel%2ftemplate 60ms (cache miss)
293 silly packumentCache full:https://registry.npmmirror.com/@babel%2ftemplate set size:40395 disposed:false
294 silly fetch manifest yocto-spinner@^1.1.0
295 silly packumentCache full:https://registry.npmmirror.com/yocto-spinner cache-miss
296 http fetch GET 200 https://registry.npmmirror.com/@babel%2fgenerator 66ms (cache miss)
297 silly packumentCache full:https://registry.npmmirror.com/@babel%2fgenerator set size:91701 disposed:false
298 silly fetch manifest ajv@^8.17.1
299 silly packumentCache full:https://registry.npmmirror.com/ajv cache-miss
300 http fetch GET 200 https://registry.npmmirror.com/@babel%2ftypes 68ms (cache miss)
301 silly packumentCache full:https://registry.npmmirror.com/@babel%2ftypes set size:83741 disposed:false
302 silly fetch manifest zod@^3.25 || ^4.0
303 silly packumentCache full:https://registry.npmmirror.com/zod cache-hit
304 silly fetch manifest cors@^2.8.5
305 silly packumentCache full:https://registry.npmmirror.com/cors cache-miss
306 http fetch GET 200 https://registry.npmmirror.com/debug 76ms (cache miss)
307 silly packumentCache full:https://registry.npmmirror.com/debug set size:32036 disposed:false
308 silly fetch manifest hono@^4.11.4
309 silly packumentCache full:https://registry.npmmirror.com/hono cache-miss
310 http fetch GET 200 https://registry.npmmirror.com/@babel%2ftraverse 81ms (cache miss)
311 silly packumentCache full:https://registry.npmmirror.com/@babel%2ftraverse set size:97410 disposed:false
312 silly fetch manifest jose@^6.1.3
313 silly packumentCache full:https://registry.npmmirror.com/jose cache-miss
314 http fetch GET 200 https://registry.npmmirror.com/@babel%2ftypes 90ms (cache miss)
315 silly packumentCache full:https://registry.npmmirror.com/@babel%2ftypes set size:83741 disposed:false
316 silly packumentCache full:https://registry.npmmirror.com/@babel%2ftypes dispose
317 silly fetch manifest express@^5.2.1
318 silly packumentCache full:https://registry.npmmirror.com/express cache-miss
319 http fetch GET 200 https://registry.npmmirror.com/@babel%2fhelper-module-transforms 95ms (cache miss)
320 silly packumentCache full:https://registry.npmmirror.com/@babel%2fhelper-module-transforms set size:59424 disposed:false
321 silly fetch manifest raw-body@^3.0.0
322 silly packumentCache full:https://registry.npmmirror.com/raw-body cache-miss
323 http fetch GET 200 https://registry.npmmirror.com/@babel%2fhelper-plugin-utils 97ms (cache miss)
324 silly packumentCache full:https://registry.npmmirror.com/@babel%2fhelper-plugin-utils set size:34978 disposed:false
325 silly fetch manifest ajv-formats@^3.0.1
326 silly packumentCache full:https://registry.npmmirror.com/ajv-formats cache-miss
327 http fetch GET 200 https://registry.npmmirror.com/@babel%2fhelper-annotate-as-pure 109ms (cache miss)
328 silly packumentCache full:https://registry.npmmirror.com/@babel%2fhelper-annotate-as-pure set size:31482 disposed:false
329 silly fetch manifest cross-spawn@^7.0.5
330 silly packumentCache full:https://registry.npmmirror.com/cross-spawn cache-miss
331 http fetch GET 200 https://registry.npmmirror.com/@babel%2fhelper-plugin-utils 111ms (cache miss)
332 silly packumentCache full:https://registry.npmmirror.com/@babel%2fhelper-plugin-utils set size:34978 disposed:false
333 silly packumentCache full:https://registry.npmmirror.com/@babel%2fhelper-plugin-utils dispose
334 silly fetch manifest eventsource@^3.0.2
335 silly packumentCache full:https://registry.npmmirror.com/eventsource cache-miss
336 http fetch GET 200 https://registry.npmmirror.com/@babel%2fhelpers 117ms (cache miss)
337 silly packumentCache full:https://registry.npmmirror.com/@babel%2fhelpers set size:71300 disposed:false
338 silly fetch manifest content-type@^1.0.5
339 silly packumentCache full:https://registry.npmmirror.com/content-type cache-miss
340 http fetch GET 200 https://registry.npmmirror.com/@babel%2fhelper-skip-transparent-expression-wrappers 120ms (cache miss)
341 silly packumentCache full:https://registry.npmmirror.com/@babel%2fhelper-skip-transparent-expression-wrappers set size:22020 disposed:false
342 silly fetch manifest pkce-challenge@^5.0.0
343 silly packumentCache full:https://registry.npmmirror.com/pkce-challenge cache-miss
344 http fetch GET 200 https://registry.npmmirror.com/json5 122ms (cache miss)
345 silly packumentCache full:https://registry.npmmirror.com/json5 set size:18850 disposed:false
346 silly fetch manifest @hono/node-server@^1.19.9 || ^2.0.5
347 silly packumentCache full:https://registry.npmmirror.com/@hono%2fnode-server cache-miss
348 http fetch GET 200 https://registry.npmmirror.com/@dotenvx%2fprimitives 123ms (cache miss)
349 silly packumentCache full:https://registry.npmmirror.com/@dotenvx%2fprimitives set size:15178 disposed:false
350 silly fetch manifest json-schema-typed@^8.0.2
351 silly packumentCache full:https://registry.npmmirror.com/json-schema-typed cache-miss
352 http fetch GET 200 https://registry.npmmirror.com/@babel%2fplugin-syntax-jsx 124ms (cache miss)
353 silly packumentCache full:https://registry.npmmirror.com/@babel%2fplugin-syntax-jsx set size:35766 disposed:false
354 silly fetch manifest eventsource-parser@^3.0.0
355 silly packumentCache full:https://registry.npmmirror.com/eventsource-parser cache-miss
356 http fetch GET 200 https://registry.npmmirror.com/@babel%2fhelper-create-class-features-plugin 130ms (cache miss)
357 silly packumentCache full:https://registry.npmmirror.com/@babel%2fhelper-create-class-features-plugin set size:62991 disposed:false
358 silly fetch manifest express-rate-limit@^8.2.1
359 silly packumentCache full:https://registry.npmmirror.com/express-rate-limit cache-miss
360 http fetch GET 200 https://registry.npmmirror.com/@babel%2fplugin-syntax-typescript 131ms (cache miss)
361 silly packumentCache full:https://registry.npmmirror.com/@babel%2fplugin-syntax-typescript set size:39034 disposed:false
362 silly fetch manifest zod-to-json-schema@^3.25.1
363 silly packumentCache full:https://registry.npmmirror.com/zod-to-json-schema cache-hit
364 silly fetch manifest caniuse-lite@^1.0.30001809
365 silly packumentCache full:https://registry.npmmirror.com/caniuse-lite cache-miss
366 http fetch GET 200 https://registry.npmmirror.com/@babel%2fhelper-validator-option 135ms (cache miss)
367 silly packumentCache full:https://registry.npmmirror.com/@babel%2fhelper-validator-option set size:22246 disposed:false
368 silly fetch manifest node-releases@^2.0.53
369 silly packumentCache full:https://registry.npmmirror.com/node-releases cache-miss
370 http fetch GET 200 https://registry.npmmirror.com/conf 136ms (cache miss)
371 silly packumentCache full:https://registry.npmmirror.com/conf set size:33596 disposed:false
372 silly fetch manifest electron-to-chromium@^1.5.402
373 silly packumentCache full:https://registry.npmmirror.com/electron-to-chromium cache-miss
374 http fetch GET 200 https://registry.npmmirror.com/@babel%2fplugin-transform-modules-commonjs 138ms (cache miss)
375 silly packumentCache full:https://registry.npmmirror.com/@babel%2fplugin-transform-modules-commonjs set size:52529 disposed:false
376 silly fetch manifest update-browserslist-db@^1.3.0
377 silly packumentCache full:https://registry.npmmirror.com/update-browserslist-db cache-miss
378 http fetch GET 200 https://registry.npmmirror.com/env-paths 139ms (cache miss)
379 silly packumentCache full:https://registry.npmmirror.com/env-paths set size:5253 disposed:false
380 silly fetch manifest baseline-browser-mapping@^2.11.12
381 silly packumentCache full:https://registry.npmmirror.com/baseline-browser-mapping cache-miss
382 http fetch GET 200 https://registry.npmmirror.com/enquirer 145ms (cache miss)
383 silly packumentCache full:https://registry.npmmirror.com/enquirer set size:31047 disposed:false
384 silly fetch manifest import-fresh@^3.3.0
385 silly packumentCache full:https://registry.npmmirror.com/import-fresh cache-miss
386 http fetch GET 200 https://registry.npmmirror.com/ignore 112ms (cache miss)
387 silly packumentCache full:https://registry.npmmirror.com/ignore set size:41198 disposed:false
388 silly fetch manifest js-yaml@^4.1.0
389 silly packumentCache full:https://registry.npmmirror.com/js-yaml cache-miss
390 http fetch GET 200 https://registry.npmmirror.com/which 95ms (cache miss)
391 silly packumentCache full:https://registry.npmmirror.com/which set size:14745 disposed:false
392 silly fetch manifest parse-json@^5.2.0
393 silly packumentCache full:https://registry.npmmirror.com/parse-json cache-miss
394 http fetch GET 200 https://registry.npmmirror.com/object-treeify 111ms (cache miss)
395 silly packumentCache full:https://registry.npmmirror.com/object-treeify set size:29520 disposed:false
396 silly fetch manifest @sindresorhus/merge-streams@^4.0.0
397 silly packumentCache full:https://registry.npmmirror.com/@sindresorhus%2fmerge-streams cache-miss
398 http fetch GET 200 https://registry.npmmirror.com/dotenv 155ms (cache miss)
399 silly packumentCache full:https://registry.npmmirror.com/dotenv set size:57289 disposed:false
400 silly fetch manifest cross-spawn@^7.0.6
401 silly packumentCache full:https://registry.npmmirror.com/cross-spawn cache-miss
402 http fetch GET 200 https://registry.npmmirror.com/yocto-spinner 101ms (cache miss)
403 silly packumentCache full:https://registry.npmmirror.com/yocto-spinner set size:7578 disposed:false
404 silly fetch manifest figures@^6.1.0
405 silly packumentCache full:https://registry.npmmirror.com/figures cache-miss
406 http fetch GET 200 https://registry.npmmirror.com/picomatch 114ms (cache miss)
407 silly packumentCache full:https://registry.npmmirror.com/picomatch set size:23645 disposed:false
408 silly fetch manifest get-stream@^9.0.0
409 silly packumentCache full:https://registry.npmmirror.com/get-stream cache-miss
410 http fetch GET 200 https://registry.npmmirror.com/cors 95ms (cache miss)
411 silly packumentCache full:https://registry.npmmirror.com/cors set size:14493 disposed:false
412 silly fetch manifest human-signals@^8.0.1
413 silly packumentCache full:https://registry.npmmirror.com/human-signals cache-miss
414 http fetch GET 200 https://registry.npmmirror.com/cross-spawn 68ms (cache miss)
415 silly packumentCache full:https://registry.npmmirror.com/cross-spawn set size:19398 disposed:false
416 silly fetch manifest is-plain-obj@^4.1.0
417 silly packumentCache full:https://registry.npmmirror.com/is-plain-obj cache-miss
418 http fetch GET 200 https://registry.npmmirror.com/raw-body 84ms (cache miss)
419 silly packumentCache full:https://registry.npmmirror.com/raw-body set size:24662 disposed:false
420 silly fetch manifest is-stream@^4.0.1
421 silly packumentCache full:https://registry.npmmirror.com/is-stream cache-miss
422 http fetch GET 200 https://registry.npmmirror.com/content-type 69ms (cache miss)
423 silly packumentCache full:https://registry.npmmirror.com/content-type set size:7139 disposed:false
424 silly fetch manifest npm-run-path@^6.0.0
425 silly packumentCache full:https://registry.npmmirror.com/npm-run-path cache-miss
426 http fetch GET 200 https://registry.npmmirror.com/ajv-formats 89ms (cache miss)
427 silly packumentCache full:https://registry.npmmirror.com/ajv-formats set size:15007 disposed:false
428 silly fetch manifest pretty-ms@^9.2.0
429 silly packumentCache full:https://registry.npmmirror.com/pretty-ms cache-miss
430 http fetch GET 200 https://registry.npmmirror.com/ajv 125ms (cache miss)
431 silly packumentCache full:https://registry.npmmirror.com/ajv set size:129790 disposed:false
432 silly fetch manifest signal-exit@^4.1.0
433 silly packumentCache full:https://registry.npmmirror.com/signal-exit cache-miss
434 http fetch GET 200 https://registry.npmmirror.com/pkce-challenge 80ms (cache miss)
435 silly packumentCache full:https://registry.npmmirror.com/pkce-challenge set size:8563 disposed:false
436 silly fetch manifest strip-final-newline@^4.0.0
437 silly packumentCache full:https://registry.npmmirror.com/strip-final-newline cache-miss
438 http fetch GET 200 https://registry.npmmirror.com/eventsource 89ms (cache miss)
439 silly packumentCache full:https://registry.npmmirror.com/eventsource set size:28485 disposed:false
440 silly fetch manifest yoctocolors@^2.1.1
441 silly packumentCache full:https://registry.npmmirror.com/yoctocolors cache-miss
442 http fetch GET 200 https://registry.npmmirror.com/express 122ms (cache miss)
443 silly packumentCache full:https://registry.npmmirror.com/express set size:94320 disposed:false
444 silly fetch manifest @nodelib/fs.stat@^2.0.2
445 silly packumentCache full:https://registry.npmmirror.com/@nodelib%2ffs.stat cache-miss
446 http fetch GET 200 https://registry.npmmirror.com/json-schema-typed 98ms (cache miss)
447 silly packumentCache full:https://registry.npmmirror.com/json-schema-typed set size:7123 disposed:false
448 silly fetch manifest @nodelib/fs.walk@^1.2.3
449 silly packumentCache full:https://registry.npmmirror.com/@nodelib%2ffs.walk cache-miss
450 http fetch GET 200 https://registry.npmmirror.com/fdir 191ms (cache miss)
451 silly packumentCache full:https://registry.npmmirror.com/fdir set size:21942 disposed:false
452 silly fetch manifest glob-parent@^5.1.2
453 silly packumentCache full:https://registry.npmmirror.com/glob-parent cache-miss
454 http fetch GET 200 https://registry.npmmirror.com/eventsource-parser 102ms (cache miss)
455 silly packumentCache full:https://registry.npmmirror.com/eventsource-parser set size:21199 disposed:false
456 silly fetch manifest merge2@^1.3.0
457 silly packumentCache full:https://registry.npmmirror.com/merge2 cache-miss
458 http fetch GET 200 https://registry.npmmirror.com/@hono%2fnode-server 108ms (cache miss)
459 silly packumentCache full:https://registry.npmmirror.com/@hono%2fnode-server set size:51384 disposed:false
460 silly fetch manifest micromatch@^4.0.8
461 silly packumentCache full:https://registry.npmmirror.com/micromatch cache-miss
462 http fetch GET 200 https://registry.npmmirror.com/express-rate-limit 105ms (cache miss)
463 silly packumentCache full:https://registry.npmmirror.com/express-rate-limit set size:65673 disposed:false
464 silly fetch manifest graceful-fs@^4.2.0
465 silly packumentCache full:https://registry.npmmirror.com/graceful-fs cache-miss
466 http fetch GET 200 https://registry.npmmirror.com/update-browserslist-db 112ms (cache miss)
467 silly packumentCache full:https://registry.npmmirror.com/update-browserslist-db set size:18935 disposed:false
468 silly fetch manifest jsonfile@^6.0.1
469 silly packumentCache full:https://registry.npmmirror.com/jsonfile cache-miss
470 http fetch GET 200 https://registry.npmmirror.com/get-stream 137ms (cache miss)
471 silly packumentCache full:https://registry.npmmirror.com/get-stream set size:11935 disposed:false
472 silly fetch manifest universalify@^2.0.0
473 silly packumentCache full:https://registry.npmmirror.com/universalify cache-miss
474 http fetch GET 200 https://registry.npmmirror.com/human-signals 143ms (cache miss)
475 silly packumentCache full:https://registry.npmmirror.com/human-signals set size:12531 disposed:false
476 silly fetch manifest is-in-ssh@^1.0.0
477 silly packumentCache full:https://registry.npmmirror.com/is-in-ssh cache-miss
478 http fetch GET 200 https://registry.npmmirror.com/is-plain-obj 156ms (cache miss)
479 silly packumentCache full:https://registry.npmmirror.com/is-plain-obj set size:4299 disposed:false
480 silly fetch manifest wsl-utils@^1.0.0
481 silly packumentCache full:https://registry.npmmirror.com/wsl-utils cache-miss
482 http fetch GET 200 https://registry.npmmirror.com/is-stream 157ms (cache miss)
483 silly packumentCache full:https://registry.npmmirror.com/is-stream set size:4048 disposed:false
484 silly fetch manifest default-browser@^5.4.0
485 silly packumentCache full:https://registry.npmmirror.com/default-browser cache-miss
486 http fetch GET 200 https://registry.npmmirror.com/cross-spawn 182ms (cache miss)
487 silly packumentCache full:https://registry.npmmirror.com/cross-spawn set size:19398 disposed:false
488 silly packumentCache full:https://registry.npmmirror.com/cross-spawn dispose
489 silly fetch manifest define-lazy-prop@^3.0.0
490 silly packumentCache full:https://registry.npmmirror.com/define-lazy-prop cache-miss
491 http fetch GET 200 https://registry.npmmirror.com/node-releases 213ms (cache miss)
492 silly packumentCache full:https://registry.npmmirror.com/node-releases set size:43353 disposed:false
493 silly fetch manifest powershell-utils@^0.2.0
494 silly packumentCache full:https://registry.npmmirror.com/powershell-utils cache-miss
495 http fetch GET 200 https://registry.npmmirror.com/jose 275ms (cache miss)
496 silly packumentCache full:https://registry.npmmirror.com/jose set size:188641 disposed:false
497 silly fetch manifest is-inside-container@^1.0.0
498 silly packumentCache full:https://registry.npmmirror.com/is-inside-container cache-miss
499 http fetch GET 200 https://registry.npmmirror.com/systeminformation 309ms (cache miss)
500 silly packumentCache full:https://registry.npmmirror.com/systeminformation set size:307802 disposed:false
501 silly fetch manifest chalk@^5.3.0
502 silly packumentCache full:https://registry.npmmirror.com/chalk cache-miss
503 http fetch GET 200 https://registry.npmmirror.com/baseline-browser-mapping 227ms (cache miss)
504 silly packumentCache full:https://registry.npmmirror.com/baseline-browser-mapping set size:83179 disposed:false
505 silly fetch manifest cli-cursor@^5.0.0
506 silly packumentCache full:https://registry.npmmirror.com/cli-cursor cache-miss
507 http fetch GET 200 https://registry.npmmirror.com/npm-run-path 207ms (cache miss)
508 silly packumentCache full:https://registry.npmmirror.com/npm-run-path set size:7005 disposed:false
509 silly fetch manifest cli-spinners@^2.9.2
510 silly packumentCache full:https://registry.npmmirror.com/cli-spinners cache-miss
511 http fetch GET 200 https://registry.npmmirror.com/import-fresh 250ms (cache miss)
512 silly packumentCache full:https://registry.npmmirror.com/import-fresh set size:4923 disposed:false
513 silly fetch manifest is-interactive@^2.0.0
514 silly packumentCache full:https://registry.npmmirror.com/is-interactive cache-miss
515 http fetch GET 200 https://registry.npmmirror.com/@sindresorhus%2fmerge-streams 245ms (cache miss)
516 silly packumentCache full:https://registry.npmmirror.com/@sindresorhus%2fmerge-streams set size:5294 disposed:false
517 silly fetch manifest is-unicode-supported@^2.0.0
518 silly packumentCache full:https://registry.npmmirror.com/is-unicode-supported cache-miss
519 http fetch GET 200 https://registry.npmmirror.com/signal-exit 212ms (cache miss)
520 silly packumentCache full:https://registry.npmmirror.com/signal-exit set size:12845 disposed:false
521 silly fetch manifest log-symbols@^6.0.0
522 silly packumentCache full:https://registry.npmmirror.com/log-symbols cache-miss
523 http fetch GET 200 https://registry.npmmirror.com/strip-final-newline 209ms (cache miss)
524 silly packumentCache full:https://registry.npmmirror.com/strip-final-newline set size:2568 disposed:false
525 silly fetch manifest stdin-discarder@^0.2.2
526 silly packumentCache full:https://registry.npmmirror.com/stdin-discarder cache-miss
527 http fetch GET 200 https://registry.npmmirror.com/is-in-ssh 104ms (cache miss)
528 silly packumentCache full:https://registry.npmmirror.com/is-in-ssh set size:1826 disposed:false
529 silly fetch manifest string-width@^7.2.0
530 silly packumentCache full:https://registry.npmmirror.com/string-width cache-miss
531 http fetch GET 200 https://registry.npmmirror.com/figures 253ms (cache miss)
532 silly packumentCache full:https://registry.npmmirror.com/figures set size:13793 disposed:false
533 silly fetch manifest strip-ansi@^7.1.0
534 silly packumentCache full:https://registry.npmmirror.com/strip-ansi cache-miss
535 http fetch GET 200 https://registry.npmmirror.com/pretty-ms 225ms (cache miss)
536 silly packumentCache full:https://registry.npmmirror.com/pretty-ms set size:11685 disposed:false
537 silly fetch manifest nanoid@^3.3.17
538 silly packumentCache full:https://registry.npmmirror.com/nanoid cache-miss
539 http fetch GET 200 https://registry.npmmirror.com/js-yaml 266ms (cache miss)
540 silly packumentCache full:https://registry.npmmirror.com/js-yaml set size:28523 disposed:false
541 silly fetch manifest picocolors@^1.1.1
542 silly packumentCache full:https://registry.npmmirror.com/picocolors cache-miss
543 http fetch GET 200 https://registry.npmmirror.com/@nodelib%2ffs.walk 195ms (cache miss)
544 silly packumentCache full:https://registry.npmmirror.com/@nodelib%2ffs.walk set size:8290 disposed:false
545 silly fetch manifest source-map-js@^1.2.1
546 silly packumentCache full:https://registry.npmmirror.com/source-map-js cache-miss
547 http fetch GET 200 https://registry.npmmirror.com/yoctocolors 218ms (cache miss)
548 silly packumentCache full:https://registry.npmmirror.com/yoctocolors set size:7658 disposed:false
549 silly fetch manifest cssesc@^3.0.0
550 silly packumentCache full:https://registry.npmmirror.com/cssesc cache-miss
551 http fetch GET 200 https://registry.npmmirror.com/jsonfile 172ms (cache miss)
552 silly packumentCache full:https://registry.npmmirror.com/jsonfile set size:9901 disposed:false
553 silly fetch manifest util-deprecate@^1.0.2
554 silly packumentCache full:https://registry.npmmirror.com/util-deprecate cache-miss
555 http fetch GET 200 https://registry.npmmirror.com/universalify 125ms (cache miss)
556 silly packumentCache full:https://registry.npmmirror.com/universalify set size:3885 disposed:false
557 silly fetch manifest kleur@^3.0.3
558 silly packumentCache full:https://registry.npmmirror.com/kleur cache-hit
559 silly fetch manifest sisteransi@^1.0.5
560 silly packumentCache full:https://registry.npmmirror.com/sisteransi cache-miss
561 http fetch GET 200 https://registry.npmmirror.com/parse-json 277ms (cache miss)
562 silly packumentCache full:https://registry.npmmirror.com/parse-json set size:10810 disposed:false
563 silly fetch manifest tslib@^2.0.1
564 silly packumentCache full:https://registry.npmmirror.com/tslib cache-miss
565 http fetch GET 200 https://registry.npmmirror.com/is-inside-container 67ms (cache miss)
566 silly packumentCache full:https://registry.npmmirror.com/is-inside-container set size:2270 disposed:false
567 silly fetch manifest esprima@~4.0.0
568 silly packumentCache full:https://registry.npmmirror.com/esprima cache-miss
569 http fetch GET 200 https://registry.npmmirror.com/graceful-fs 194ms (cache miss)
570 silly packumentCache full:https://registry.npmmirror.com/graceful-fs set size:23015 disposed:false
571 silly fetch manifest ast-types@^0.16.1
572 silly packumentCache full:https://registry.npmmirror.com/ast-types cache-miss
573 http fetch GET 200 https://registry.npmmirror.com/powershell-utils 93ms (cache miss)
574 silly packumentCache full:https://registry.npmmirror.com/powershell-utils set size:3118 disposed:false
575 silly fetch manifest source-map@~0.6.1
576 silly packumentCache full:https://registry.npmmirror.com/source-map cache-miss
577 http fetch GET 200 https://registry.npmmirror.com/define-lazy-prop 105ms (cache miss)
578 silly packumentCache full:https://registry.npmmirror.com/define-lazy-prop set size:2335 disposed:false
579 silly fetch manifest tiny-invariant@^1.3.3
580 silly packumentCache full:https://registry.npmmirror.com/tiny-invariant cache-miss
581 http fetch GET 200 https://registry.npmmirror.com/wsl-utils 108ms (cache miss)
582 silly packumentCache full:https://registry.npmmirror.com/wsl-utils set size:4912 disposed:false
583 silly fetch manifest ip-address@^10.1.1
584 silly packumentCache full:https://registry.npmmirror.com/ip-address cache-miss
585 http fetch GET 200 https://registry.npmmirror.com/cli-cursor 74ms (cache miss)
586 silly packumentCache full:https://registry.npmmirror.com/cli-cursor set size:3946 disposed:false
587 silly fetch manifest smart-buffer@^4.2.0
588 silly packumentCache full:https://registry.npmmirror.com/smart-buffer cache-miss
589 http fetch GET 200 https://registry.npmmirror.com/@nodelib%2ffs.stat 233ms (cache miss)
590 silly packumentCache full:https://registry.npmmirror.com/@nodelib%2ffs.stat set size:6493 disposed:false
591 silly fetch manifest get-own-enumerable-keys@^1.0.0
592 silly packumentCache full:https://registry.npmmirror.com/get-own-enumerable-keys cache-miss
593 http fetch GET 200 https://registry.npmmirror.com/default-browser 114ms (cache miss)
594 silly packumentCache full:https://registry.npmmirror.com/default-browser set size:8242 disposed:false
595 silly fetch manifest is-obj@^3.0.0
596 silly packumentCache full:https://registry.npmmirror.com/is-obj cache-miss
597 http fetch GET 200 https://registry.npmmirror.com/caniuse-lite 321ms (cache miss)
598 silly packumentCache full:https://registry.npmmirror.com/caniuse-lite set size:369313 disposed:false
599 silly fetch manifest is-regexp@^3.1.0
600 silly packumentCache full:https://registry.npmmirror.com/is-regexp cache-miss
601 http fetch GET 200 https://registry.npmmirror.com/is-interactive 63ms (cache miss)
602 silly packumentCache full:https://registry.npmmirror.com/is-interactive set size:2696 disposed:false
603 silly fetch manifest @ts-morph/common@~0.27.0
604 silly packumentCache full:https://registry.npmmirror.com/@ts-morph%2fcommon cache-miss
605 http fetch GET 200 https://registry.npmmirror.com/merge2 239ms (cache miss)
606 silly packumentCache full:https://registry.npmmirror.com/merge2 set size:8713 disposed:false
607 silly fetch manifest code-block-writer@^13.0.3
608 silly packumentCache full:https://registry.npmmirror.com/code-block-writer cache-miss
609 http fetch GET 200 https://registry.npmmirror.com/glob-parent 245ms (cache miss)
610 silly packumentCache full:https://registry.npmmirror.com/glob-parent set size:7508 disposed:false
611 silly fetch manifest json5@^2.2.2
612 silly packumentCache full:https://registry.npmmirror.com/json5 cache-hit
613 silly fetch manifest minimist@^1.2.6
614 silly packumentCache full:https://registry.npmmirror.com/minimist cache-miss
615 http fetch GET 200 https://registry.npmmirror.com/micromatch 243ms (cache miss)
616 silly packumentCache full:https://registry.npmmirror.com/micromatch set size:39386 disposed:false
617 silly fetch manifest strip-bom@^3.0.0
618 silly packumentCache full:https://registry.npmmirror.com/strip-bom cache-miss
619 http fetch GET 200 https://registry.npmmirror.com/cli-spinners 81ms (cache miss)
620 silly packumentCache full:https://registry.npmmirror.com/cli-spinners set size:12769 disposed:false
621 http fetch GET 200 https://registry.npmmirror.com/is-unicode-supported 78ms (cache miss)
622 silly packumentCache full:https://registry.npmmirror.com/is-unicode-supported set size:4953 disposed:false
623 http fetch GET 200 https://registry.npmmirror.com/chalk 109ms (cache miss)
624 silly packumentCache full:https://registry.npmmirror.com/chalk set size:26531 disposed:false
625 http fetch GET 200 https://registry.npmmirror.com/stdin-discarder 70ms (cache miss)
626 silly packumentCache full:https://registry.npmmirror.com/stdin-discarder set size:4631 disposed:false
627 http fetch GET 200 https://registry.npmmirror.com/picocolors 69ms (cache miss)
628 silly packumentCache full:https://registry.npmmirror.com/picocolors set size:4040 disposed:false
629 http fetch GET 200 https://registry.npmmirror.com/log-symbols 82ms (cache miss)
630 silly packumentCache full:https://registry.npmmirror.com/log-symbols set size:6736 disposed:false
631 http fetch GET 200 https://registry.npmmirror.com/strip-ansi 80ms (cache miss)
632 silly packumentCache full:https://registry.npmmirror.com/strip-ansi set size:8259 disposed:false
633 http fetch GET 200 https://registry.npmmirror.com/util-deprecate 72ms (cache miss)
634 silly packumentCache full:https://registry.npmmirror.com/util-deprecate set size:2289 disposed:false
635 http fetch GET 200 https://registry.npmmirror.com/string-width 84ms (cache miss)
636 silly packumentCache full:https://registry.npmmirror.com/string-width set size:13877 disposed:false
637 http fetch GET 200 https://registry.npmmirror.com/source-map-js 79ms (cache miss)
638 silly packumentCache full:https://registry.npmmirror.com/source-map-js set size:14399 disposed:false
639 http fetch GET 200 https://registry.npmmirror.com/esprima 71ms (cache miss)
640 silly packumentCache full:https://registry.npmmirror.com/esprima set size:16770 disposed:false
641 http fetch GET 200 https://registry.npmmirror.com/tslib 80ms (cache miss)
642 silly packumentCache full:https://registry.npmmirror.com/tslib set size:33198 disposed:false
643 http fetch GET 200 https://registry.npmmirror.com/tiny-invariant 66ms (cache miss)
644 silly packumentCache full:https://registry.npmmirror.com/tiny-invariant set size:14603 disposed:false
645 http fetch GET 200 https://registry.npmmirror.com/is-regexp 50ms (cache miss)
646 silly packumentCache full:https://registry.npmmirror.com/is-regexp set size:2762 disposed:false
647 http fetch GET 200 https://registry.npmmirror.com/is-obj 59ms (cache miss)
648 silly packumentCache full:https://registry.npmmirror.com/is-obj set size:2428 disposed:false
649 http fetch GET 200 https://registry.npmmirror.com/get-own-enumerable-keys 61ms (cache miss)
650 silly packumentCache full:https://registry.npmmirror.com/get-own-enumerable-keys set size:3267 disposed:false
651 http fetch GET 200 https://registry.npmmirror.com/nanoid 99ms (cache miss)
652 silly packumentCache full:https://registry.npmmirror.com/nanoid set size:54118 disposed:false
653 http fetch GET 200 https://registry.npmmirror.com/smart-buffer 68ms (cache miss)
654 silly packumentCache full:https://registry.npmmirror.com/smart-buffer set size:16293 disposed:false
655 http fetch GET 200 https://registry.npmmirror.com/source-map 73ms (cache miss)
656 silly packumentCache full:https://registry.npmmirror.com/source-map set size:34908 disposed:false
657 http fetch GET 200 https://registry.npmmirror.com/minimist 46ms (cache miss)
658 silly packumentCache full:https://registry.npmmirror.com/minimist set size:15089 disposed:false
659 http fetch GET 200 https://registry.npmmirror.com/ast-types 85ms (cache miss)
660 silly packumentCache full:https://registry.npmmirror.com/ast-types set size:51334 disposed:false
661 http fetch GET 200 https://registry.npmmirror.com/ip-address 75ms (cache miss)
662 silly packumentCache full:https://registry.npmmirror.com/ip-address set size:34426 disposed:false
663 http fetch GET 200 https://registry.npmmirror.com/sisteransi 97ms (cache miss)
664 silly packumentCache full:https://registry.npmmirror.com/sisteransi set size:5133 disposed:false
665 http fetch GET 200 https://registry.npmmirror.com/code-block-writer 54ms (cache miss)
666 silly packumentCache full:https://registry.npmmirror.com/code-block-writer set size:31331 disposed:false
667 http fetch GET 200 https://registry.npmmirror.com/strip-bom 47ms (cache miss)
668 silly packumentCache full:https://registry.npmmirror.com/strip-bom set size:4055 disposed:false
669 http fetch GET 200 https://registry.npmmirror.com/@ts-morph%2fcommon 61ms (cache miss)
670 silly packumentCache full:https://registry.npmmirror.com/@ts-morph%2fcommon set size:26639 disposed:false
671 http fetch GET 200 https://registry.npmmirror.com/cssesc 103ms (cache miss)
672 silly packumentCache full:https://registry.npmmirror.com/cssesc set size:5105 disposed:false
673 http fetch GET 200 https://registry.npmmirror.com/hono 454ms (cache miss)
674 silly packumentCache full:https://registry.npmmirror.com/hono set size:749270 disposed:false
675 http fetch GET 200 https://registry.npmmirror.com/electron-to-chromium 444ms (cache miss)
676 silly packumentCache full:https://registry.npmmirror.com/electron-to-chromium set size:833003 disposed:false
677 silly fetch manifest @babel/core@^7.0.0
678 silly packumentCache full:https://registry.npmmirror.com/@babel%2fcore cache-hit
679 silly placeDep ROOT @babel/code-frame@7.29.7 OK for: @babel/core@7.29.7 want: ^7.29.7
680 silly placeDep ROOT @babel/generator@7.29.8 OK for: @babel/core@7.29.7 want: ^7.29.7
681 silly placeDep ROOT @babel/helper-compilation-targets@7.29.7 OK for: @babel/core@7.29.7 want: ^7.29.7
682 silly placeDep ROOT @babel/helper-module-transforms@7.29.7 OK for: @babel/core@7.29.7 want: ^7.29.7
683 silly placeDep ROOT @babel/helpers@7.29.7 OK for: @babel/core@7.29.7 want: ^7.29.7
684 silly placeDep ROOT @babel/template@7.29.7 OK for: @babel/core@7.29.7 want: ^7.29.7
685 silly placeDep ROOT @babel/traverse@7.29.8 OK for: @babel/core@7.29.7 want: ^7.29.7
686 silly placeDep ROOT @babel/types@7.29.8 OK for: @babel/core@7.29.7 want: ^7.29.7
687 silly placeDep ROOT @jridgewell/remapping@2.3.5 OK for: @babel/core@7.29.7 want: ^2.3.5
688 silly placeDep ROOT convert-source-map@2.0.0 OK for: @babel/core@7.29.7 want: ^2.0.0
689 silly placeDep ROOT debug@4.4.3 OK for: @babel/core@7.29.7 want: ^4.1.0
690 silly placeDep ROOT gensync@1.0.0-beta.2 OK for: @babel/core@7.29.7 want: ^1.0.0-beta.2
691 silly placeDep ROOT json5@2.2.3 OK for: @babel/core@7.29.7 want: ^2.2.3
692 silly placeDep ROOT semver@6.3.1 OK for: @babel/core@7.29.7 want: ^6.3.1
693 silly fetch manifest @babel/helper-validator-identifier@^7.29.7
694 silly packumentCache full:https://registry.npmmirror.com/@babel%2fhelper-validator-identifier cache-miss
695 silly fetch manifest js-tokens@^4.0.0
696 silly packumentCache full:https://registry.npmmirror.com/js-tokens cache-miss
697 silly fetch manifest jsesc@^3.0.2
698 silly packumentCache full:https://registry.npmmirror.com/jsesc cache-miss
699 silly fetch manifest @jridgewell/gen-mapping@^0.3.12
700 silly packumentCache full:https://registry.npmmirror.com/@jridgewell%2fgen-mapping cache-miss
701 silly fetch manifest @jridgewell/trace-mapping@^0.3.28
702 silly packumentCache full:https://registry.npmmirror.com/@jridgewell%2ftrace-mapping cache-miss
703 silly fetch manifest @babel/compat-data@^7.29.7
704 silly packumentCache full:https://registry.npmmirror.com/@babel%2fcompat-data cache-miss
705 silly fetch manifest lru-cache@^5.1.1
706 silly packumentCache full:https://registry.npmmirror.com/lru-cache cache-miss
707 silly fetch manifest @babel/helper-module-imports@^7.29.7
708 silly packumentCache full:https://registry.npmmirror.com/@babel%2fhelper-module-imports cache-miss
709 silly fetch manifest @babel/helper-validator-identifier@^7.29.7
710 silly packumentCache full:https://registry.npmmirror.com/@babel%2fhelper-validator-identifier cache-miss
711 silly fetch manifest debug@^4.3.1
712 silly packumentCache full:https://registry.npmmirror.com/debug cache-hit
713 silly fetch manifest @babel/helper-globals@^7.29.7
714 silly packumentCache full:https://registry.npmmirror.com/@babel%2fhelper-globals cache-miss
715 silly fetch manifest @babel/helper-string-parser@^7.29.7
716 silly packumentCache full:https://registry.npmmirror.com/@babel%2fhelper-string-parser cache-miss
717 silly fetch manifest @babel/helper-validator-identifier@^7.29.7
718 silly packumentCache full:https://registry.npmmirror.com/@babel%2fhelper-validator-identifier cache-miss
719 silly fetch manifest @jridgewell/gen-mapping@^0.3.5
720 silly packumentCache full:https://registry.npmmirror.com/@jridgewell%2fgen-mapping cache-miss
721 silly fetch manifest @jridgewell/trace-mapping@^0.3.24
722 silly packumentCache full:https://registry.npmmirror.com/@jridgewell%2ftrace-mapping cache-miss
723 silly fetch manifest ms@^2.1.3
724 silly packumentCache full:https://registry.npmmirror.com/ms cache-miss
725 http fetch GET 200 https://registry.npmmirror.com/@babel%2fhelper-validator-identifier 29ms (cache miss)
726 silly packumentCache full:https://registry.npmmirror.com/@babel%2fhelper-validator-identifier set size:25814 disposed:false
727 http fetch GET 200 https://registry.npmmirror.com/jsesc 43ms (cache miss)
728 silly packumentCache full:https://registry.npmmirror.com/jsesc set size:12774 disposed:false
729 http fetch GET 200 https://registry.npmmirror.com/js-tokens 43ms (cache miss)
730 silly packumentCache full:https://registry.npmmirror.com/js-tokens set size:9897 disposed:false
731 http fetch GET 200 https://registry.npmmirror.com/@babel%2fhelper-globals 48ms (cache miss)
732 silly packumentCache full:https://registry.npmmirror.com/@babel%2fhelper-globals set size:5076 disposed:false
733 http fetch GET 200 https://registry.npmmirror.com/@jridgewell%2fgen-mapping 50ms (cache miss)
734 silly packumentCache full:https://registry.npmmirror.com/@jridgewell%2fgen-mapping set size:18327 disposed:false
735 http fetch GET 200 https://registry.npmmirror.com/@jridgewell%2fgen-mapping 54ms (cache miss)
736 silly packumentCache full:https://registry.npmmirror.com/@jridgewell%2fgen-mapping set size:18327 disposed:false
737 silly packumentCache full:https://registry.npmmirror.com/@jridgewell%2fgen-mapping dispose
738 http fetch GET 200 https://registry.npmmirror.com/@babel%2fhelper-string-parser 58ms (cache miss)
739 silly packumentCache full:https://registry.npmmirror.com/@babel%2fhelper-string-parser set size:21224 disposed:false
740 http fetch GET 200 https://registry.npmmirror.com/@jridgewell%2ftrace-mapping 59ms (cache miss)
741 silly packumentCache full:https://registry.npmmirror.com/@jridgewell%2ftrace-mapping set size:40595 disposed:false
742 http fetch GET 200 https://registry.npmmirror.com/@babel%2fhelper-module-imports 63ms (cache miss)
743 silly packumentCache full:https://registry.npmmirror.com/@babel%2fhelper-module-imports set size:34872 disposed:false
744 http fetch GET 200 https://registry.npmmirror.com/ms 64ms (cache miss)
745 silly packumentCache full:https://registry.npmmirror.com/ms set size:15985 disposed:false
746 http fetch GET 200 https://registry.npmmirror.com/@babel%2fhelper-validator-identifier 67ms (cache miss)
747 silly packumentCache full:https://registry.npmmirror.com/@babel%2fhelper-validator-identifier set size:25814 disposed:false
748 silly packumentCache full:https://registry.npmmirror.com/@babel%2fhelper-validator-identifier dispose
749 http fetch GET 200 https://registry.npmmirror.com/@jridgewell%2ftrace-mapping 70ms (cache miss)
750 silly packumentCache full:https://registry.npmmirror.com/@jridgewell%2ftrace-mapping set size:40595 disposed:false
751 silly packumentCache full:https://registry.npmmirror.com/@jridgewell%2ftrace-mapping dispose
752 http fetch GET 200 https://registry.npmmirror.com/@babel%2fhelper-validator-identifier 71ms (cache miss)
753 silly packumentCache full:https://registry.npmmirror.com/@babel%2fhelper-validator-identifier set size:25814 disposed:true
754 silly packumentCache full:https://registry.npmmirror.com/@babel%2fhelper-validator-identifier dispose
755 http fetch GET 200 https://registry.npmmirror.com/@babel%2fcompat-data 72ms (cache miss)
756 silly packumentCache full:https://registry.npmmirror.com/@babel%2fcompat-data set size:56966 disposed:false
757 http fetch GET 200 https://registry.npmmirror.com/lru-cache 88ms (cache miss)
758 silly packumentCache full:https://registry.npmmirror.com/lru-cache set size:107595 disposed:false
759 silly placeDep ROOT @babel/helper-validator-identifier@7.29.7 OK for: @babel/code-frame@7.29.7 want: ^7.29.7
760 silly placeDep ROOT js-tokens@4.0.0 OK for: @babel/code-frame@7.29.7 want: ^4.0.0
761 silly placeDep ROOT picocolors@1.1.1 OK for: @babel/code-frame@7.29.7 want: ^1.1.1
762 silly placeDep ROOT @jridgewell/gen-mapping@0.3.13 OK for: @babel/generator@7.29.8 want: ^0.3.12
763 silly placeDep ROOT @jridgewell/trace-mapping@0.3.31 OK for: @babel/generator@7.29.8 want: ^0.3.28
764 silly placeDep ROOT jsesc@3.1.0 OK for: @babel/generator@7.29.8 want: ^3.0.2
765 silly fetch manifest @jridgewell/sourcemap-codec@^1.5.0
766 silly packumentCache full:https://registry.npmmirror.com/@jridgewell%2fsourcemap-codec cache-miss
767 silly fetch manifest @jridgewell/resolve-uri@^3.1.0
768 silly packumentCache full:https://registry.npmmirror.com/@jridgewell%2fresolve-uri cache-miss
769 silly fetch manifest @jridgewell/sourcemap-codec@^1.4.14
770 silly packumentCache full:https://registry.npmmirror.com/@jridgewell%2fsourcemap-codec cache-miss
771 http fetch GET 200 https://registry.npmmirror.com/@jridgewell%2fresolve-uri 16ms (cache miss)
772 silly packumentCache full:https://registry.npmmirror.com/@jridgewell%2fresolve-uri set size:14497 disposed:false
773 http fetch GET 200 https://registry.npmmirror.com/@jridgewell%2fsourcemap-codec 24ms (cache miss)
774 silly packumentCache full:https://registry.npmmirror.com/@jridgewell%2fsourcemap-codec set size:15018 disposed:false
775 http fetch GET 200 https://registry.npmmirror.com/@jridgewell%2fsourcemap-codec 25ms (cache miss)
776 silly packumentCache full:https://registry.npmmirror.com/@jridgewell%2fsourcemap-codec set size:15018 disposed:false
777 silly packumentCache full:https://registry.npmmirror.com/@jridgewell%2fsourcemap-codec dispose
778 silly placeDep ROOT @babel/compat-data@7.29.7 OK for: @babel/helper-compilation-targets@7.29.7 want: ^7.29.7
779 silly placeDep ROOT @babel/helper-validator-option@7.29.7 OK for: @babel/helper-compilation-targets@7.29.7 want: ^7.29.7
780 silly placeDep ROOT lru-cache@5.1.1 OK for: @babel/helper-compilation-targets@7.29.7 want: ^5.1.1
781 silly fetch manifest yallist@^3.0.2
782 silly packumentCache full:https://registry.npmmirror.com/yallist cache-miss
783 http fetch GET 200 https://registry.npmmirror.com/yallist 13ms (cache miss)
784 silly packumentCache full:https://registry.npmmirror.com/yallist set size:7662 disposed:false
785 silly placeDep ROOT @babel/helper-module-imports@7.29.7 OK for: @babel/helper-module-transforms@7.29.7 want: ^7.29.7
786 silly fetch manifest @babel/core@^7.0.0-0
787 silly packumentCache full:https://registry.npmmirror.com/@babel%2fcore cache-hit
788 silly placeDep ROOT @babel/helper-annotate-as-pure@7.29.7 OK for: @babel/plugin-transform-typescript@7.29.7 want: ^7.29.7
789 silly placeDep ROOT @babel/helper-create-class-features-plugin@7.29.7 OK for: @babel/plugin-transform-typescript@7.29.7 want: ^7.29.7
790 silly placeDep ROOT @babel/helper-plugin-utils@7.29.7 OK for: @babel/plugin-transform-typescript@7.29.7 want: ^7.29.7
791 silly placeDep ROOT @babel/helper-skip-transparent-expression-wrappers@7.29.7 OK for: @babel/plugin-transform-typescript@7.29.7 want: ^7.29.7
792 silly placeDep ROOT @babel/plugin-syntax-typescript@7.29.7 OK for: @babel/plugin-transform-typescript@7.29.7 want: ^7.29.7
793 silly fetch manifest @babel/helper-member-expression-to-functions@^7.29.7
794 silly packumentCache full:https://registry.npmmirror.com/@babel%2fhelper-member-expression-to-functions cache-miss
795 silly fetch manifest @babel/helper-optimise-call-expression@^7.29.7
796 silly packumentCache full:https://registry.npmmirror.com/@babel%2fhelper-optimise-call-expression cache-miss
797 silly fetch manifest @babel/helper-replace-supers@^7.29.7
798 silly packumentCache full:https://registry.npmmirror.com/@babel%2fhelper-replace-supers cache-miss
799 http fetch GET 200 https://registry.npmmirror.com/@babel%2fhelper-member-expression-to-functions 54ms (cache miss)
800 silly packumentCache full:https://registry.npmmirror.com/@babel%2fhelper-member-expression-to-functions set size:38855 disposed:false
801 http fetch GET 200 https://registry.npmmirror.com/@babel%2fhelper-replace-supers 62ms (cache miss)
802 silly packumentCache full:https://registry.npmmirror.com/@babel%2fhelper-replace-supers set size:45774 disposed:false
803 http fetch GET 200 https://registry.npmmirror.com/@babel%2fhelper-optimise-call-expression 67ms (cache miss)
804 silly packumentCache full:https://registry.npmmirror.com/@babel%2fhelper-optimise-call-expression set size:32264 disposed:false
805 silly placeDep ROOT @babel/helper-member-expression-to-functions@7.29.7 OK for: @babel/helper-create-class-features-plugin@7.29.7 want: ^7.29.7
806 silly placeDep ROOT @babel/helper-optimise-call-expression@7.29.7 OK for: @babel/helper-create-class-features-plugin@7.29.7 want: ^7.29.7
807 silly placeDep ROOT @babel/helper-replace-supers@7.29.7 OK for: @babel/helper-create-class-features-plugin@7.29.7 want: ^7.29.7
808 silly placeDep ROOT @babel/plugin-syntax-jsx@7.29.7 OK for: @babel/preset-typescript@7.29.7 want: ^7.29.7
809 silly placeDep ROOT @babel/plugin-transform-modules-commonjs@7.29.7 OK for: @babel/preset-typescript@7.29.7 want: ^7.29.7
810 silly placeDep ROOT @babel/helper-globals@7.29.7 OK for: @babel/traverse@7.29.8 want: ^7.29.7
811 silly placeDep ROOT @babel/helper-string-parser@7.29.7 OK for: @babel/types@7.29.8 want: ^7.29.7
812 silly placeDep ROOT @dotenvx/primitives@0.8.0 OK for: @dotenvx/dotenvx@1.75.1 want: ^0.8.0
813 silly placeDep node_modules/@dotenvx/dotenvx commander@11.1.0 OK for: @dotenvx/dotenvx@1.75.1 want: ^11.1.0
814 silly placeDep ROOT conf@10.2.0 OK for: @dotenvx/dotenvx@1.75.1 want: ^10.2.0
815 silly placeDep ROOT dotenv@17.4.2 OK for: @dotenvx/dotenvx@1.75.1 want: ^17.2.1
816 silly placeDep ROOT enquirer@2.4.1 OK for: @dotenvx/dotenvx@1.75.1 want: ^2.4.1
817 silly placeDep ROOT env-paths@2.2.1 OK for: @dotenvx/dotenvx@1.75.1 want: ^2.2.1
818 silly placeDep node_modules/@dotenvx/dotenvx execa@5.1.1 OK for: @dotenvx/dotenvx@1.75.1 want: ^5.1.1
819 silly placeDep ROOT fdir@6.5.0 OK for: @dotenvx/dotenvx@1.75.1 want: ^6.2.0
820 silly placeDep ROOT ignore@5.3.2 OK for: @dotenvx/dotenvx@1.75.1 want: ^5.3.0
821 silly placeDep ROOT object-treeify@1.1.33 OK for: @dotenvx/dotenvx@1.75.1 want: 1.1.33
822 silly placeDep node_modules/@dotenvx/dotenvx open@8.4.2 OK for: @dotenvx/dotenvx@1.75.1 want: ^8.4.2
823 silly placeDep ROOT picomatch@4.0.5 OK for: @dotenvx/dotenvx@1.75.1 want: ^4.0.4
824 silly placeDep ROOT systeminformation@5.33.1 OK for: @dotenvx/dotenvx@1.75.1 want: ^5.22.11
825 silly placeDep ROOT which@4.0.0 OK for: @dotenvx/dotenvx@1.75.1 want: ^4.0.0
826 silly placeDep ROOT yocto-spinner@1.2.2 OK for: @dotenvx/dotenvx@1.75.1 want: ^1.1.0
827 silly fetch manifest ajv@^8.6.3
828 silly packumentCache full:https://registry.npmmirror.com/ajv cache-hit
829 silly fetch manifest ajv-formats@^2.1.1
830 silly packumentCache full:https://registry.npmmirror.com/ajv-formats cache-hit
831 silly fetch manifest atomically@^1.7.0
832 silly packumentCache full:https://registry.npmmirror.com/atomically cache-miss
833 silly fetch manifest debounce-fn@^4.0.0
834 silly packumentCache full:https://registry.npmmirror.com/debounce-fn cache-miss
835 silly fetch manifest dot-prop@^6.0.1
836 silly packumentCache full:https://registry.npmmirror.com/dot-prop cache-miss
837 silly fetch manifest json-schema-typed@^7.0.3
838 silly packumentCache full:https://registry.npmmirror.com/json-schema-typed cache-hit
839 silly fetch manifest onetime@^5.1.2
840 silly packumentCache full:https://registry.npmmirror.com/onetime cache-miss
841 silly fetch manifest pkg-up@^3.1.0
842 silly packumentCache full:https://registry.npmmirror.com/pkg-up cache-miss
843 silly fetch manifest semver@^7.3.5
844 silly packumentCache full:https://registry.npmmirror.com/semver cache-hit
845 silly fetch manifest ansi-colors@^4.1.1
846 silly packumentCache full:https://registry.npmmirror.com/ansi-colors cache-miss
847 silly fetch manifest strip-ansi@^6.0.1
848 silly packumentCache full:https://registry.npmmirror.com/strip-ansi cache-hit
849 silly fetch manifest cross-spawn@^7.0.3
850 silly packumentCache full:https://registry.npmmirror.com/cross-spawn cache-hit
851 silly fetch manifest get-stream@^6.0.0
852 silly packumentCache full:https://registry.npmmirror.com/get-stream cache-hit
853 silly fetch manifest human-signals@^2.1.0
854 silly packumentCache full:https://registry.npmmirror.com/human-signals cache-hit
855 silly fetch manifest is-stream@^2.0.0
856 silly packumentCache full:https://registry.npmmirror.com/is-stream cache-hit
857 silly fetch manifest merge-stream@^2.0.0
858 silly packumentCache full:https://registry.npmmirror.com/merge-stream cache-miss
859 silly fetch manifest npm-run-path@^4.0.1
860 silly packumentCache full:https://registry.npmmirror.com/npm-run-path cache-hit
861 silly fetch manifest onetime@^5.1.2
862 silly packumentCache full:https://registry.npmmirror.com/onetime cache-miss
863 silly fetch manifest signal-exit@^3.0.3
864 silly packumentCache full:https://registry.npmmirror.com/signal-exit cache-hit
865 silly fetch manifest strip-final-newline@^2.0.0
866 silly packumentCache full:https://registry.npmmirror.com/strip-final-newline cache-hit
867 silly fetch manifest define-lazy-prop@^2.0.0
868 silly packumentCache full:https://registry.npmmirror.com/define-lazy-prop cache-hit
869 silly fetch manifest is-docker@^2.1.1
870 silly packumentCache full:https://registry.npmmirror.com/is-docker cache-miss
871 silly fetch manifest is-wsl@^2.2.0
872 silly packumentCache full:https://registry.npmmirror.com/is-wsl cache-miss
873 silly fetch manifest isexe@^3.1.1
874 silly packumentCache full:https://registry.npmmirror.com/isexe cache-miss
875 http fetch GET 200 https://registry.npmmirror.com/onetime 51ms (cache miss)
876 silly packumentCache full:https://registry.npmmirror.com/onetime set size:6018 disposed:false
877 http fetch GET 200 https://registry.npmmirror.com/is-wsl 51ms (cache miss)
878 silly packumentCache full:https://registry.npmmirror.com/is-wsl set size:4176 disposed:false
879 http fetch GET 200 https://registry.npmmirror.com/pkg-up 53ms (cache miss)
880 silly packumentCache full:https://registry.npmmirror.com/pkg-up set size:3543 disposed:false
881 http fetch GET 200 https://registry.npmmirror.com/debounce-fn 53ms (cache miss)
882 silly packumentCache full:https://registry.npmmirror.com/debounce-fn set size:7991 disposed:false
883 http fetch GET 200 https://registry.npmmirror.com/is-docker 53ms (cache miss)
884 silly packumentCache full:https://registry.npmmirror.com/is-docker set size:4173 disposed:false
885 http fetch GET 200 https://registry.npmmirror.com/atomically 55ms (cache miss)
886 silly packumentCache full:https://registry.npmmirror.com/atomically set size:12167 disposed:false
887 http fetch GET 200 https://registry.npmmirror.com/isexe 54ms (cache miss)
888 silly packumentCache full:https://registry.npmmirror.com/isexe set size:7230 disposed:false
889 http fetch GET 200 https://registry.npmmirror.com/onetime 63ms (cache miss)
890 silly packumentCache full:https://registry.npmmirror.com/onetime set size:6018 disposed:false
891 silly packumentCache full:https://registry.npmmirror.com/onetime dispose
892 http fetch GET 200 https://registry.npmmirror.com/ansi-colors 64ms (cache miss)
893 silly packumentCache full:https://registry.npmmirror.com/ansi-colors set size:16364 disposed:false
894 http fetch GET 200 https://registry.npmmirror.com/dot-prop 65ms (cache miss)
895 silly packumentCache full:https://registry.npmmirror.com/dot-prop set size:17554 disposed:false
896 http fetch GET 200 https://registry.npmmirror.com/merge-stream 65ms (cache miss)
897 silly packumentCache full:https://registry.npmmirror.com/merge-stream set size:4859 disposed:false
898 silly placeDep ROOT @jridgewell/sourcemap-codec@1.5.5 OK for: @jridgewell/gen-mapping@0.3.13 want: ^1.5.0
899 silly placeDep ROOT @jridgewell/resolve-uri@3.1.2 OK for: @jridgewell/trace-mapping@0.3.31 want: ^3.1.0
900 silly placeDep ROOT @hono/node-server@2.1.1 OK for: @modelcontextprotocol/sdk@1.30.0 want: ^1.19.9 || ^2.0.5
901 silly placeDep ROOT hono@4.13.3 OK for: @hono/node-server@2.1.1 want: ^4
902 silly placeDep ROOT ajv@8.20.0 OK for: @modelcontextprotocol/sdk@1.30.0 want: ^8.17.1
903 silly placeDep ROOT ajv-formats@3.0.1 OK for: @modelcontextprotocol/sdk@1.30.0 want: ^3.0.1
904 silly placeDep ROOT content-type@1.0.5 OK for: @modelcontextprotocol/sdk@1.30.0 want: ^1.0.5
905 silly placeDep ROOT cors@2.8.6 OK for: @modelcontextprotocol/sdk@1.30.0 want: ^2.8.5
906 silly placeDep ROOT cross-spawn@7.0.6 OK for: @modelcontextprotocol/sdk@1.30.0 want: ^7.0.5
907 silly placeDep ROOT eventsource@3.0.7 OK for: @modelcontextprotocol/sdk@1.30.0 want: ^3.0.2
908 silly placeDep ROOT eventsource-parser@3.1.1 OK for: @modelcontextprotocol/sdk@1.30.0 want: ^3.0.0
909 silly placeDep ROOT express@5.2.1 OK for: @modelcontextprotocol/sdk@1.30.0 want: ^5.2.1
910 silly placeDep ROOT express-rate-limit@8.6.2 OK for: @modelcontextprotocol/sdk@1.30.0 want: ^8.2.1
911 silly placeDep ROOT jose@6.2.9 OK for: @modelcontextprotocol/sdk@1.30.0 want: ^6.1.3
912 silly placeDep ROOT json-schema-typed@8.0.2 OK for: @modelcontextprotocol/sdk@1.30.0 want: ^8.0.2
913 silly placeDep ROOT pkce-challenge@5.0.1 OK for: @modelcontextprotocol/sdk@1.30.0 want: ^5.0.0
914 silly placeDep ROOT raw-body@3.0.2 OK for: @modelcontextprotocol/sdk@1.30.0 want: ^3.0.0
915 silly fetch manifest fast-deep-equal@^3.1.3
916 silly packumentCache full:https://registry.npmmirror.com/fast-deep-equal cache-miss
917 silly fetch manifest fast-uri@^3.0.1
918 silly packumentCache full:https://registry.npmmirror.com/fast-uri cache-miss
919 silly fetch manifest json-schema-traverse@^1.0.0
920 silly packumentCache full:https://registry.npmmirror.com/json-schema-traverse cache-miss
921 silly fetch manifest require-from-string@^2.0.2
922 silly packumentCache full:https://registry.npmmirror.com/require-from-string cache-miss
923 silly fetch manifest object-assign@^4
924 silly packumentCache full:https://registry.npmmirror.com/object-assign cache-miss
925 silly fetch manifest vary@^1
926 silly packumentCache full:https://registry.npmmirror.com/vary cache-miss
927 silly fetch manifest path-key@^3.1.0
928 silly packumentCache full:https://registry.npmmirror.com/path-key cache-miss
929 silly fetch manifest shebang-command@^2.0.0
930 silly packumentCache full:https://registry.npmmirror.com/shebang-command cache-miss
931 silly fetch manifest which@^2.0.1
932 silly packumentCache full:https://registry.npmmirror.com/which cache-hit
933 silly fetch manifest eventsource-parser@^3.0.1
934 silly packumentCache full:https://registry.npmmirror.com/eventsource-parser cache-hit
935 silly fetch manifest accepts@^2.0.0
936 silly packumentCache full:https://registry.npmmirror.com/accepts cache-miss
937 silly fetch manifest body-parser@^2.2.1
938 silly packumentCache full:https://registry.npmmirror.com/body-parser cache-miss
939 silly fetch manifest content-disposition@^1.0.0
940 silly packumentCache full:https://registry.npmmirror.com/content-disposition cache-miss
941 silly fetch manifest cookie@^0.7.1
942 silly packumentCache full:https://registry.npmmirror.com/cookie cache-miss
943 silly fetch manifest cookie-signature@^1.2.1
944 silly packumentCache full:https://registry.npmmirror.com/cookie-signature cache-miss
945 silly fetch manifest depd@^2.0.0
946 silly packumentCache full:https://registry.npmmirror.com/depd cache-miss
947 silly fetch manifest encodeurl@^2.0.0
948 silly packumentCache full:https://registry.npmmirror.com/encodeurl cache-miss
949 silly fetch manifest escape-html@^1.0.3
950 silly packumentCache full:https://registry.npmmirror.com/escape-html cache-miss
951 silly fetch manifest etag@^1.8.1
952 silly packumentCache full:https://registry.npmmirror.com/etag cache-miss
953 silly fetch manifest finalhandler@^2.1.0
954 silly packumentCache full:https://registry.npmmirror.com/finalhandler cache-miss
955 silly fetch manifest fresh@^2.0.0
956 silly packumentCache full:https://registry.npmmirror.com/fresh cache-miss
957 silly fetch manifest http-errors@^2.0.0
958 silly packumentCache full:https://registry.npmmirror.com/http-errors cache-miss
959 silly fetch manifest merge-descriptors@^2.0.0
960 silly packumentCache full:https://registry.npmmirror.com/merge-descriptors cache-miss
961 silly fetch manifest mime-types@^3.0.0
962 silly packumentCache full:https://registry.npmmirror.com/mime-types cache-miss
963 silly fetch manifest on-finished@^2.4.1
964 silly packumentCache full:https://registry.npmmirror.com/on-finished cache-miss
965 silly fetch manifest once@^1.4.0
966 silly packumentCache full:https://registry.npmmirror.com/once cache-miss
967 silly fetch manifest parseurl@^1.3.3
968 silly packumentCache full:https://registry.npmmirror.com/parseurl cache-miss
969 silly fetch manifest proxy-addr@^2.0.7
970 silly packumentCache full:https://registry.npmmirror.com/proxy-addr cache-miss
971 silly fetch manifest qs@^6.14.0
972 silly packumentCache full:https://registry.npmmirror.com/qs cache-miss
973 silly fetch manifest range-parser@^1.2.1
974 silly packumentCache full:https://registry.npmmirror.com/range-parser cache-miss
975 silly fetch manifest router@^2.2.0
976 silly packumentCache full:https://registry.npmmirror.com/router cache-miss
977 http fetch GET 200 https://registry.npmmirror.com/shebang-command 16ms (cache miss)
978 silly packumentCache full:https://registry.npmmirror.com/shebang-command set size:2106 disposed:false
979 silly fetch manifest send@^1.1.0
980 silly packumentCache full:https://registry.npmmirror.com/send cache-miss
981 http fetch GET 200 https://registry.npmmirror.com/require-from-string 24ms (cache miss)
982 silly packumentCache full:https://registry.npmmirror.com/require-from-string set size:3441 disposed:false
983 silly fetch manifest serve-static@^2.2.0
984 silly packumentCache full:https://registry.npmmirror.com/serve-static cache-miss
985 http fetch GET 200 https://registry.npmmirror.com/accepts 26ms (cache miss)
986 silly packumentCache full:https://registry.npmmirror.com/accepts set size:14345 disposed:false
987 silly fetch manifest statuses@^2.0.1
988 silly packumentCache full:https://registry.npmmirror.com/statuses cache-miss
989 http fetch GET 200 https://registry.npmmirror.com/json-schema-traverse 30ms (cache miss)
990 silly packumentCache full:https://registry.npmmirror.com/json-schema-traverse set size:4662 disposed:false
991 silly fetch manifest type-is@^2.0.1
992 silly packumentCache full:https://registry.npmmirror.com/type-is cache-miss
993 http fetch GET 200 https://registry.npmmirror.com/object-assign 31ms (cache miss)
994 silly packumentCache full:https://registry.npmmirror.com/object-assign set size:5509 disposed:false
995 silly fetch manifest vary@^1.1.2
996 silly packumentCache full:https://registry.npmmirror.com/vary cache-miss
997 http fetch GET 200 https://registry.npmmirror.com/depd 39ms (cache miss)
998 silly packumentCache full:https://registry.npmmirror.com/depd set size:8763 disposed:false
999 silly fetch manifest ip-address@^10.2.0
1000 silly packumentCache full:https://registry.npmmirror.com/ip-address cache-hit
1001 silly fetch manifest bytes@~3.1.2
1002 silly packumentCache full:https://registry.npmmirror.com/bytes cache-miss
1003 http fetch GET 200 https://registry.npmmirror.com/path-key 42ms (cache miss)
1004 silly packumentCache full:https://registry.npmmirror.com/path-key set size:3439 disposed:false
1005 silly fetch manifest http-errors@~2.0.1
1006 silly packumentCache full:https://registry.npmmirror.com/http-errors cache-miss
1007 http fetch GET 200 https://registry.npmmirror.com/escape-html 43ms (cache miss)
1008 silly packumentCache full:https://registry.npmmirror.com/escape-html set size:2142 disposed:false
1009 silly fetch manifest iconv-lite@~0.7.0
1010 silly packumentCache full:https://registry.npmmirror.com/iconv-lite cache-miss
1011 http fetch GET 200 https://registry.npmmirror.com/content-disposition 43ms (cache miss)
1012 silly packumentCache full:https://registry.npmmirror.com/content-disposition set size:11321 disposed:false
1013 silly fetch manifest unpipe@~1.0.0
1014 silly packumentCache full:https://registry.npmmirror.com/unpipe cache-miss
1015 http fetch GET 200 https://registry.npmmirror.com/vary 47ms (cache miss)
1016 silly packumentCache full:https://registry.npmmirror.com/vary set size:4180 disposed:false
1017 http fetch GET 200 https://registry.npmmirror.com/encodeurl 49ms (cache miss)
1018 silly packumentCache full:https://registry.npmmirror.com/encodeurl set size:3849 disposed:false
1019 http fetch GET 200 https://registry.npmmirror.com/fast-deep-equal 51ms (cache miss)
1020 silly packumentCache full:https://registry.npmmirror.com/fast-deep-equal set size:6487 disposed:false
1021 http fetch GET 200 https://registry.npmmirror.com/fast-uri 54ms (cache miss)
1022 silly packumentCache full:https://registry.npmmirror.com/fast-uri set size:23278 disposed:false
1023 http fetch GET 200 https://registry.npmmirror.com/on-finished 53ms (cache miss)
1024 silly packumentCache full:https://registry.npmmirror.com/on-finished set size:6578 disposed:false
1025 http fetch GET 200 https://registry.npmmirror.com/cookie 56ms (cache miss)
1026 silly packumentCache full:https://registry.npmmirror.com/cookie set size:18751 disposed:false
1027 http fetch GET 200 https://registry.npmmirror.com/once 55ms (cache miss)
1028 silly packumentCache full:https://registry.npmmirror.com/once set size:3210 disposed:false
1029 http fetch GET 200 https://registry.npmmirror.com/finalhandler 57ms (cache miss)
1030 silly packumentCache full:https://registry.npmmirror.com/finalhandler set size:15171 disposed:false
1031 http fetch GET 200 https://registry.npmmirror.com/parseurl 57ms (cache miss)
1032 silly packumentCache full:https://registry.npmmirror.com/parseurl set size:5295 disposed:false
1033 http fetch GET 200 https://registry.npmmirror.com/cookie-signature 60ms (cache miss)
1034 silly packumentCache full:https://registry.npmmirror.com/cookie-signature set size:6334 disposed:false
1035 http fetch GET 200 https://registry.npmmirror.com/fresh 61ms (cache miss)
1036 silly packumentCache full:https://registry.npmmirror.com/fresh set size:7129 disposed:false
1037 http fetch GET 200 https://registry.npmmirror.com/etag 63ms (cache miss)
1038 silly packumentCache full:https://registry.npmmirror.com/etag set size:6177 disposed:false
1039 http fetch GET 200 https://registry.npmmirror.com/body-parser 66ms (cache miss)
1040 silly packumentCache full:https://registry.npmmirror.com/body-parser set size:38477 disposed:false
1041 http fetch GET 200 https://registry.npmmirror.com/range-parser 67ms (cache miss)
1042 silly packumentCache full:https://registry.npmmirror.com/range-parser set size:5927 disposed:false
1043 http fetch GET 200 https://registry.npmmirror.com/http-errors 69ms (cache miss)
1044 silly packumentCache full:https://registry.npmmirror.com/http-errors set size:13920 disposed:false
1045 http fetch GET 200 https://registry.npmmirror.com/vary 42ms (cache miss)
1046 silly packumentCache full:https://registry.npmmirror.com/vary set size:4180 disposed:false
1047 silly packumentCache full:https://registry.npmmirror.com/vary dispose
1048 http fetch GET 200 https://registry.npmmirror.com/mime-types 71ms (cache miss)
1049 silly packumentCache full:https://registry.npmmirror.com/mime-types set size:21367 disposed:false
1050 http fetch GET 200 https://registry.npmmirror.com/merge-descriptors 72ms (cache miss)
1051 silly packumentCache full:https://registry.npmmirror.com/merge-descriptors set size:3995 disposed:false
1052 http fetch GET 200 https://registry.npmmirror.com/proxy-addr 72ms (cache miss)
1053 silly packumentCache full:https://registry.npmmirror.com/proxy-addr set size:10552 disposed:false
1054 http fetch GET 200 https://registry.npmmirror.com/statuses 47ms (cache miss)
1055 silly packumentCache full:https://registry.npmmirror.com/statuses set size:7676 disposed:false
1056 http fetch GET 200 https://registry.npmmirror.com/router 71ms (cache miss)
1057 silly packumentCache full:https://registry.npmmirror.com/router set size:27125 disposed:false
1058 http fetch GET 200 https://registry.npmmirror.com/http-errors 34ms (cache miss)
1059 silly packumentCache full:https://registry.npmmirror.com/http-errors set size:13920 disposed:false
1060 silly packumentCache full:https://registry.npmmirror.com/http-errors dispose
1061 http fetch GET 200 https://registry.npmmirror.com/bytes 36ms (cache miss)
1062 silly packumentCache full:https://registry.npmmirror.com/bytes set size:9014 disposed:false
1063 http fetch GET 200 https://registry.npmmirror.com/qs 87ms (cache miss)
1064 silly packumentCache full:https://registry.npmmirror.com/qs set size:69471 disposed:false
1065 http fetch GET 200 https://registry.npmmirror.com/unpipe 46ms (cache miss)
1066 silly packumentCache full:https://registry.npmmirror.com/unpipe set size:1514 disposed:false
1067 http fetch GET 200 https://registry.npmmirror.com/serve-static 67ms (cache miss)
1068 silly packumentCache full:https://registry.npmmirror.com/serve-static set size:26022 disposed:false
1069 http fetch GET 200 https://registry.npmmirror.com/type-is 63ms (cache miss)
1070 silly packumentCache full:https://registry.npmmirror.com/type-is set size:15368 disposed:false
1071 http fetch GET 200 https://registry.npmmirror.com/send 77ms (cache miss)
1072 silly packumentCache full:https://registry.npmmirror.com/send set size:28306 disposed:false
1073 http fetch GET 200 https://registry.npmmirror.com/iconv-lite 52ms (cache miss)
1074 silly packumentCache full:https://registry.npmmirror.com/iconv-lite set size:20781 disposed:false
1075 silly placeDep ROOT fast-deep-equal@3.1.3 OK for: ajv@8.20.0 want: ^3.1.3
1076 silly placeDep ROOT fast-uri@3.1.5 OK for: ajv@8.20.0 want: ^3.0.1
1077 silly placeDep ROOT json-schema-traverse@1.0.0 OK for: ajv@8.20.0 want: ^1.0.0
1078 silly placeDep ROOT require-from-string@2.0.2 OK for: ajv@8.20.0 want: ^2.0.2
1079 silly fetch manifest browserslist@>= 4.21.0
1080 silly packumentCache full:https://registry.npmmirror.com/browserslist cache-hit
1081 silly placeDep ROOT baseline-browser-mapping@2.11.16 OK for: browserslist@4.28.8 want: ^2.11.12
1082 silly placeDep ROOT caniuse-lite@1.0.30001809 OK for: browserslist@4.28.8 want: ^1.0.30001809
1083 silly placeDep ROOT electron-to-chromium@1.5.412 OK for: browserslist@4.28.8 want: ^1.5.402
1084 silly placeDep ROOT node-releases@2.0.53 OK for: browserslist@4.28.8 want: ^2.0.53
1085 silly placeDep ROOT update-browserslist-db@1.3.1 OK for: browserslist@4.28.8 want: ^1.3.0
1086 silly fetch manifest escalade@^3.2.0
1087 silly packumentCache full:https://registry.npmmirror.com/escalade cache-miss
1088 http fetch GET 200 https://registry.npmmirror.com/escalade 16ms (cache miss)
1089 silly packumentCache full:https://registry.npmmirror.com/escalade set size:6820 disposed:false
1090 silly placeDep node_modules/conf ajv-formats@2.1.1 OK for: conf@10.2.0 want: ^2.1.1
1091 silly placeDep ROOT atomically@1.7.0 OK for: conf@10.2.0 want: ^1.7.0
1092 silly placeDep ROOT debounce-fn@4.0.0 OK for: conf@10.2.0 want: ^4.0.0
1093 silly placeDep ROOT dot-prop@6.0.1 OK for: conf@10.2.0 want: ^6.0.1
1094 silly placeDep node_modules/conf json-schema-typed@7.0.3 OK for: conf@10.2.0 want: ^7.0.3
1095 silly placeDep ROOT onetime@5.1.2 OK for: conf@10.2.0 want: ^5.1.2
1096 silly placeDep ROOT pkg-up@3.1.0 OK for: conf@10.2.0 want: ^3.1.0
1097 silly placeDep node_modules/conf semver@7.8.5 OK for: conf@10.2.0 want: ^7.3.5
1098 silly fetch manifest mimic-fn@^3.0.0
1099 silly packumentCache full:https://registry.npmmirror.com/mimic-fn cache-miss
1100 silly fetch manifest is-obj@^2.0.0
1101 silly packumentCache full:https://registry.npmmirror.com/is-obj cache-hit
1102 silly fetch manifest mimic-fn@^2.1.0
1103 silly packumentCache full:https://registry.npmmirror.com/mimic-fn cache-miss
1104 silly fetch manifest find-up@^3.0.0
1105 silly packumentCache full:https://registry.npmmirror.com/find-up cache-miss
1106 http fetch GET 200 https://registry.npmmirror.com/mimic-fn 44ms (cache miss)
1107 silly packumentCache full:https://registry.npmmirror.com/mimic-fn set size:4665 disposed:false
1108 http fetch GET 200 https://registry.npmmirror.com/mimic-fn 46ms (cache miss)
1109 silly packumentCache full:https://registry.npmmirror.com/mimic-fn set size:4665 disposed:false
1110 silly packumentCache full:https://registry.npmmirror.com/mimic-fn dispose
1111 http fetch GET 200 https://registry.npmmirror.com/find-up 91ms (cache miss)
1112 silly packumentCache full:https://registry.npmmirror.com/find-up set size:8955 disposed:false
1113 silly placeDep ROOT object-assign@4.1.1 OK for: cors@2.8.6 want: ^4
1114 silly placeDep ROOT vary@1.1.2 OK for: cors@2.8.6 want: ^1
1115 silly placeDep ROOT import-fresh@3.3.1 OK for: cosmiconfig@9.0.2 want: ^3.3.0
1116 silly placeDep ROOT js-yaml@4.3.1 OK for: cosmiconfig@9.0.2 want: ^4.1.0
1117 silly placeDep ROOT parse-json@5.2.0 OK for: cosmiconfig@9.0.2 want: ^5.2.0
1118 silly fetch manifest parent-module@^1.0.0
1119 silly packumentCache full:https://registry.npmmirror.com/parent-module cache-miss
1120 silly fetch manifest resolve-from@^4.0.0
1121 silly packumentCache full:https://registry.npmmirror.com/resolve-from cache-miss
1122 silly fetch manifest argparse@^2.0.1
1123 silly packumentCache full:https://registry.npmmirror.com/argparse cache-miss
1124 silly fetch manifest error-ex@^1.3.1
1125 silly packumentCache full:https://registry.npmmirror.com/error-ex cache-miss
1126 silly fetch manifest json-parse-even-better-errors@^2.3.0
1127 silly packumentCache full:https://registry.npmmirror.com/json-parse-even-better-errors cache-miss
1128 silly fetch manifest lines-and-columns@^1.1.6
1129 silly packumentCache full:https://registry.npmmirror.com/lines-and-columns cache-miss
1130 http fetch GET 200 https://registry.npmmirror.com/resolve-from 33ms (cache miss)
1131 silly packumentCache full:https://registry.npmmirror.com/resolve-from set size:3131 disposed:false
1132 http fetch GET 200 https://registry.npmmirror.com/error-ex 33ms (cache miss)
1133 silly packumentCache full:https://registry.npmmirror.com/error-ex set size:6692 disposed:false
1134 http fetch GET 200 https://registry.npmmirror.com/json-parse-even-better-errors 34ms (cache miss)
1135 silly packumentCache full:https://registry.npmmirror.com/json-parse-even-better-errors set size:8247 disposed:false
1136 http fetch GET 200 https://registry.npmmirror.com/parent-module 36ms (cache miss)
1137 silly packumentCache full:https://registry.npmmirror.com/parent-module set size:3916 disposed:false
1138 http fetch GET 200 https://registry.npmmirror.com/lines-and-columns 38ms (cache miss)
1139 silly packumentCache full:https://registry.npmmirror.com/lines-and-columns set size:17877 disposed:false
1140 http fetch GET 200 https://registry.npmmirror.com/argparse 40ms (cache miss)
1141 silly packumentCache full:https://registry.npmmirror.com/argparse set size:10273 disposed:false
1142 silly placeDep ROOT path-key@3.1.1 OK for: cross-spawn@7.0.6 want: ^3.1.0
1143 silly placeDep ROOT shebang-command@2.0.0 OK for: cross-spawn@7.0.6 want: ^2.0.0
1144 silly placeDep node_modules/cross-spawn which@2.0.2 OK for: cross-spawn@7.0.6 want: ^2.0.1
1145 silly fetch manifest shebang-regex@^3.0.0
1146 silly packumentCache full:https://registry.npmmirror.com/shebang-regex cache-miss
1147 silly fetch manifest isexe@^2.0.0
1148 silly packumentCache full:https://registry.npmmirror.com/isexe cache-hit
1149 http fetch GET 200 https://registry.npmmirror.com/shebang-regex 27ms (cache miss)
1150 silly packumentCache full:https://registry.npmmirror.com/shebang-regex set size:2417 disposed:false
1151 silly placeDep ROOT mimic-fn@3.1.0 OK for: debounce-fn@4.0.0 want: ^3.0.0
1152 silly placeDep ROOT ms@2.1.3 OK for: debug@4.4.3 want: ^2.1.3
1153 silly placeDep ROOT is-obj@2.0.0 OK for: dot-prop@6.0.1 want: ^2.0.0
1154 silly placeDep ROOT ansi-colors@4.1.3 OK for: enquirer@2.4.1 want: ^4.1.1
1155 silly placeDep ROOT strip-ansi@6.0.1 OK for: enquirer@2.4.1 want: ^6.0.1
1156 silly fetch manifest ansi-regex@^5.0.1
1157 silly packumentCache full:https://registry.npmmirror.com/ansi-regex cache-miss
1158 http fetch GET 200 https://registry.npmmirror.com/ansi-regex 15ms (cache miss)
1159 silly packumentCache full:https://registry.npmmirror.com/ansi-regex set size:10504 disposed:false
1160 silly placeDep ROOT @sindresorhus/merge-streams@4.0.0 OK for: execa@9.6.1 want: ^4.0.0
1161 silly placeDep ROOT figures@6.1.0 OK for: execa@9.6.1 want: ^6.1.0
1162 silly placeDep ROOT get-stream@9.0.1 OK for: execa@9.6.1 want: ^9.0.0
1163 silly placeDep ROOT human-signals@8.0.1 OK for: execa@9.6.1 want: ^8.0.1
1164 silly placeDep ROOT is-plain-obj@4.1.0 OK for: execa@9.6.1 want: ^4.1.0
1165 silly placeDep ROOT is-stream@4.0.1 OK for: execa@9.6.1 want: ^4.0.1
1166 silly placeDep ROOT npm-run-path@6.0.0 OK for: execa@9.6.1 want: ^6.0.0
1167 silly placeDep ROOT pretty-ms@9.3.0 OK for: execa@9.6.1 want: ^9.2.0
1168 silly placeDep ROOT signal-exit@4.1.0 OK for: execa@9.6.1 want: ^4.1.0
1169 silly placeDep ROOT strip-final-newline@4.0.0 OK for: execa@9.6.1 want: ^4.0.0
1170 silly placeDep ROOT yoctocolors@2.2.0 OK for: execa@9.6.1 want: ^2.1.1
1171 silly fetch manifest @sec-ant/readable-stream@^0.4.1
1172 silly packumentCache full:https://registry.npmmirror.com/@sec-ant%2freadable-stream cache-miss
1173 silly fetch manifest path-key@^4.0.0
1174 silly packumentCache full:https://registry.npmmirror.com/path-key cache-hit
1175 silly fetch manifest unicorn-magic@^0.3.0
1176 silly packumentCache full:https://registry.npmmirror.com/unicorn-magic cache-miss
1177 silly fetch manifest parse-ms@^4.0.0
1178 silly packumentCache full:https://registry.npmmirror.com/parse-ms cache-miss
1179 http fetch GET 200 https://registry.npmmirror.com/unicorn-magic 17ms (cache miss)
1180 silly packumentCache full:https://registry.npmmirror.com/unicorn-magic set size:2843 disposed:false
1181 http fetch GET 200 https://registry.npmmirror.com/parse-ms 18ms (cache miss)
1182 silly packumentCache full:https://registry.npmmirror.com/parse-ms set size:3771 disposed:false
1183 http fetch GET 200 https://registry.npmmirror.com/@sec-ant%2freadable-stream 19ms (cache miss)
1184 silly packumentCache full:https://registry.npmmirror.com/@sec-ant%2freadable-stream set size:12294 disposed:false
1185 silly placeDep ROOT accepts@2.0.0 OK for: express@5.2.1 want: ^2.0.0
1186 silly placeDep ROOT body-parser@2.3.0 OK for: express@5.2.1 want: ^2.2.1
1187 silly placeDep ROOT content-disposition@1.1.0 OK for: express@5.2.1 want: ^1.0.0
1188 silly placeDep ROOT cookie@0.7.2 OK for: express@5.2.1 want: ^0.7.1
1189 silly placeDep ROOT cookie-signature@1.2.2 OK for: express@5.2.1 want: ^1.2.1
1190 silly placeDep ROOT depd@2.0.0 OK for: express@5.2.1 want: ^2.0.0
1191 silly placeDep ROOT encodeurl@2.0.0 OK for: express@5.2.1 want: ^2.0.0
1192 silly placeDep ROOT escape-html@1.0.3 OK for: express@5.2.1 want: ^1.0.3
1193 silly placeDep ROOT etag@1.8.1 OK for: express@5.2.1 want: ^1.8.1
1194 silly placeDep ROOT finalhandler@2.1.1 OK for: express@5.2.1 want: ^2.1.0
1195 silly placeDep ROOT fresh@2.0.0 OK for: express@5.2.1 want: ^2.0.0
1196 silly placeDep ROOT http-errors@2.0.1 OK for: express@5.2.1 want: ^2.0.0
1197 silly placeDep ROOT merge-descriptors@2.0.0 OK for: express@5.2.1 want: ^2.0.0
1198 silly placeDep ROOT mime-types@3.0.2 OK for: express@5.2.1 want: ^3.0.0
1199 silly placeDep ROOT on-finished@2.4.1 OK for: express@5.2.1 want: ^2.4.1
1200 silly placeDep ROOT once@1.4.0 OK for: express@5.2.1 want: ^1.4.0
1201 silly placeDep ROOT parseurl@1.3.3 OK for: express@5.2.1 want: ^1.3.3
1202 silly placeDep ROOT proxy-addr@2.0.7 OK for: express@5.2.1 want: ^2.0.7
1203 silly placeDep ROOT qs@6.15.3 OK for: express@5.2.1 want: ^6.14.0
1204 silly placeDep ROOT range-parser@1.3.0 OK for: express@5.2.1 want: ^1.2.1
1205 silly placeDep ROOT router@2.2.0 OK for: express@5.2.1 want: ^2.2.0
1206 silly placeDep ROOT send@1.2.1 OK for: express@5.2.1 want: ^1.1.0
1207 silly placeDep ROOT serve-static@2.2.1 OK for: express@5.2.1 want: ^2.2.0
1208 silly placeDep ROOT statuses@2.0.2 OK for: express@5.2.1 want: ^2.0.1
1209 silly placeDep ROOT type-is@2.1.0 OK for: express@5.2.1 want: ^2.0.1
1210 silly fetch manifest negotiator@^1.0.0
1211 silly packumentCache full:https://registry.npmmirror.com/negotiator cache-miss
1212 silly fetch manifest bytes@^3.1.2
1213 silly packumentCache full:https://registry.npmmirror.com/bytes cache-hit
1214 silly fetch manifest content-type@^2.0.0
1215 silly packumentCache full:https://registry.npmmirror.com/content-type cache-hit
1216 silly fetch manifest http-errors@^2.0.1
1217 silly packumentCache full:https://registry.npmmirror.com/http-errors cache-hit
1218 silly fetch manifest iconv-lite@^0.7.2
1219 silly packumentCache full:https://registry.npmmirror.com/iconv-lite cache-hit
1220 silly fetch manifest qs@^6.15.2
1221 silly packumentCache full:https://registry.npmmirror.com/qs cache-hit
1222 silly fetch manifest type-is@^2.1.0
1223 silly packumentCache full:https://registry.npmmirror.com/type-is cache-hit
1224 silly fetch manifest inherits@~2.0.4
1225 silly packumentCache full:https://registry.npmmirror.com/inherits cache-miss
1226 silly fetch manifest setprototypeof@~1.2.0
1227 silly packumentCache full:https://registry.npmmirror.com/setprototypeof cache-miss
1228 silly fetch manifest statuses@~2.0.2
1229 silly packumentCache full:https://registry.npmmirror.com/statuses cache-hit
1230 silly fetch manifest toidentifier@~1.0.1
1231 silly packumentCache full:https://registry.npmmirror.com/toidentifier cache-miss
1232 silly fetch manifest mime-db@^1.54.0
1233 silly packumentCache full:https://registry.npmmirror.com/mime-db cache-miss
1234 silly fetch manifest ee-first@1.1.1
1235 silly packumentCache full:https://registry.npmmirror.com/ee-first cache-miss
1236 silly fetch manifest wrappy@1
1237 silly packumentCache full:https://registry.npmmirror.com/wrappy cache-miss
1238 silly fetch manifest forwarded@0.2.0
1239 silly packumentCache full:https://registry.npmmirror.com/forwarded cache-miss
1240 silly fetch manifest ipaddr.js@1.9.1
1241 silly packumentCache full:https://registry.npmmirror.com/ipaddr.js cache-miss
1242 silly fetch manifest side-channel@^1.1.1
1243 silly packumentCache full:https://registry.npmmirror.com/side-channel cache-miss
1244 silly fetch manifest es-define-property@^1.0.1
1245 silly packumentCache full:https://registry.npmmirror.com/es-define-property cache-miss
1246 silly fetch manifest is-promise@^4.0.0
1247 silly packumentCache full:https://registry.npmmirror.com/is-promise cache-miss
1248 silly fetch manifest path-to-regexp@^8.0.0
1249 silly packumentCache full:https://registry.npmmirror.com/path-to-regexp cache-miss
1250 silly fetch manifest statuses@^2.0.2
1251 silly packumentCache full:https://registry.npmmirror.com/statuses cache-hit
1252 silly fetch manifest content-type@^2.0.0
1253 silly packumentCache full:https://registry.npmmirror.com/content-type cache-hit
1254 silly fetch manifest media-typer@^1.1.0
1255 silly packumentCache full:https://registry.npmmirror.com/media-typer cache-miss
1256 http fetch GET 200 https://registry.npmmirror.com/is-promise 37ms (cache miss)
1257 silly packumentCache full:https://registry.npmmirror.com/is-promise set size:3391 disposed:false
1258 http fetch GET 200 https://registry.npmmirror.com/inherits 38ms (cache miss)
1259 silly packumentCache full:https://registry.npmmirror.com/inherits set size:3419 disposed:false
1260 http fetch GET 200 https://registry.npmmirror.com/es-define-property 38ms (cache miss)
1261 silly packumentCache full:https://registry.npmmirror.com/es-define-property set size:2896 disposed:false
1262 http fetch GET 200 https://registry.npmmirror.com/path-to-regexp 43ms (cache miss)
1263 silly packumentCache full:https://registry.npmmirror.com/path-to-regexp set size:29678 disposed:false
1264 http fetch GET 200 https://registry.npmmirror.com/wrappy 45ms (cache miss)
1265 silly packumentCache full:https://registry.npmmirror.com/wrappy set size:2201 disposed:false
1266 http fetch GET 200 https://registry.npmmirror.com/media-typer 43ms (cache miss)
1267 silly packumentCache full:https://registry.npmmirror.com/media-typer set size:5587 disposed:false
1268 http fetch GET 200 https://registry.npmmirror.com/negotiator 49ms (cache miss)
1269 silly packumentCache full:https://registry.npmmirror.com/negotiator set size:11625 disposed:false
1270 http fetch GET 200 https://registry.npmmirror.com/toidentifier 49ms (cache miss)
1271 silly packumentCache full:https://registry.npmmirror.com/toidentifier set size:3571 disposed:false
1272 http fetch GET 200 https://registry.npmmirror.com/ee-first 51ms (cache miss)
1273 silly packumentCache full:https://registry.npmmirror.com/ee-first set size:3574 disposed:false
1274 http fetch GET 200 https://registry.npmmirror.com/setprototypeof 53ms (cache miss)
1275 silly packumentCache full:https://registry.npmmirror.com/setprototypeof set size:3278 disposed:false
1276 http fetch GET 200 https://registry.npmmirror.com/side-channel 58ms (cache miss)
1277 silly packumentCache full:https://registry.npmmirror.com/side-channel set size:5472 disposed:false
1278 http fetch GET 200 https://registry.npmmirror.com/ipaddr.js 58ms (cache miss)
1279 silly packumentCache full:https://registry.npmmirror.com/ipaddr.js set size:17844 disposed:false
1280 http fetch GET 200 https://registry.npmmirror.com/forwarded 60ms (cache miss)
1281 silly packumentCache full:https://registry.npmmirror.com/forwarded set size:2947 disposed:false
1282 http fetch GET 200 https://registry.npmmirror.com/mime-db 61ms (cache miss)
1283 silly packumentCache full:https://registry.npmmirror.com/mime-db set size:24206 disposed:false
1284 silly placeDep ROOT negotiator@1.1.0 OK for: accepts@2.0.0 want: ^1.0.0
1285 silly fetch manifest content-type@^2.1.0
1286 silly packumentCache full:https://registry.npmmirror.com/content-type cache-hit
1287 silly placeDep ROOT bytes@3.1.2 OK for: body-parser@2.3.0 want: ^3.1.2
1288 silly placeDep node_modules/body-parser content-type@2.1.0 OK for: body-parser@2.3.0 want: ^2.0.0
1289 silly placeDep ROOT iconv-lite@0.7.3 OK for: body-parser@2.3.0 want: ^0.7.2
1290 silly fetch manifest safer-buffer@>= 2.1.2 < 3.0.0
1291 silly packumentCache full:https://registry.npmmirror.com/safer-buffer cache-miss
1292 http fetch GET 200 https://registry.npmmirror.com/safer-buffer 17ms (cache miss)
1293 silly packumentCache full:https://registry.npmmirror.com/safer-buffer set size:6036 disposed:false
1294 silly placeDep ROOT ip-address@10.5.0 OK for: express-rate-limit@8.6.2 want: ^10.2.0
1295 silly placeDep ROOT @nodelib/fs.stat@2.0.5 OK for: fast-glob@3.3.3 want: ^2.0.2
1296 silly placeDep ROOT @nodelib/fs.walk@1.2.8 OK for: fast-glob@3.3.3 want: ^1.2.3
1297 silly placeDep ROOT glob-parent@5.1.2 OK for: fast-glob@3.3.3 want: ^5.1.2
1298 silly placeDep ROOT merge2@1.4.1 OK for: fast-glob@3.3.3 want: ^1.3.0
1299 silly placeDep ROOT micromatch@4.0.8 OK for: fast-glob@3.3.3 want: ^4.0.8
1300 silly fetch manifest @nodelib/fs.scandir@2.1.5
1301 silly packumentCache full:https://registry.npmmirror.com/@nodelib%2ffs.scandir cache-miss
1302 silly fetch manifest fastq@^1.6.0
1303 silly packumentCache full:https://registry.npmmirror.com/fastq cache-miss
1304 silly fetch manifest is-glob@^4.0.1
1305 silly packumentCache full:https://registry.npmmirror.com/is-glob cache-miss
1306 silly fetch manifest braces@^3.0.3
1307 silly packumentCache full:https://registry.npmmirror.com/braces cache-miss
1308 silly fetch manifest picomatch@^2.3.1
1309 silly packumentCache full:https://registry.npmmirror.com/picomatch cache-hit
1310 http fetch GET 200 https://registry.npmmirror.com/fastq 18ms (cache miss)
1311 silly packumentCache full:https://registry.npmmirror.com/fastq set size:15037 disposed:false
1312 http fetch GET 200 https://registry.npmmirror.com/@nodelib%2ffs.scandir 19ms (cache miss)
1313 silly packumentCache full:https://registry.npmmirror.com/@nodelib%2ffs.scandir set size:8538 disposed:false
1314 http fetch GET 200 https://registry.npmmirror.com/braces 19ms (cache miss)
1315 silly packumentCache full:https://registry.npmmirror.com/braces set size:22104 disposed:false
1316 http fetch GET 200 https://registry.npmmirror.com/is-glob 83ms (cache miss)
1317 silly packumentCache full:https://registry.npmmirror.com/is-glob set size:7964 disposed:false
1318 silly placeDep ROOT @nodelib/fs.scandir@2.1.5 OK for: @nodelib/fs.walk@1.2.8 want: 2.1.5
1319 silly placeDep ROOT fastq@1.20.1 OK for: @nodelib/fs.walk@1.2.8 want: ^1.6.0
1320 silly fetch manifest run-parallel@^1.1.9
1321 silly packumentCache full:https://registry.npmmirror.com/run-parallel cache-miss
1322 silly fetch manifest reusify@^1.0.4
1323 silly packumentCache full:https://registry.npmmirror.com/reusify cache-miss
1324 http fetch GET 200 https://registry.npmmirror.com/reusify 16ms (cache miss)
1325 silly packumentCache full:https://registry.npmmirror.com/reusify set size:4443 disposed:false
1326 http fetch GET 200 https://registry.npmmirror.com/run-parallel 16ms (cache miss)
1327 silly packumentCache full:https://registry.npmmirror.com/run-parallel set size:6674 disposed:false
1328 silly placeDep ROOT run-parallel@1.2.0 OK for: @nodelib/fs.scandir@2.1.5 want: ^1.1.9
1329 silly fetch manifest queue-microtask@^1.2.2
1330 silly packumentCache full:https://registry.npmmirror.com/queue-microtask cache-miss
1331 http fetch GET 200 https://registry.npmmirror.com/queue-microtask 17ms (cache miss)
1332 silly packumentCache full:https://registry.npmmirror.com/queue-microtask set size:6139 disposed:false
1333 silly placeDep ROOT reusify@1.1.0 OK for: fastq@1.20.1 want: ^1.0.4
1334 silly placeDep ROOT is-unicode-supported@2.1.0 OK for: figures@6.1.0 want: ^2.0.0
1335 silly placeDep ROOT graceful-fs@4.2.11 OK for: fs-extra@11.4.0 want: ^4.2.0
1336 silly placeDep ROOT jsonfile@6.2.1 OK for: fs-extra@11.4.0 want: ^6.0.1
1337 silly placeDep ROOT universalify@2.0.1 OK for: fs-extra@11.4.0 want: ^2.0.0
1338 silly placeDep ROOT @sec-ant/readable-stream@0.4.1 OK for: get-stream@9.0.1 want: ^0.4.1
1339 silly placeDep ROOT is-glob@4.0.3 OK for: glob-parent@5.1.2 want: ^4.0.1
1340 silly fetch manifest is-extglob@^2.1.1
1341 silly packumentCache full:https://registry.npmmirror.com/is-extglob cache-miss
1342 http fetch GET 200 https://registry.npmmirror.com/is-extglob 54ms (cache miss)
1343 silly packumentCache full:https://registry.npmmirror.com/is-extglob set size:3363 disposed:false
1344 silly placeDep ROOT inherits@2.0.4 OK for: http-errors@2.0.1 want: ~2.0.4
1345 silly placeDep ROOT setprototypeof@1.2.0 OK for: http-errors@2.0.1 want: ~1.2.0
1346 silly placeDep ROOT toidentifier@1.0.1 OK for: http-errors@2.0.1 want: ~1.0.1
1347 silly placeDep ROOT safer-buffer@2.1.2 OK for: iconv-lite@0.7.3 want: >= 2.1.2 < 3.0.0
1348 silly placeDep ROOT parent-module@1.0.1 OK for: import-fresh@3.3.1 want: ^1.0.0
1349 silly placeDep ROOT resolve-from@4.0.0 OK for: import-fresh@3.3.1 want: ^4.0.0
1350 silly fetch manifest callsites@^3.0.0
1351 silly packumentCache full:https://registry.npmmirror.com/callsites cache-miss
1352 http fetch GET 200 https://registry.npmmirror.com/callsites 14ms (cache miss)
1353 silly packumentCache full:https://registry.npmmirror.com/callsites set size:4788 disposed:false
1354 silly placeDep ROOT is-extglob@2.1.1 OK for: is-glob@4.0.3 want: ^2.1.1
1355 silly placeDep ROOT argparse@2.0.1 OK for: js-yaml@4.3.1 want: ^2.0.1
1356 silly placeDep ROOT yallist@3.1.1 OK for: lru-cache@5.1.1 want: ^3.0.2
1357 silly placeDep ROOT braces@3.0.3 OK for: micromatch@4.0.8 want: ^3.0.3
1358 silly placeDep node_modules/micromatch picomatch@2.3.2 OK for: micromatch@4.0.8 want: ^2.3.1
1359 silly fetch manifest fill-range@^7.1.1
1360 silly packumentCache full:https://registry.npmmirror.com/fill-range cache-miss
1361 http fetch GET 200 https://registry.npmmirror.com/fill-range 57ms (cache miss)
1362 silly packumentCache full:https://registry.npmmirror.com/fill-range set size:14245 disposed:false
1363 silly placeDep ROOT fill-range@7.1.1 OK for: braces@3.0.3 want: ^7.1.1
1364 silly fetch manifest to-regex-range@^5.0.1
1365 silly packumentCache full:https://registry.npmmirror.com/to-regex-range cache-miss
1366 http fetch GET 200 https://registry.npmmirror.com/to-regex-range 39ms (cache miss)
1367 silly packumentCache full:https://registry.npmmirror.com/to-regex-range set size:11477 disposed:false
1368 silly placeDep ROOT to-regex-range@5.0.1 OK for: fill-range@7.1.1 want: ^5.0.1
1369 silly fetch manifest is-number@^7.0.0
1370 silly packumentCache full:https://registry.npmmirror.com/is-number cache-miss
1371 http fetch GET 200 https://registry.npmmirror.com/is-number 179ms (cache miss)
1372 silly packumentCache full:https://registry.npmmirror.com/is-number set size:7889 disposed:false
1373 silly placeDep ROOT mime-db@1.54.0 OK for: mime-types@3.0.2 want: ^1.54.0
1374 silly placeDep node_modules/negotiator content-type@2.1.0 OK for: negotiator@1.1.0 want: ^2.1.0
1375 silly placeDep node_modules/npm-run-path path-key@4.0.0 OK for: npm-run-path@6.0.0 want: ^4.0.0
1376 silly placeDep ROOT unicorn-magic@0.3.0 OK for: npm-run-path@6.0.0 want: ^0.3.0
1377 silly placeDep ROOT ee-first@1.1.1 OK for: on-finished@2.4.1 want: 1.1.1
1378 silly placeDep ROOT wrappy@1.0.2 OK for: once@1.4.0 want: 1
1379 silly placeDep node_modules/onetime mimic-fn@2.1.0 OK for: onetime@5.1.2 want: ^2.1.0
1380 silly placeDep ROOT default-browser@5.5.1 OK for: open@11.0.1 want: ^5.4.0
1381 silly placeDep ROOT define-lazy-prop@3.0.0 OK for: open@11.0.1 want: ^3.0.0
1382 silly placeDep ROOT is-in-ssh@1.0.0 OK for: open@11.0.1 want: ^1.0.0
1383 silly placeDep ROOT is-inside-container@1.0.0 OK for: open@11.0.1 want: ^1.0.0
1384 silly placeDep ROOT powershell-utils@0.2.0 OK for: open@11.0.1 want: ^0.2.0
1385 silly placeDep ROOT wsl-utils@1.0.0 OK for: open@11.0.1 want: ^1.0.0
1386 silly fetch manifest bundle-name@^4.1.0
1387 silly packumentCache full:https://registry.npmmirror.com/bundle-name cache-miss
1388 silly fetch manifest default-browser-id@^5.0.0
1389 silly packumentCache full:https://registry.npmmirror.com/default-browser-id cache-miss
1390 silly fetch manifest is-docker@^3.0.0
1391 silly packumentCache full:https://registry.npmmirror.com/is-docker cache-hit
1392 silly fetch manifest is-wsl@^3.1.0
1393 silly packumentCache full:https://registry.npmmirror.com/is-wsl cache-hit
1394 silly fetch manifest powershell-utils@^0.1.0
1395 silly packumentCache full:https://registry.npmmirror.com/powershell-utils cache-hit
1396 http fetch GET 200 https://registry.npmmirror.com/default-browser-id 38ms (cache miss)
1397 silly packumentCache full:https://registry.npmmirror.com/default-browser-id set size:5060 disposed:false
1398 http fetch GET 200 https://registry.npmmirror.com/bundle-name 38ms (cache miss)
1399 silly packumentCache full:https://registry.npmmirror.com/bundle-name set size:3899 disposed:false
1400 silly placeDep ROOT bundle-name@4.1.0 OK for: default-browser@5.5.1 want: ^4.1.0
1401 silly placeDep ROOT default-browser-id@5.0.1 OK for: default-browser@5.5.1 want: ^5.0.0
1402 silly fetch manifest run-applescript@^7.0.0
1403 silly packumentCache full:https://registry.npmmirror.com/run-applescript cache-miss
1404 http fetch GET 200 https://registry.npmmirror.com/run-applescript 14ms (cache miss)
1405 silly packumentCache full:https://registry.npmmirror.com/run-applescript set size:6236 disposed:false
1406 silly placeDep ROOT run-applescript@7.1.0 OK for: bundle-name@4.1.0 want: ^7.0.0
1407 silly placeDep ROOT is-docker@3.0.0 OK for: is-inside-container@1.0.0 want: ^3.0.0
1408 silly placeDep ROOT chalk@5.6.2 OK for: ora@8.2.0 want: ^5.3.0
1409 silly placeDep ROOT cli-cursor@5.0.0 OK for: ora@8.2.0 want: ^5.0.0
1410 silly placeDep ROOT cli-spinners@2.9.2 OK for: ora@8.2.0 want: ^2.9.2
1411 silly placeDep ROOT is-interactive@2.0.0 OK for: ora@8.2.0 want: ^2.0.0
1412 silly placeDep ROOT log-symbols@6.0.0 OK for: ora@8.2.0 want: ^6.0.0
1413 silly placeDep ROOT stdin-discarder@0.2.2 OK for: ora@8.2.0 want: ^0.2.2
1414 silly placeDep ROOT string-width@7.2.0 OK for: ora@8.2.0 want: ^7.2.0
1415 silly placeDep node_modules/ora strip-ansi@7.2.0 OK for: ora@8.2.0 want: ^7.1.0
1416 silly fetch manifest restore-cursor@^5.0.0
1417 silly packumentCache full:https://registry.npmmirror.com/restore-cursor cache-miss
1418 silly fetch manifest is-unicode-supported@^1.3.0
1419 silly packumentCache full:https://registry.npmmirror.com/is-unicode-supported cache-hit
1420 silly fetch manifest emoji-regex@^10.3.0
1421 silly packumentCache full:https://registry.npmmirror.com/emoji-regex cache-miss
1422 silly fetch manifest get-east-asian-width@^1.0.0
1423 silly packumentCache full:https://registry.npmmirror.com/get-east-asian-width cache-miss
1424 silly fetch manifest ansi-regex@^6.2.2
1425 silly packumentCache full:https://registry.npmmirror.com/ansi-regex cache-hit
1426 http fetch GET 200 https://registry.npmmirror.com/get-east-asian-width 54ms (cache miss)
1427 silly packumentCache full:https://registry.npmmirror.com/get-east-asian-width set size:4839 disposed:false
1428 http fetch GET 200 https://registry.npmmirror.com/restore-cursor 56ms (cache miss)
1429 silly packumentCache full:https://registry.npmmirror.com/restore-cursor set size:3681 disposed:false
1430 http fetch GET 200 https://registry.npmmirror.com/emoji-regex 62ms (cache miss)
1431 silly packumentCache full:https://registry.npmmirror.com/emoji-regex set size:17651 disposed:false
1432 silly placeDep ROOT restore-cursor@5.1.0 OK for: cli-cursor@5.0.0 want: ^5.0.0
1433 silly fetch manifest onetime@^7.0.0
1434 silly packumentCache full:https://registry.npmmirror.com/onetime cache-hit
1435 silly placeDep node_modules/log-symbols is-unicode-supported@1.3.0 OK for: log-symbols@6.0.0 want: ^1.3.0
1436 silly placeDep ROOT callsites@3.1.0 OK for: parent-module@1.0.1 want: ^3.0.0
1437 silly placeDep ROOT error-ex@1.3.4 OK for: parse-json@5.2.0 want: ^1.3.1
1438 silly placeDep ROOT json-parse-even-better-errors@2.3.1 OK for: parse-json@5.2.0 want: ^2.3.0
1439 silly placeDep ROOT lines-and-columns@1.2.4 OK for: parse-json@5.2.0 want: ^1.1.6
1440 silly fetch manifest is-arrayish@^0.2.1
1441 silly packumentCache full:https://registry.npmmirror.com/is-arrayish cache-miss
1442 http fetch GET 200 https://registry.npmmirror.com/is-arrayish 13ms (cache miss)
1443 silly packumentCache full:https://registry.npmmirror.com/is-arrayish set size:3618 disposed:false
1444 silly placeDep ROOT is-arrayish@0.2.1 OK for: error-ex@1.3.4 want: ^0.2.1
1445 silly placeDep ROOT find-up@3.0.0 OK for: pkg-up@3.1.0 want: ^3.0.0
1446 silly fetch manifest locate-path@^3.0.0
1447 silly packumentCache full:https://registry.npmmirror.com/locate-path cache-miss
1448 http fetch GET 200 https://registry.npmmirror.com/locate-path 68ms (cache miss)
1449 silly packumentCache full:https://registry.npmmirror.com/locate-path set size:7506 disposed:false
1450 silly placeDep ROOT locate-path@3.0.0 OK for: find-up@3.0.0 want: ^3.0.0
1451 silly fetch manifest p-locate@^3.0.0
1452 silly packumentCache full:https://registry.npmmirror.com/p-locate cache-miss
1453 silly fetch manifest path-exists@^3.0.0
1454 silly packumentCache full:https://registry.npmmirror.com/path-exists cache-miss
1455 http fetch GET 200 https://registry.npmmirror.com/path-exists 35ms (cache miss)
1456 silly packumentCache full:https://registry.npmmirror.com/path-exists set size:3293 disposed:false
1457 http fetch GET 200 https://registry.npmmirror.com/p-locate 87ms (cache miss)
1458 silly packumentCache full:https://registry.npmmirror.com/p-locate set size:4657 disposed:false
1459 silly placeDep ROOT p-locate@3.0.0 OK for: locate-path@3.0.0 want: ^3.0.0
1460 silly placeDep ROOT path-exists@3.0.0 OK for: locate-path@3.0.0 want: ^3.0.0
1461 silly fetch manifest p-limit@^2.0.0
1462 silly packumentCache full:https://registry.npmmirror.com/p-limit cache-miss
1463 http fetch GET 200 https://registry.npmmirror.com/p-limit 95ms (cache miss)
1464 silly packumentCache full:https://registry.npmmirror.com/p-limit set size:11324 disposed:false
1465 silly placeDep ROOT p-limit@2.3.0 OK for: p-locate@3.0.0 want: ^2.0.0
1466 silly fetch manifest p-try@^2.0.0
1467 silly packumentCache full:https://registry.npmmirror.com/p-try cache-miss
1468 http fetch GET 200 https://registry.npmmirror.com/p-try 53ms (cache miss)
1469 silly packumentCache full:https://registry.npmmirror.com/p-try set size:3142 disposed:false
1470 silly placeDep ROOT p-try@2.2.0 OK for: p-limit@2.3.0 want: ^2.0.0
1471 silly placeDep ROOT nanoid@3.3.18 OK for: postcss@8.5.26 want: ^3.3.17
1472 silly placeDep ROOT source-map-js@1.2.1 OK for: postcss@8.5.26 want: ^1.2.1
1473 silly placeDep ROOT cssesc@3.0.0 OK for: postcss-selector-parser@7.1.5 want: ^3.0.0
1474 silly placeDep ROOT util-deprecate@1.0.2 OK for: postcss-selector-parser@7.1.5 want: ^1.0.2
1475 silly placeDep ROOT parse-ms@4.0.0 OK for: pretty-ms@9.3.0 want: ^4.0.0
1476 silly placeDep node_modules/prompts kleur@3.0.3 OK for: prompts@2.4.2 want: ^3.0.3
1477 silly placeDep ROOT sisteransi@1.0.5 OK for: prompts@2.4.2 want: ^1.0.5
1478 silly placeDep ROOT forwarded@0.2.0 OK for: proxy-addr@2.0.7 want: 0.2.0
1479 silly placeDep ROOT ipaddr.js@1.9.1 OK for: proxy-addr@2.0.7 want: 1.9.1
1480 silly placeDep ROOT es-define-property@1.0.1 OK for: qs@6.15.3 want: ^1.0.1
1481 silly placeDep ROOT side-channel@1.1.1 OK for: qs@6.15.3 want: ^1.1.1
1482 silly fetch manifest es-errors@^1.3.0
1483 silly packumentCache full:https://registry.npmmirror.com/es-errors cache-miss
1484 silly fetch manifest object-inspect@^1.13.4
1485 silly packumentCache full:https://registry.npmmirror.com/object-inspect cache-miss
1486 silly fetch manifest side-channel-list@^1.0.1
1487 silly packumentCache full:https://registry.npmmirror.com/side-channel-list cache-miss
1488 silly fetch manifest side-channel-map@^1.0.1
1489 silly packumentCache full:https://registry.npmmirror.com/side-channel-map cache-miss
1490 silly fetch manifest side-channel-weakmap@^1.0.2
1491 silly packumentCache full:https://registry.npmmirror.com/side-channel-weakmap cache-miss
1492 http fetch GET 200 https://registry.npmmirror.com/side-channel-weakmap 85ms (cache miss)
1493 silly packumentCache full:https://registry.npmmirror.com/side-channel-weakmap set size:3754 disposed:false
1494 http fetch GET 200 https://registry.npmmirror.com/side-channel-list 86ms (cache miss)
1495 silly packumentCache full:https://registry.npmmirror.com/side-channel-list set size:3117 disposed:false
1496 http fetch GET 200 https://registry.npmmirror.com/side-channel-map 86ms (cache miss)
1497 silly packumentCache full:https://registry.npmmirror.com/side-channel-map set size:3039 disposed:false
1498 http fetch GET 200 https://registry.npmmirror.com/es-errors 87ms (cache miss)
1499 silly packumentCache full:https://registry.npmmirror.com/es-errors set size:4030 disposed:false
1500 http fetch GET 200 https://registry.npmmirror.com/object-inspect 94ms (cache miss)
1501 silly packumentCache full:https://registry.npmmirror.com/object-inspect set size:19266 disposed:false
1502 silly placeDep ROOT unpipe@1.0.0 OK for: raw-body@3.0.2 want: ~1.0.0
1503 silly placeDep ROOT ast-types@0.16.1 OK for: recast@0.23.21 want: ^0.16.1
1504 silly placeDep ROOT esprima@4.0.1 OK for: recast@0.23.21 want: ~4.0.0
1505 silly placeDep ROOT source-map@0.6.1 OK for: recast@0.23.21 want: ~0.6.1
1506 silly placeDep ROOT tiny-invariant@1.3.3 OK for: recast@0.23.21 want: ^1.3.3
1507 silly placeDep ROOT tslib@2.8.1 OK for: recast@0.23.21 want: ^2.0.1
1508 silly placeDep node_modules/restore-cursor onetime@7.0.0 OK for: restore-cursor@5.1.0 want: ^7.0.0
1509 silly fetch manifest mimic-function@^5.0.0
1510 silly packumentCache full:https://registry.npmmirror.com/mimic-function cache-miss
1511 http fetch GET 200 https://registry.npmmirror.com/mimic-function 29ms (cache miss)
1512 silly packumentCache full:https://registry.npmmirror.com/mimic-function set size:2460 disposed:false
1513 silly placeDep ROOT is-promise@4.0.0 OK for: router@2.2.0 want: ^4.0.0
1514 silly placeDep ROOT path-to-regexp@8.4.2 OK for: router@2.2.0 want: ^8.0.0
1515 silly placeDep ROOT queue-microtask@1.2.3 OK for: run-parallel@1.2.0 want: ^1.2.2
1516 silly placeDep ROOT shebang-regex@3.0.0 OK for: shebang-command@2.0.0 want: ^3.0.0
1517 silly placeDep ROOT es-errors@1.3.0 OK for: side-channel@1.1.1 want: ^1.3.0
1518 silly placeDep ROOT object-inspect@1.13.4 OK for: side-channel@1.1.1 want: ^1.13.4
1519 silly placeDep ROOT side-channel-list@1.0.1 OK for: side-channel@1.1.1 want: ^1.0.1
1520 silly placeDep ROOT side-channel-map@1.0.1 OK for: side-channel@1.1.1 want: ^1.0.1
1521 silly placeDep ROOT side-channel-weakmap@1.0.2 OK for: side-channel@1.1.1 want: ^1.0.2
1522 silly fetch manifest call-bound@^1.0.2
1523 silly packumentCache full:https://registry.npmmirror.com/call-bound cache-miss
1524 silly fetch manifest get-intrinsic@^1.2.5
1525 silly packumentCache full:https://registry.npmmirror.com/get-intrinsic cache-miss
1526 silly fetch manifest call-bound@^1.0.2
1527 silly packumentCache full:https://registry.npmmirror.com/call-bound cache-miss
1528 silly fetch manifest get-intrinsic@^1.2.5
1529 silly packumentCache full:https://registry.npmmirror.com/get-intrinsic cache-miss
1530 http fetch GET 200 https://registry.npmmirror.com/call-bound 18ms (cache miss)
1531 silly packumentCache full:https://registry.npmmirror.com/call-bound set size:3859 disposed:false
1532 http fetch GET 200 https://registry.npmmirror.com/call-bound 18ms (cache miss)
1533 silly packumentCache full:https://registry.npmmirror.com/call-bound set size:3859 disposed:false
1534 silly packumentCache full:https://registry.npmmirror.com/call-bound dispose
1535 http fetch GET 200 https://registry.npmmirror.com/get-intrinsic 18ms (cache miss)
1536 silly packumentCache full:https://registry.npmmirror.com/get-intrinsic set size:11575 disposed:false
1537 http fetch GET 200 https://registry.npmmirror.com/get-intrinsic 19ms (cache miss)
1538 silly packumentCache full:https://registry.npmmirror.com/get-intrinsic set size:11575 disposed:false
1539 silly packumentCache full:https://registry.npmmirror.com/get-intrinsic dispose
1540 silly placeDep ROOT call-bound@1.0.4 OK for: side-channel-map@1.0.1 want: ^1.0.2
1541 silly placeDep ROOT get-intrinsic@1.3.0 OK for: side-channel-map@1.0.1 want: ^1.2.5
1542 silly fetch manifest call-bind-apply-helpers@^1.0.2
1543 silly packumentCache full:https://registry.npmmirror.com/call-bind-apply-helpers cache-miss
1544 silly fetch manifest get-intrinsic@^1.3.0
1545 silly packumentCache full:https://registry.npmmirror.com/get-intrinsic cache-hit
1546 silly fetch manifest call-bind-apply-helpers@^1.0.2
1547 silly packumentCache full:https://registry.npmmirror.com/call-bind-apply-helpers cache-miss
1548 silly fetch manifest es-object-atoms@^1.1.1
1549 silly packumentCache full:https://registry.npmmirror.com/es-object-atoms cache-miss
1550 silly fetch manifest function-bind@^1.1.2
1551 silly packumentCache full:https://registry.npmmirror.com/function-bind cache-miss
1552 silly fetch manifest get-proto@^1.0.1
1553 silly packumentCache full:https://registry.npmmirror.com/get-proto cache-miss
1554 silly fetch manifest gopd@^1.2.0
1555 silly packumentCache full:https://registry.npmmirror.com/gopd cache-miss
1556 silly fetch manifest has-symbols@^1.1.0
1557 silly packumentCache full:https://registry.npmmirror.com/has-symbols cache-miss
1558 silly fetch manifest hasown@^2.0.2
1559 silly packumentCache full:https://registry.npmmirror.com/hasown cache-miss
1560 silly fetch manifest math-intrinsics@^1.1.0
1561 silly packumentCache full:https://registry.npmmirror.com/math-intrinsics cache-miss
1562 http fetch GET 200 https://registry.npmmirror.com/function-bind 15ms (cache miss)
1563 silly packumentCache full:https://registry.npmmirror.com/function-bind set size:4376 disposed:false
1564 http fetch GET 200 https://registry.npmmirror.com/call-bind-apply-helpers 17ms (cache miss)
1565 silly packumentCache full:https://registry.npmmirror.com/call-bind-apply-helpers set size:3532 disposed:false
1566 http fetch GET 200 https://registry.npmmirror.com/has-symbols 18ms (cache miss)
1567 silly packumentCache full:https://registry.npmmirror.com/has-symbols set size:5325 disposed:false
1568 http fetch GET 200 https://registry.npmmirror.com/es-object-atoms 18ms (cache miss)
1569 silly packumentCache full:https://registry.npmmirror.com/es-object-atoms set size:4324 disposed:false
1570 http fetch GET 200 https://registry.npmmirror.com/call-bind-apply-helpers 28ms (cache miss)
1571 silly packumentCache full:https://registry.npmmirror.com/call-bind-apply-helpers set size:3532 disposed:false
1572 silly packumentCache full:https://registry.npmmirror.com/call-bind-apply-helpers dispose
1573 http fetch GET 200 https://registry.npmmirror.com/gopd 28ms (cache miss)
1574 silly packumentCache full:https://registry.npmmirror.com/gopd set size:3962 disposed:false
1575 http fetch GET 200 https://registry.npmmirror.com/get-proto 29ms (cache miss)
1576 silly packumentCache full:https://registry.npmmirror.com/get-proto set size:2799 disposed:false
1577 http fetch GET 200 https://registry.npmmirror.com/hasown 29ms (cache miss)
1578 silly packumentCache full:https://registry.npmmirror.com/hasown set size:4802 disposed:false
1579 http fetch GET 200 https://registry.npmmirror.com/math-intrinsics 30ms (cache miss)
1580 silly packumentCache full:https://registry.npmmirror.com/math-intrinsics set size:3012 disposed:false
1581 silly placeDep ROOT call-bind-apply-helpers@1.0.2 OK for: call-bound@1.0.4 want: ^1.0.2
1582 silly placeDep ROOT function-bind@1.1.2 OK for: call-bind-apply-helpers@1.0.2 want: ^1.1.2
1583 silly placeDep ROOT es-object-atoms@1.1.2 OK for: get-intrinsic@1.3.0 want: ^1.1.1
1584 silly placeDep ROOT get-proto@1.0.1 OK for: get-intrinsic@1.3.0 want: ^1.0.1
1585 silly placeDep ROOT gopd@1.2.0 OK for: get-intrinsic@1.3.0 want: ^1.2.0
1586 silly placeDep ROOT has-symbols@1.1.0 OK for: get-intrinsic@1.3.0 want: ^1.1.0
1587 silly placeDep ROOT hasown@2.0.4 OK for: get-intrinsic@1.3.0 want: ^2.0.2
1588 silly placeDep ROOT math-intrinsics@1.1.0 OK for: get-intrinsic@1.3.0 want: ^1.1.0
1589 silly fetch manifest dunder-proto@^1.0.1
1590 silly packumentCache full:https://registry.npmmirror.com/dunder-proto cache-miss
1591 http fetch GET 200 https://registry.npmmirror.com/dunder-proto 21ms (cache miss)
1592 silly packumentCache full:https://registry.npmmirror.com/dunder-proto set size:2798 disposed:false
1593 silly placeDep ROOT dunder-proto@1.0.1 OK for: get-proto@1.0.1 want: ^1.0.1
1594 silly placeDep ROOT smart-buffer@4.2.0 OK for: socks@2.8.9 want: ^4.2.0
1595 silly placeDep ROOT emoji-regex@10.6.0 OK for: string-width@7.2.0 want: ^10.3.0
1596 silly placeDep ROOT get-east-asian-width@1.6.0 OK for: string-width@7.2.0 want: ^1.0.0
1597 silly placeDep node_modules/string-width strip-ansi@7.2.0 OK for: string-width@7.2.0 want: ^7.1.0
1598 silly placeDep ROOT get-own-enumerable-keys@1.0.0 OK for: stringify-object@5.0.0 want: ^1.0.0
1599 silly placeDep node_modules/stringify-object is-obj@3.0.0 OK for: stringify-object@5.0.0 want: ^3.0.0
1600 silly placeDep ROOT is-regexp@3.1.0 OK for: stringify-object@5.0.0 want: ^3.1.0
1601 silly placeDep ROOT ansi-regex@5.0.1 OK for: strip-ansi@6.0.1 want: ^5.0.1
1602 silly placeDep ROOT is-number@7.0.0 OK for: to-regex-range@5.0.1 want: ^7.0.0
1603 silly placeDep ROOT @ts-morph/common@0.27.0 OK for: ts-morph@26.0.0 want: ~0.27.0
1604 silly placeDep ROOT code-block-writer@13.0.3 OK for: ts-morph@26.0.0 want: ^13.0.3
1605 silly fetch manifest minimatch@^10.0.1
1606 silly packumentCache full:https://registry.npmmirror.com/minimatch cache-miss
1607 silly fetch manifest path-browserify@^1.0.1
1608 silly packumentCache full:https://registry.npmmirror.com/path-browserify cache-miss
1609 http fetch GET 200 https://registry.npmmirror.com/path-browserify 20ms (cache miss)
1610 silly packumentCache full:https://registry.npmmirror.com/path-browserify set size:3449 disposed:false
1611 http fetch GET 200 https://registry.npmmirror.com/minimatch 21ms (cache miss)
1612 silly packumentCache full:https://registry.npmmirror.com/minimatch set size:98084 disposed:false
1613 silly placeDep ROOT minimatch@10.2.6 OK for: @ts-morph/common@0.27.0 want: ^10.0.1
1614 silly placeDep ROOT path-browserify@1.0.1 OK for: @ts-morph/common@0.27.0 want: ^1.0.1
1615 silly fetch manifest brace-expansion@^5.0.8
1616 silly packumentCache full:https://registry.npmmirror.com/brace-expansion cache-miss
1617 http fetch GET 200 https://registry.npmmirror.com/brace-expansion 16ms (cache miss)
1618 silly packumentCache full:https://registry.npmmirror.com/brace-expansion set size:20500 disposed:false
1619 silly placeDep ROOT brace-expansion@5.0.9 OK for: minimatch@10.2.6 want: ^5.0.8
1620 silly fetch manifest balanced-match@^4.0.2
1621 silly packumentCache full:https://registry.npmmirror.com/balanced-match cache-miss
1622 http fetch GET 200 https://registry.npmmirror.com/balanced-match 18ms (cache miss)
1623 silly packumentCache full:https://registry.npmmirror.com/balanced-match set size:7522 disposed:false
1624 silly placeDep ROOT balanced-match@4.0.4 OK for: brace-expansion@5.0.9 want: ^4.0.2
1625 silly placeDep ROOT minimist@1.2.8 OK for: tsconfig-paths@4.2.0 want: ^1.2.6
1626 silly placeDep ROOT strip-bom@3.0.0 OK for: tsconfig-paths@4.2.0 want: ^3.0.0
1627 silly placeDep node_modules/type-is content-type@2.1.0 OK for: type-is@2.1.0 want: ^2.0.0
1628 silly placeDep ROOT media-typer@1.1.1 OK for: type-is@2.1.0 want: ^1.1.0
1629 silly placeDep ROOT escalade@3.2.0 OK for: update-browserslist-db@1.3.1 want: ^3.2.0
1630 silly placeDep ROOT isexe@3.1.5 OK for: which@4.0.0 want: ^3.1.1
1631 silly placeDep ROOT is-wsl@3.1.1 OK for: wsl-utils@1.0.0 want: ^3.1.0
1632 silly placeDep node_modules/wsl-utils powershell-utils@0.1.0 OK for: wsl-utils@1.0.0 want: ^0.1.0
1633 silly placeDep node_modules/@dotenvx/dotenvx get-stream@6.0.1 OK for: execa@5.1.1 want: ^6.0.0
1634 silly placeDep node_modules/@dotenvx/dotenvx human-signals@2.1.0 OK for: execa@5.1.1 want: ^2.1.0
1635 silly placeDep node_modules/@dotenvx/dotenvx is-stream@2.0.1 OK for: execa@5.1.1 want: ^2.0.0
1636 silly placeDep ROOT merge-stream@2.0.0 OK for: execa@5.1.1 want: ^2.0.0
1637 silly placeDep node_modules/@dotenvx/dotenvx npm-run-path@4.0.1 OK for: execa@5.1.1 want: ^4.0.1
1638 silly placeDep node_modules/@dotenvx/dotenvx signal-exit@3.0.7 OK for: execa@5.1.1 want: ^3.0.3
1639 silly placeDep node_modules/@dotenvx/dotenvx strip-final-newline@2.0.0 OK for: execa@5.1.1 want: ^2.0.0
1640 silly placeDep node_modules/@dotenvx/dotenvx define-lazy-prop@2.0.0 OK for: open@8.4.2 want: ^2.0.0
1641 silly placeDep node_modules/@dotenvx/dotenvx is-docker@2.2.1 OK for: open@8.4.2 want: ^2.1.1
1642 silly placeDep node_modules/@dotenvx/dotenvx is-wsl@2.2.0 OK for: open@8.4.2 want: ^2.2.0
1643 silly placeDep node_modules/cross-spawn isexe@2.0.0 OK for: which@2.0.2 want: ^2.0.0
1644 silly placeDep node_modules/ora ansi-regex@6.3.0 OK for: strip-ansi@7.2.0 want: ^6.2.2
1645 silly placeDep ROOT mimic-function@5.0.1 OK for: onetime@7.0.0 want: ^5.0.0
1646 silly placeDep node_modules/string-width ansi-regex@6.3.0 OK for: strip-ansi@7.2.0 want: ^6.2.2
1647 silly reify moves {}
1648 silly audit bulk request {
1648 silly audit   shadcn: [ '4.18.0' ],
1648 silly audit   '@babel/core': [ '7.29.7' ],
1648 silly audit   '@babel/parser': [ '7.29.8' ],
1648 silly audit   '@babel/plugin-transform-typescript': [ '7.29.7' ],
1648 silly audit   '@babel/preset-typescript': [ '7.29.7' ],
1648 silly audit   '@dotenvx/dotenvx': [ '1.75.1' ],
1648 silly audit   '@modelcontextprotocol/sdk': [ '1.30.0' ],
1648 silly audit   '@types/validate-npm-package-name': [ '4.0.2' ],
1648 silly audit   browserslist: [ '4.28.8' ],
1648 silly audit   commander: [ '14.0.3', '11.1.0' ],
1648 silly audit   cosmiconfig: [ '9.0.2' ],
1648 silly audit   dedent: [ '1.7.2' ],
1648 silly audit   deepmerge: [ '4.3.1' ],
1648 silly audit   diff: [ '8.0.4' ],
1648 silly audit   execa: [ '9.6.1', '5.1.1' ],
1648 silly audit   'fast-glob': [ '3.3.3' ],
1648 silly audit   'fs-extra': [ '11.4.0' ],
1648 silly audit   fuzzysort: [ '3.1.0' ],
1648 silly audit   kleur: [ '4.1.5', '3.0.3' ],
1648 silly audit   open: [ '11.0.1', '8.4.2' ],
1648 silly audit   ora: [ '8.2.0' ],
1648 silly audit   postcss: [ '8.5.26' ],
1648 silly audit   'postcss-selector-parser': [ '7.1.5' ],
1648 silly audit   prompts: [ '2.4.2' ],
1648 silly audit   recast: [ '0.23.21' ],
1648 silly audit   socks: [ '2.8.9' ],
1648 silly audit   'stringify-object': [ '5.0.0' ],
1648 silly audit   'tailwind-merge': [ '3.6.0' ],
1648 silly audit   'ts-morph': [ '26.0.0' ],
1648 silly audit   'tsconfig-paths': [ '4.2.0' ],
1648 silly audit   undici: [ '7.29.0' ],
1648 silly audit   'validate-npm-package-name': [ '7.0.2' ],
1648 silly audit   zod: [ '3.25.76' ],
1648 silly audit   'zod-to-json-schema': [ '3.25.2' ],
1648 silly audit   '@babel/code-frame': [ '7.29.7' ],
1648 silly audit   '@babel/generator': [ '7.29.8' ],
1648 silly audit   '@babel/helper-compilation-targets': [ '7.29.7' ],
1648 silly audit   '@babel/helper-module-transforms': [ '7.29.7' ],
1648 silly audit   '@babel/helpers': [ '7.29.7' ],
1648 silly audit   '@babel/template': [ '7.29.7' ],
1648 silly audit   '@babel/traverse': [ '7.29.8' ],
1648 silly audit   '@babel/types': [ '7.29.8' ],
1648 silly audit   '@jridgewell/remapping': [ '2.3.5' ],
1648 silly audit   'convert-source-map': [ '2.0.0' ],
1648 silly audit   debug: [ '4.4.3' ],
1648 silly audit   gensync: [ '1.0.0-beta.2' ],
1648 silly audit   json5: [ '2.2.3' ],
1648 silly audit   semver: [ '6.3.1', '7.8.5' ],
1648 silly audit   '@babel/helper-validator-identifier': [ '7.29.7' ],
1648 silly audit   'js-tokens': [ '4.0.0' ],
1648 silly audit   picocolors: [ '1.1.1' ],
1648 silly audit   '@jridgewell/gen-mapping': [ '0.3.13' ],
1648 silly audit   '@jridgewell/trace-mapping': [ '0.3.31' ],
1648 silly audit   jsesc: [ '3.1.0' ],
1648 silly audit   '@babel/compat-data': [ '7.29.7' ],
1648 silly audit   '@babel/helper-validator-option': [ '7.29.7' ],
1648 silly audit   'lru-cache': [ '5.1.1' ],
1648 silly audit   '@babel/helper-module-imports': [ '7.29.7' ],
1648 silly audit   '@babel/helper-annotate-as-pure': [ '7.29.7' ],
1648 silly audit   '@babel/helper-create-class-features-plugin': [ '7.29.7' ],
1648 silly audit   '@babel/helper-plugin-utils': [ '7.29.7' ],
1648 silly audit   '@babel/helper-skip-transparent-expression-wrappers': [ '7.29.7' ],
1648 silly audit   '@babel/plugin-syntax-typescript': [ '7.29.7' ],
1648 silly audit   '@babel/helper-member-expression-to-functions': [ '7.29.7' ],
1648 silly audit   '@babel/helper-optimise-call-expression': [ '7.29.7' ],
1648 silly audit   '@babel/helper-replace-supers': [ '7.29.7' ],
1648 silly audit   '@babel/plugin-syntax-jsx': [ '7.29.7' ],
1648 silly audit   '@babel/plugin-transform-modules-commonjs': [ '7.29.7' ],
1648 silly audit   '@babel/helper-globals': [ '7.29.7' ],
1648 silly audit   '@babel/helper-string-parser': [ '7.29.7' ],
1648 silly audit   '@dotenvx/primitives': [ '0.8.0' ],
1648 silly audit   conf: [ '10.2.0' ],
1648 silly audit   dotenv: [ '17.4.2' ],
1648 silly audit   enquirer: [ '2.4.1' ],
1648 silly audit   'env-paths': [ '2.2.1' ],
1648 silly audit   fdir: [ '6.5.0' ],
1648 silly audit   ignore: [ '5.3.2' ],
1648 silly audit   'object-treeify': [ '1.1.33' ],
1648 silly audit   picomatch: [ '4.0.5', '2.3.2' ],
1648 silly audit   systeminformation: [ '5.33.1' ],
1648 silly audit   which: [ '4.0.0', '2.0.2' ],
1648 silly audit   'yocto-spinner': [ '1.2.2' ],
1648 silly audit   '@jridgewell/sourcemap-codec': [ '1.5.5' ],
1648 silly audit   '@jridgewell/resolve-uri': [ '3.1.2' ],
1648 silly audit   '@hono/node-server': [ '2.1.1' ],
1648 silly audit   hono: [ '4.13.3' ],
1648 silly audit   ajv: [ '8.20.0' ],
1648 silly audit   'ajv-formats': [ '3.0.1', '2.1.1' ],
1648 silly audit   'content-type': [ '1.0.5', '2.1.0' ],
1648 silly audit   cors: [ '2.8.6' ],
1648 silly audit   'cross-spawn': [ '7.0.6' ],
1648 silly audit   eventsource: [ '3.0.7' ],
1648 silly audit   'eventsource-parser': [ '3.1.1' ],
1648 silly audit   express: [ '5.2.1' ],
1648 silly audit   'express-rate-limit': [ '8.6.2' ],
1648 silly audit   jose: [ '6.2.9' ],
1648 silly audit   'json-schema-typed': [ '8.0.2', '7.0.3' ],
1648 silly audit   'pkce-challenge': [ '5.0.1' ],
1648 silly audit   'raw-body': [ '3.0.2' ],
1648 silly audit   'fast-deep-equal': [ '3.1.3' ],
1648 silly audit   'fast-uri': [ '3.1.5' ],
1648 silly audit   'json-schema-traverse': [ '1.0.0' ],
1648 silly audit   'require-from-string': [ '2.0.2' ],
1648 silly audit   'baseline-browser-mapping': [ '2.11.16' ],
1648 silly audit   'caniuse-lite': [ '1.0.30001809' ],
1648 silly audit   'electron-to-chromium': [ '1.5.412' ],
1648 silly audit   'node-releases': [ '2.0.53' ],
1648 silly audit   'update-browserslist-db': [ '1.3.1' ],
1648 silly audit   atomically: [ '1.7.0' ],
1648 silly audit   'debounce-fn': [ '4.0.0' ],
1648 silly audit   'dot-prop': [ '6.0.1' ],
1648 silly audit   onetime: [ '5.1.2', '7.0.0' ],
1648 silly audit   'pkg-up': [ '3.1.0' ],
1648 silly audit   'object-assign': [ '4.1.1' ],
1648 silly audit   vary: [ '1.1.2' ],
1648 silly audit   'import-fresh': [ '3.3.1' ],
1648 silly audit   'js-yaml': [ '4.3.1' ],
1648 silly audit   'parse-json': [ '5.2.0' ],
1648 silly audit   'path-key': [ '3.1.1', '4.0.0' ],
1648 silly audit   'shebang-command': [ '2.0.0' ],
1648 silly audit   'mimic-fn': [ '3.1.0', '2.1.0' ],
1648 silly audit   ms: [ '2.1.3' ],
1648 silly audit   'is-obj': [ '2.0.0', '3.0.0' ],
1648 silly audit   'ansi-colors': [ '4.1.3' ],
1648 silly audit   'strip-ansi': [ '6.0.1', '7.2.0' ],
1648 silly audit   '@sindresorhus/merge-streams': [ '4.0.0' ],
1648 silly audit   figures: [ '6.1.0' ],
1648 silly audit   'get-stream': [ '9.0.1', '6.0.1' ],
1648 silly audit   'human-signals': [ '8.0.1', '2.1.0' ],
1648 silly audit   'is-plain-obj': [ '4.1.0' ],
1648 silly audit   'is-stream': [ '4.0.1', '2.0.1' ],
1648 silly audit   'npm-run-path': [ '6.0.0', '4.0.1' ],
1648 silly audit   'pretty-ms': [ '9.3.0' ],
1648 silly audit   'signal-exit': [ '4.1.0', '3.0.7' ],
1648 silly audit   'strip-final-newline': [ '4.0.0', '2.0.0' ],
1648 silly audit   yoctocolors: [ '2.2.0' ],
1648 silly audit   accepts: [ '2.0.0' ],
1648 silly audit   'body-parser': [ '2.3.0' ],
1648 silly audit   'content-disposition': [ '1.1.0' ],
1648 silly audit   cookie: [ '0.7.2' ],
1648 silly audit   'cookie-signature': [ '1.2.2' ],
1648 silly audit   depd: [ '2.0.0' ],
1648 silly audit   encodeurl: [ '2.0.0' ],
1648 silly audit   'escape-html': [ '1.0.3' ],
1648 silly audit   etag: [ '1.8.1' ],
1648 silly audit   finalhandler: [ '2.1.1' ],
1648 silly audit   fresh: [ '2.0.0' ],
1648 silly audit   'http-errors': [ '2.0.1' ],
1648 silly audit   'merge-descriptors': [ '2.0.0' ],
1648 silly audit   'mime-types': [ '3.0.2' ],
1648 silly audit   'on-finished': [ '2.4.1' ],
1648 silly audit   once: [ '1.4.0' ],
1648 silly audit   parseurl: [ '1.3.3' ],
1648 silly audit   'proxy-addr': [ '2.0.7' ],
1648 silly audit   qs: [ '6.15.3' ],
1648 silly audit   'range-parser': [ '1.3.0' ],
1648 silly audit   router: [ '2.2.0' ],
1648 silly audit   send: [ '1.2.1' ],
1648 silly audit   'serve-static': [ '2.2.1' ],
1648 silly audit   statuses: [ '2.0.2' ],
1648 silly audit   'type-is': [ '2.1.0' ],
1648 silly audit   negotiator: [ '1.1.0' ],
1648 silly audit   bytes: [ '3.1.2' ],
1648 silly audit   'iconv-lite': [ '0.7.3' ],
1648 silly audit   'ip-address': [ '10.5.0' ],
1648 silly audit   '@nodelib/fs.stat': [ '2.0.5' ],
1648 silly audit   '@nodelib/fs.walk': [ '1.2.8' ],
1648 silly audit   'glob-parent': [ '5.1.2' ],
1648 silly audit   merge2: [ '1.4.1' ],
1648 silly audit   micromatch: [ '4.0.8' ],
1648 silly audit   '@nodelib/fs.scandir': [ '2.1.5' ],
1648 silly audit   fastq: [ '1.20.1' ],
1648 silly audit   'run-parallel': [ '1.2.0' ],
1648 silly audit   reusify: [ '1.1.0' ],
1648 silly audit   'is-unicode-supported': [ '2.1.0', '1.3.0' ],
1648 silly audit   'graceful-fs': [ '4.2.11' ],
1648 silly audit   jsonfile: [ '6.2.1' ],
1648 silly audit   universalify: [ '2.0.1' ],
1648 silly audit   '@sec-ant/readable-stream': [ '0.4.1' ],
1648 silly audit   'is-glob': [ '4.0.3' ],
1648 silly audit   inherits: [ '2.0.4' ],
1648 silly audit   setprototypeof: [ '1.2.0' ],
1648 silly audit   toidentifier: [ '1.0.1' ],
1648 silly audit   'safer-buffer': [ '2.1.2' ],
1648 silly audit   'parent-module': [ '1.0.1' ],
1648 silly audit   'resolve-from': [ '4.0.0' ],
1648 silly audit   'is-extglob': [ '2.1.1' ],
1648 silly audit   argparse: [ '2.0.1' ],
1648 silly audit   yallist: [ '3.1.1' ],
1648 silly audit   braces: [ '3.0.3' ],
1648 silly audit   'fill-range': [ '7.1.1' ],
1648 silly audit   'to-regex-range': [ '5.0.1' ],
1648 silly audit   'mime-db': [ '1.54.0' ],
1648 silly audit   'unicorn-magic': [ '0.3.0' ],
1648 silly audit   'ee-first': [ '1.1.1' ],
1648 silly audit   wrappy: [ '1.0.2' ],
1648 silly audit   'default-browser': [ '5.5.1' ],
1648 silly audit   'define-lazy-prop': [ '3.0.0', '2.0.0' ],
1648 silly audit   'is-in-ssh': [ '1.0.0' ],
1648 silly audit   'is-inside-container': [ '1.0.0' ],
1648 silly audit   'powershell-utils': [ '0.2.0', '0.1.0' ],
1648 silly audit   'wsl-utils': [ '1.0.0' ],
1648 silly audit   'bundle-name': [ '4.1.0' ],
1648 silly audit   'default-browser-id': [ '5.0.1' ],
1648 silly audit   'run-applescript': [ '7.1.0' ],
1648 silly audit   'is-docker': [ '3.0.0', '2.2.1' ],
1648 silly audit   chalk: [ '5.6.2' ],
1648 silly audit   'cli-cursor': [ '5.0.0' ],
1648 silly audit   'cli-spinners': [ '2.9.2' ],
1648 silly audit   'is-interactive': [ '2.0.0' ],
1648 silly audit   'log-symbols': [ '6.0.0' ],
1648 silly audit   'stdin-discarder': [ '0.2.2' ],
1648 silly audit   'string-width': [ '7.2.0' ],
1648 silly audit   'restore-cursor': [ '5.1.0' ],
1648 silly audit   callsites: [ '3.1.0' ],
1648 silly audit   'error-ex': [ '1.3.4' ],
1648 silly audit   'json-parse-even-better-errors': [ '2.3.1' ],
1648 silly audit   'lines-and-columns': [ '1.2.4' ],
1648 silly audit   'is-arrayish': [ '0.2.1' ],
1648 silly audit   'find-up': [ '3.0.0' ],
1648 silly audit   'locate-path': [ '3.0.0' ],
1648 silly audit   'p-locate': [ '3.0.0' ],
1648 silly audit   'path-exists': [ '3.0.0' ],
1648 silly audit   'p-limit': [ '2.3.0' ],
1648 silly audit   'p-try': [ '2.2.0' ],
1648 silly audit   nanoid: [ '3.3.18' ],
1648 silly audit   'source-map-js': [ '1.2.1' ],
1648 silly audit   cssesc: [ '3.0.0' ],
1648 silly audit   'util-deprecate': [ '1.0.2' ],
1648 silly audit   'parse-ms': [ '4.0.0' ],
1648 silly audit   sisteransi: [ '1.0.5' ],
1648 silly audit   forwarded: [ '0.2.0' ],
1648 silly audit   'ipaddr.js': [ '1.9.1' ],
1648 silly audit   'es-define-property': [ '1.0.1' ],
1648 silly audit   'side-channel': [ '1.1.1' ],
1648 silly audit   unpipe: [ '1.0.0' ],
1648 silly audit   'ast-types': [ '0.16.1' ],
1648 silly audit   esprima: [ '4.0.1' ],
1648 silly audit   'source-map': [ '0.6.1' ],
1648 silly audit   'tiny-invariant': [ '1.3.3' ],
1648 silly audit   tslib: [ '2.8.1' ],
1648 silly audit   'is-promise': [ '4.0.0' ],
1648 silly audit   'path-to-regexp': [ '8.4.2' ],
1648 silly audit   'queue-microtask': [ '1.2.3' ],
1648 silly audit   'shebang-regex': [ '3.0.0' ],
1648 silly audit   'es-errors': [ '1.3.0' ],
1648 silly audit   'object-inspect': [ '1.13.4' ],
1648 silly audit   'side-channel-list': [ '1.0.1' ],
1648 silly audit   'side-channel-map': [ '1.0.1' ],
1648 silly audit   'side-channel-weakmap': [ '1.0.2' ],
1648 silly audit   'call-bound': [ '1.0.4' ],
1648 silly audit   'get-intrinsic': [ '1.3.0' ],
1648 silly audit   'call-bind-apply-helpers': [ '1.0.2' ],
1648 silly audit   'function-bind': [ '1.1.2' ],
1648 silly audit   'es-object-atoms': [ '1.1.2' ],
1648 silly audit   'get-proto': [ '1.0.1' ],
1648 silly audit   gopd: [ '1.2.0' ],
1648 silly audit   'has-symbols': [ '1.1.0' ],
1648 silly audit   hasown: [ '2.0.4' ],
1648 silly audit   'math-intrinsics': [ '1.1.0' ],
1648 silly audit   'dunder-proto': [ '1.0.1' ],
1648 silly audit   'smart-buffer': [ '4.2.0' ],
1648 silly audit   'emoji-regex': [ '10.6.0' ],
1648 silly audit   'get-east-asian-width': [ '1.6.0' ],
1648 silly audit   'get-own-enumerable-keys': [ '1.0.0' ],
1648 silly audit   'is-regexp': [ '3.1.0' ],
1648 silly audit   'ansi-regex': [ '5.0.1', '6.3.0' ],
1648 silly audit   'is-number': [ '7.0.0' ],
1648 silly audit   '@ts-morph/common': [ '0.27.0' ],
1648 silly audit   'code-block-writer': [ '13.0.3' ],
1648 silly audit   minimatch: [ '10.2.6' ],
1648 silly audit   'path-browserify': [ '1.0.1' ],
1648 silly audit   'brace-expansion': [ '5.0.9' ],
1648 silly audit   'balanced-match': [ '4.0.4' ],
1648 silly audit   minimist: [ '1.2.8' ],
1648 silly audit   'strip-bom': [ '3.0.0' ],
1648 silly audit   'media-typer': [ '1.1.1' ],
1648 silly audit   escalade: [ '3.2.0' ],
1648 silly audit   isexe: [ '3.1.5', '2.0.0' ],
1648 silly audit   'is-wsl': [ '3.1.1', '2.2.0' ],
1648 silly audit   'merge-stream': [ '2.0.0' ],
1648 silly audit   'mimic-function': [ '5.0.1' ]
1648 silly audit }
1649 http fetch POST 404 https://registry.npmmirror.com/-/npm/v1/security/advisories/bulk 19ms
1650 verbose audit error HttpErrorGeneral: 404 Not Found - POST https://registry.npmmirror.com/-/npm/v1/security/advisories/bulk - [NOT_IMPLEMENTED] /-/npm/v1/security/* not implemented yet
1650 verbose audit error     at D:\Program Files\nodejs\node_modules\npm\node_modules\npm-registry-fetch\lib\check-response.js:103:15
1650 verbose audit error     at process.processTicksAndRejections (node:internal/process/task_queues:105:5)
1650 verbose audit error     at async #getReport (D:\Program Files\nodejs\node_modules\npm\node_modules\@npmcli\arborist\lib\audit-report.js:275:19)
1650 verbose audit error     at async AuditReport.run (D:\Program Files\nodejs\node_modules\npm\node_modules\@npmcli\arborist\lib\audit-report.js:100:19) {
1650 verbose audit error   headers: [Object: null prototype] {
1650 verbose audit error     server: [ 'Tengine' ],
1650 verbose audit error     date: [ 'Fri, 21 Aug 2026 13:17:05 GMT' ],
1650 verbose audit error     'content-type': [ 'application/json' ],
1650 verbose audit error     'transfer-encoding': [ 'chunked' ],
1650 verbose audit error     connection: [ 'keep-alive' ],
1650 verbose audit error     'strict-transport-security': [ 'max-age=5184000' ],
1650 verbose audit error     via: [ 'kunlun3.cn9405[,404666]' ],
1650 verbose audit error     'timing-allow-origin': [ '*' ],
1650 verbose audit error     eagleid: [ '6ae3669717873182259617834e' ],
1650 verbose audit error     'x-fetch-attempts': [ '1' ]
1650 verbose audit error   },
1650 verbose audit error   statusCode: 404,
1650 verbose audit error   code: 'E404',
1650 verbose audit error   method: 'POST',
1650 verbose audit error   uri: 'https://registry.npmmirror.com/-/npm/v1/security/advisories/bulk',
1650 verbose audit error   body: {
1650 verbose audit error     error: '[NOT_IMPLEMENTED] /-/npm/v1/security/* not implemented yet'
1650 verbose audit error   },
1650 verbose audit error   pkgid: undefined
1650 verbose audit error }
1651 silly audit error [object Object]
1652 silly audit report null
1653 http cache mimic-function@https://registry.npmmirror.com/mimic-function/-/mimic-function-5.0.1.tgz 0ms (cache hit)
1654 http cache is-wsl@https://registry.npmmirror.com/is-wsl/-/is-wsl-3.1.1.tgz 0ms (cache hit)
1655 http cache merge-stream@https://registry.npmmirror.com/merge-stream/-/merge-stream-2.0.0.tgz 0ms (cache hit)
1656 http cache isexe@https://registry.npmmirror.com/isexe/-/isexe-3.1.5.tgz 0ms (cache hit)
1657 http cache escalade@https://registry.npmmirror.com/escalade/-/escalade-3.2.0.tgz 0ms (cache hit)
1658 http cache strip-bom@https://registry.npmmirror.com/strip-bom/-/strip-bom-3.0.0.tgz 0ms (cache hit)
1659 http cache minimist@https://registry.npmmirror.com/minimist/-/minimist-1.2.8.tgz 0ms (cache hit)
1660 http cache media-typer@https://registry.npmmirror.com/media-typer/-/media-typer-1.1.1.tgz 0ms (cache hit)
1661 http cache @ts-morph/common@https://registry.npmmirror.com/@ts-morph/common/-/common-0.27.0.tgz 0ms (cache hit)
1662 http cache balanced-match@https://registry.npmmirror.com/balanced-match/-/balanced-match-4.0.4.tgz 0ms (cache hit)
1663 http cache brace-expansion@https://registry.npmmirror.com/brace-expansion/-/brace-expansion-5.0.9.tgz 0ms (cache hit)
1664 http cache path-browserify@https://registry.npmmirror.com/path-browserify/-/path-browserify-1.0.1.tgz 0ms (cache hit)
1665 http cache minimatch@https://registry.npmmirror.com/minimatch/-/minimatch-10.2.6.tgz 0ms (cache hit)
1666 http cache code-block-writer@https://registry.npmmirror.com/code-block-writer/-/code-block-writer-13.0.3.tgz 0ms (cache hit)
1667 http cache ansi-regex@https://registry.npmmirror.com/ansi-regex/-/ansi-regex-5.0.1.tgz 0ms (cache hit)
1668 http cache is-number@https://registry.npmmirror.com/is-number/-/is-number-7.0.0.tgz 0ms (cache hit)
1669 http cache is-regexp@https://registry.npmmirror.com/is-regexp/-/is-regexp-3.1.0.tgz 0ms (cache hit)
1670 http cache get-own-enumerable-keys@https://registry.npmmirror.com/get-own-enumerable-keys/-/get-own-enumerable-keys-1.0.0.tgz 0ms (cache hit)
1671 http cache get-east-asian-width@https://registry.npmmirror.com/get-east-asian-width/-/get-east-asian-width-1.6.0.tgz 0ms (cache hit)
1672 http cache emoji-regex@https://registry.npmmirror.com/emoji-regex/-/emoji-regex-10.6.0.tgz 0ms (cache hit)
1673 http cache smart-buffer@https://registry.npmmirror.com/smart-buffer/-/smart-buffer-4.2.0.tgz 0ms (cache hit)
1674 http cache math-intrinsics@https://registry.npmmirror.com/math-intrinsics/-/math-intrinsics-1.1.0.tgz 0ms (cache hit)
1675 http cache dunder-proto@https://registry.npmmirror.com/dunder-proto/-/dunder-proto-1.0.1.tgz 0ms (cache hit)
1676 http cache has-symbols@https://registry.npmmirror.com/has-symbols/-/has-symbols-1.1.0.tgz 0ms (cache hit)
1677 http cache hasown@https://registry.npmmirror.com/hasown/-/hasown-2.0.4.tgz 0ms (cache hit)
1678 http cache gopd@https://registry.npmmirror.com/gopd/-/gopd-1.2.0.tgz 0ms (cache hit)
1679 http cache es-object-atoms@https://registry.npmmirror.com/es-object-atoms/-/es-object-atoms-1.1.2.tgz 0ms (cache hit)
1680 http cache get-proto@https://registry.npmmirror.com/get-proto/-/get-proto-1.0.1.tgz 0ms (cache hit)
1681 http cache function-bind@https://registry.npmmirror.com/function-bind/-/function-bind-1.1.2.tgz 0ms (cache hit)
1682 http cache call-bind-apply-helpers@https://registry.npmmirror.com/call-bind-apply-helpers/-/call-bind-apply-helpers-1.0.2.tgz 0ms (cache hit)
1683 http cache get-intrinsic@https://registry.npmmirror.com/get-intrinsic/-/get-intrinsic-1.3.0.tgz 0ms (cache hit)
1684 http cache side-channel-weakmap@https://registry.npmmirror.com/side-channel-weakmap/-/side-channel-weakmap-1.0.2.tgz 0ms (cache hit)
1685 http cache call-bound@https://registry.npmmirror.com/call-bound/-/call-bound-1.0.4.tgz 0ms (cache hit)
1686 http cache side-channel-map@https://registry.npmmirror.com/side-channel-map/-/side-channel-map-1.0.1.tgz 0ms (cache hit)
1687 http cache side-channel-list@https://registry.npmmirror.com/side-channel-list/-/side-channel-list-1.0.1.tgz 0ms (cache hit)
1688 http cache object-inspect@https://registry.npmmirror.com/object-inspect/-/object-inspect-1.13.4.tgz 0ms (cache hit)
1689 http cache es-errors@https://registry.npmmirror.com/es-errors/-/es-errors-1.3.0.tgz 0ms (cache hit)
1690 http cache shebang-regex@https://registry.npmmirror.com/shebang-regex/-/shebang-regex-3.0.0.tgz 0ms (cache hit)
1691 http cache queue-microtask@https://registry.npmmirror.com/queue-microtask/-/queue-microtask-1.2.3.tgz 0ms (cache hit)
1692 http cache is-promise@https://registry.npmmirror.com/is-promise/-/is-promise-4.0.0.tgz 0ms (cache hit)
1693 http cache path-to-regexp@https://registry.npmmirror.com/path-to-regexp/-/path-to-regexp-8.4.2.tgz 0ms (cache hit)
1694 http cache tslib@https://registry.npmmirror.com/tslib/-/tslib-2.8.1.tgz 0ms (cache hit)
1695 http cache source-map@https://registry.npmmirror.com/source-map/-/source-map-0.6.1.tgz 0ms (cache hit)
1696 http cache tiny-invariant@https://registry.npmmirror.com/tiny-invariant/-/tiny-invariant-1.3.3.tgz 0ms (cache hit)
1697 http cache esprima@https://registry.npmmirror.com/esprima/-/esprima-4.0.1.tgz 0ms (cache hit)
1698 http cache ast-types@https://registry.npmmirror.com/ast-types/-/ast-types-0.16.1.tgz 0ms (cache hit)
1699 http cache unpipe@https://registry.npmmirror.com/unpipe/-/unpipe-1.0.0.tgz 0ms (cache hit)
1700 http cache side-channel@https://registry.npmmirror.com/side-channel/-/side-channel-1.1.1.tgz 0ms (cache hit)
1701 http cache es-define-property@https://registry.npmmirror.com/es-define-property/-/es-define-property-1.0.1.tgz 0ms (cache hit)
1702 http cache sisteransi@https://registry.npmmirror.com/sisteransi/-/sisteransi-1.0.5.tgz 0ms (cache hit)
1703 http cache forwarded@https://registry.npmmirror.com/forwarded/-/forwarded-0.2.0.tgz 0ms (cache hit)
1704 http cache parse-ms@https://registry.npmmirror.com/parse-ms/-/parse-ms-4.0.0.tgz 0ms (cache hit)
1705 http cache ipaddr.js@https://registry.npmmirror.com/ipaddr.js/-/ipaddr.js-1.9.1.tgz 0ms (cache hit)
1706 http cache util-deprecate@https://registry.npmmirror.com/util-deprecate/-/util-deprecate-1.0.2.tgz 0ms (cache hit)
1707 http cache cssesc@https://registry.npmmirror.com/cssesc/-/cssesc-3.0.0.tgz 0ms (cache hit)
1708 http cache source-map-js@https://registry.npmmirror.com/source-map-js/-/source-map-js-1.2.1.tgz 0ms (cache hit)
1709 http cache p-try@https://registry.npmmirror.com/p-try/-/p-try-2.2.0.tgz 0ms (cache hit)
1710 http cache p-limit@https://registry.npmmirror.com/p-limit/-/p-limit-2.3.0.tgz 0ms (cache hit)
1711 http cache path-exists@https://registry.npmmirror.com/path-exists/-/path-exists-3.0.0.tgz 0ms (cache hit)
1712 http cache nanoid@https://registry.npmmirror.com/nanoid/-/nanoid-3.3.18.tgz 0ms (cache hit)
1713 http cache p-locate@https://registry.npmmirror.com/p-locate/-/p-locate-3.0.0.tgz 0ms (cache hit)
1714 http cache find-up@https://registry.npmmirror.com/find-up/-/find-up-3.0.0.tgz 0ms (cache hit)
1715 http cache is-arrayish@https://registry.npmmirror.com/is-arrayish/-/is-arrayish-0.2.1.tgz 0ms (cache hit)
1716 http cache lines-and-columns@https://registry.npmmirror.com/lines-and-columns/-/lines-and-columns-1.2.4.tgz 0ms (cache hit)
1717 http cache locate-path@https://registry.npmmirror.com/locate-path/-/locate-path-3.0.0.tgz 0ms (cache hit)
1718 http cache json-parse-even-better-errors@https://registry.npmmirror.com/json-parse-even-better-errors/-/json-parse-even-better-errors-2.3.1.tgz 0ms (cache hit)
1719 http cache error-ex@https://registry.npmmirror.com/error-ex/-/error-ex-1.3.4.tgz 0ms (cache hit)
1720 http cache string-width@https://registry.npmmirror.com/string-width/-/string-width-7.2.0.tgz 0ms (cache hit)
1721 http cache callsites@https://registry.npmmirror.com/callsites/-/callsites-3.1.0.tgz 0ms (cache hit)
1722 http cache is-interactive@https://registry.npmmirror.com/is-interactive/-/is-interactive-2.0.0.tgz 0ms (cache hit)
1723 http cache stdin-discarder@https://registry.npmmirror.com/stdin-discarder/-/stdin-discarder-0.2.2.tgz 0ms (cache hit)
1724 http cache cli-cursor@https://registry.npmmirror.com/cli-cursor/-/cli-cursor-5.0.0.tgz 0ms (cache hit)
1725 http cache restore-cursor@https://registry.npmmirror.com/restore-cursor/-/restore-cursor-5.1.0.tgz 0ms (cache hit)
1726 http cache cli-spinners@https://registry.npmmirror.com/cli-spinners/-/cli-spinners-2.9.2.tgz 0ms (cache hit)
1727 http cache chalk@https://registry.npmmirror.com/chalk/-/chalk-5.6.2.tgz 0ms (cache hit)
1728 http cache is-docker@https://registry.npmmirror.com/is-docker/-/is-docker-3.0.0.tgz 0ms (cache hit)
1729 http cache log-symbols@https://registry.npmmirror.com/log-symbols/-/log-symbols-6.0.0.tgz 0ms (cache hit)
1730 http cache default-browser-id@https://registry.npmmirror.com/default-browser-id/-/default-browser-id-5.0.1.tgz 0ms (cache hit)
1731 http cache bundle-name@https://registry.npmmirror.com/bundle-name/-/bundle-name-4.1.0.tgz 0ms (cache hit)
1732 http cache run-applescript@https://registry.npmmirror.com/run-applescript/-/run-applescript-7.1.0.tgz 0ms (cache hit)
1733 http cache wsl-utils@https://registry.npmmirror.com/wsl-utils/-/wsl-utils-1.0.0.tgz 0ms (cache hit)
1734 http cache powershell-utils@https://registry.npmmirror.com/powershell-utils/-/powershell-utils-0.2.0.tgz 0ms (cache hit)
1735 http cache is-inside-container@https://registry.npmmirror.com/is-inside-container/-/is-inside-container-1.0.0.tgz 0ms (cache hit)
1736 http cache is-in-ssh@https://registry.npmmirror.com/is-in-ssh/-/is-in-ssh-1.0.0.tgz 0ms (cache hit)
1737 http cache define-lazy-prop@https://registry.npmmirror.com/define-lazy-prop/-/define-lazy-prop-3.0.0.tgz 0ms (cache hit)
1738 http cache default-browser@https://registry.npmmirror.com/default-browser/-/default-browser-5.5.1.tgz 0ms (cache hit)
1739 http cache wrappy@https://registry.npmmirror.com/wrappy/-/wrappy-1.0.2.tgz 0ms (cache hit)
1740 http cache ee-first@https://registry.npmmirror.com/ee-first/-/ee-first-1.1.1.tgz 0ms (cache hit)
1741 http cache unicorn-magic@https://registry.npmmirror.com/unicorn-magic/-/unicorn-magic-0.3.0.tgz 0ms (cache hit)
1742 http cache fill-range@https://registry.npmmirror.com/fill-range/-/fill-range-7.1.1.tgz 0ms (cache hit)
1743 http cache to-regex-range@https://registry.npmmirror.com/to-regex-range/-/to-regex-range-5.0.1.tgz 0ms (cache hit)
1744 http cache mime-db@https://registry.npmmirror.com/mime-db/-/mime-db-1.54.0.tgz 0ms (cache hit)
1745 http cache yallist@https://registry.npmmirror.com/yallist/-/yallist-3.1.1.tgz 0ms (cache hit)
1746 http cache argparse@https://registry.npmmirror.com/argparse/-/argparse-2.0.1.tgz 0ms (cache hit)
1747 http cache braces@https://registry.npmmirror.com/braces/-/braces-3.0.3.tgz 0ms (cache hit)
1748 http cache is-extglob@https://registry.npmmirror.com/is-extglob/-/is-extglob-2.1.1.tgz 0ms (cache hit)
1749 http cache resolve-from@https://registry.npmmirror.com/resolve-from/-/resolve-from-4.0.0.tgz 0ms (cache hit)
1750 http cache parent-module@https://registry.npmmirror.com/parent-module/-/parent-module-1.0.1.tgz 0ms (cache hit)
1751 http cache safer-buffer@https://registry.npmmirror.com/safer-buffer/-/safer-buffer-2.1.2.tgz 0ms (cache hit)
1752 http cache toidentifier@https://registry.npmmirror.com/toidentifier/-/toidentifier-1.0.1.tgz 0ms (cache hit)
1753 http cache inherits@https://registry.npmmirror.com/inherits/-/inherits-2.0.4.tgz 0ms (cache hit)
1754 http cache setprototypeof@https://registry.npmmirror.com/setprototypeof/-/setprototypeof-1.2.0.tgz 0ms (cache hit)
1755 http cache @sec-ant/readable-stream@https://registry.npmmirror.com/@sec-ant/readable-stream/-/readable-stream-0.4.1.tgz 0ms (cache hit)
1756 http cache is-glob@https://registry.npmmirror.com/is-glob/-/is-glob-4.0.3.tgz 0ms (cache hit)
1757 http cache universalify@https://registry.npmmirror.com/universalify/-/universalify-2.0.1.tgz 0ms (cache hit)
1758 http cache jsonfile@https://registry.npmmirror.com/jsonfile/-/jsonfile-6.2.1.tgz 0ms (cache hit)
1759 http cache @nodelib/fs.scandir@https://registry.npmmirror.com/@nodelib/fs.scandir/-/fs.scandir-2.1.5.tgz 0ms (cache hit)
1760 http cache graceful-fs@https://registry.npmmirror.com/graceful-fs/-/graceful-fs-4.2.11.tgz 0ms (cache hit)
1761 http cache is-unicode-supported@https://registry.npmmirror.com/is-unicode-supported/-/is-unicode-supported-2.1.0.tgz 0ms (cache hit)
1762 http cache reusify@https://registry.npmmirror.com/reusify/-/reusify-1.1.0.tgz 0ms (cache hit)
1763 http cache @nodelib/fs.walk@https://registry.npmmirror.com/@nodelib/fs.walk/-/fs.walk-1.2.8.tgz 0ms (cache hit)
1764 http cache run-parallel@https://registry.npmmirror.com/run-parallel/-/run-parallel-1.2.0.tgz 0ms (cache hit)
1765 http cache fastq@https://registry.npmmirror.com/fastq/-/fastq-1.20.1.tgz 0ms (cache hit)
1766 http cache @nodelib/fs.stat@https://registry.npmmirror.com/@nodelib/fs.stat/-/fs.stat-2.0.5.tgz 0ms (cache hit)
1767 http cache merge2@https://registry.npmmirror.com/merge2/-/merge2-1.4.1.tgz 0ms (cache hit)
1768 http cache glob-parent@https://registry.npmmirror.com/glob-parent/-/glob-parent-5.1.2.tgz 0ms (cache hit)
1769 http cache micromatch@https://registry.npmmirror.com/micromatch/-/micromatch-4.0.8.tgz 0ms (cache hit)
1770 http cache ip-address@https://registry.npmmirror.com/ip-address/-/ip-address-10.5.0.tgz 0ms (cache hit)
1771 http cache iconv-lite@https://registry.npmmirror.com/iconv-lite/-/iconv-lite-0.7.3.tgz 0ms (cache hit)
1772 http cache negotiator@https://registry.npmmirror.com/negotiator/-/negotiator-1.1.0.tgz 0ms (cache hit)
1773 http cache bytes@https://registry.npmmirror.com/bytes/-/bytes-3.1.2.tgz 0ms (cache hit)
1774 http cache statuses@https://registry.npmmirror.com/statuses/-/statuses-2.0.2.tgz 0ms (cache hit)
1775 http cache router@https://registry.npmmirror.com/router/-/router-2.2.0.tgz 0ms (cache hit)
1776 http cache send@https://registry.npmmirror.com/send/-/send-1.2.1.tgz 0ms (cache hit)
1777 http cache type-is@https://registry.npmmirror.com/type-is/-/type-is-2.1.0.tgz 0ms (cache hit)
1778 http cache serve-static@https://registry.npmmirror.com/serve-static/-/serve-static-2.2.1.tgz 0ms (cache hit)
1779 http cache parseurl@https://registry.npmmirror.com/parseurl/-/parseurl-1.3.3.tgz 0ms (cache hit)
1780 http cache proxy-addr@https://registry.npmmirror.com/proxy-addr/-/proxy-addr-2.0.7.tgz 0ms (cache hit)
1781 http cache qs@https://registry.npmmirror.com/qs/-/qs-6.15.3.tgz 0ms (cache hit)
1782 http cache once@https://registry.npmmirror.com/once/-/once-1.4.0.tgz 0ms (cache hit)
1783 http cache on-finished@https://registry.npmmirror.com/on-finished/-/on-finished-2.4.1.tgz 0ms (cache hit)
1784 http cache range-parser@https://registry.npmmirror.com/range-parser/-/range-parser-1.3.0.tgz 0ms (cache hit)
1785 http cache mime-types@https://registry.npmmirror.com/mime-types/-/mime-types-3.0.2.tgz 0ms (cache hit)
1786 http cache merge-descriptors@https://registry.npmmirror.com/merge-descriptors/-/merge-descriptors-2.0.0.tgz 0ms (cache hit)
1787 http cache http-errors@https://registry.npmmirror.com/http-errors/-/http-errors-2.0.1.tgz 0ms (cache hit)
1788 http cache fresh@https://registry.npmmirror.com/fresh/-/fresh-2.0.0.tgz 0ms (cache hit)
1789 http cache etag@https://registry.npmmirror.com/etag/-/etag-1.8.1.tgz 0ms (cache hit)
1790 http cache finalhandler@https://registry.npmmirror.com/finalhandler/-/finalhandler-2.1.1.tgz 0ms (cache hit)
1791 http cache escape-html@https://registry.npmmirror.com/escape-html/-/escape-html-1.0.3.tgz 0ms (cache hit)
1792 http cache encodeurl@https://registry.npmmirror.com/encodeurl/-/encodeurl-2.0.0.tgz 0ms (cache hit)
1793 http cache depd@https://registry.npmmirror.com/depd/-/depd-2.0.0.tgz 0ms (cache hit)
1794 http cache cookie-signature@https://registry.npmmirror.com/cookie-signature/-/cookie-signature-1.2.2.tgz 0ms (cache hit)
1795 http cache cookie@https://registry.npmmirror.com/cookie/-/cookie-0.7.2.tgz 0ms (cache hit)
1796 http cache accepts@https://registry.npmmirror.com/accepts/-/accepts-2.0.0.tgz 0ms (cache hit)
1797 http cache content-disposition@https://registry.npmmirror.com/content-disposition/-/content-disposition-1.1.0.tgz 0ms (cache hit)
1798 http cache body-parser@https://registry.npmmirror.com/body-parser/-/body-parser-2.3.0.tgz 0ms (cache hit)
1799 http cache yoctocolors@https://registry.npmmirror.com/yoctocolors/-/yoctocolors-2.2.0.tgz 0ms (cache hit)
1800 http cache strip-final-newline@https://registry.npmmirror.com/strip-final-newline/-/strip-final-newline-4.0.0.tgz 0ms (cache hit)
1801 http cache pretty-ms@https://registry.npmmirror.com/pretty-ms/-/pretty-ms-9.3.0.tgz 0ms (cache hit)
1802 http cache npm-run-path@https://registry.npmmirror.com/npm-run-path/-/npm-run-path-6.0.0.tgz 0ms (cache hit)
1803 http cache @sindresorhus/merge-streams@https://registry.npmmirror.com/@sindresorhus/merge-streams/-/merge-streams-4.0.0.tgz 0ms (cache hit)
1804 http cache human-signals@https://registry.npmmirror.com/human-signals/-/human-signals-8.0.1.tgz 0ms (cache hit)
1805 http cache is-plain-obj@https://registry.npmmirror.com/is-plain-obj/-/is-plain-obj-4.1.0.tgz 0ms (cache hit)
1806 http cache is-stream@https://registry.npmmirror.com/is-stream/-/is-stream-4.0.1.tgz 0ms (cache hit)
1807 http cache get-stream@https://registry.npmmirror.com/get-stream/-/get-stream-9.0.1.tgz 0ms (cache hit)
1808 http cache figures@https://registry.npmmirror.com/figures/-/figures-6.1.0.tgz 0ms (cache hit)
1809 http cache signal-exit@https://registry.npmmirror.com/signal-exit/-/signal-exit-4.1.0.tgz 0ms (cache hit)
1810 http cache strip-ansi@https://registry.npmmirror.com/strip-ansi/-/strip-ansi-6.0.1.tgz 0ms (cache hit)
1811 http cache is-obj@https://registry.npmmirror.com/is-obj/-/is-obj-2.0.0.tgz 0ms (cache hit)
1812 http cache ms@https://registry.npmmirror.com/ms/-/ms-2.1.3.tgz 0ms (cache hit)
1813 http cache ansi-colors@https://registry.npmmirror.com/ansi-colors/-/ansi-colors-4.1.3.tgz 0ms (cache hit)
1814 http cache mimic-fn@https://registry.npmmirror.com/mimic-fn/-/mimic-fn-3.1.0.tgz 0ms (cache hit)
1815 http cache shebang-command@https://registry.npmmirror.com/shebang-command/-/shebang-command-2.0.0.tgz 0ms (cache hit)
1816 http cache path-key@https://registry.npmmirror.com/path-key/-/path-key-3.1.1.tgz 0ms (cache hit)
1817 http cache js-yaml@https://registry.npmmirror.com/js-yaml/-/js-yaml-4.3.1.tgz 0ms (cache hit)
1818 http cache import-fresh@https://registry.npmmirror.com/import-fresh/-/import-fresh-3.3.1.tgz 0ms (cache hit)
1819 http cache vary@https://registry.npmmirror.com/vary/-/vary-1.1.2.tgz 0ms (cache hit)
1820 http cache parse-json@https://registry.npmmirror.com/parse-json/-/parse-json-5.2.0.tgz 0ms (cache hit)
1821 http cache object-assign@https://registry.npmmirror.com/object-assign/-/object-assign-4.1.1.tgz 0ms (cache hit)
1822 http cache pkg-up@https://registry.npmmirror.com/pkg-up/-/pkg-up-3.1.0.tgz 0ms (cache hit)
1823 http cache dot-prop@https://registry.npmmirror.com/dot-prop/-/dot-prop-6.0.1.tgz 0ms (cache hit)
1824 http cache debounce-fn@https://registry.npmmirror.com/debounce-fn/-/debounce-fn-4.0.0.tgz 0ms (cache hit)
1825 http cache onetime@https://registry.npmmirror.com/onetime/-/onetime-5.1.2.tgz 0ms (cache hit)
1826 http cache atomically@https://registry.npmmirror.com/atomically/-/atomically-1.7.0.tgz 0ms (cache hit)
1827 http cache update-browserslist-db@https://registry.npmmirror.com/update-browserslist-db/-/update-browserslist-db-1.3.1.tgz 0ms (cache hit)
1828 http cache node-releases@https://registry.npmmirror.com/node-releases/-/node-releases-2.0.53.tgz 0ms (cache hit)
1829 http cache caniuse-lite@https://registry.npmmirror.com/caniuse-lite/-/caniuse-lite-1.0.30001809.tgz 0ms (cache hit)
1830 http cache electron-to-chromium@https://registry.npmmirror.com/electron-to-chromium/-/electron-to-chromium-1.5.412.tgz 0ms (cache hit)
1831 http cache baseline-browser-mapping@https://registry.npmmirror.com/baseline-browser-mapping/-/baseline-browser-mapping-2.11.16.tgz 0ms (cache hit)
1832 http cache json-schema-traverse@https://registry.npmmirror.com/json-schema-traverse/-/json-schema-traverse-1.0.0.tgz 0ms (cache hit)
1833 http cache require-from-string@https://registry.npmmirror.com/require-from-string/-/require-from-string-2.0.2.tgz 0ms (cache hit)
1834 http cache fast-deep-equal@https://registry.npmmirror.com/fast-deep-equal/-/fast-deep-equal-3.1.3.tgz 0ms (cache hit)
1835 http cache fast-uri@https://registry.npmmirror.com/fast-uri/-/fast-uri-3.1.5.tgz 0ms (cache hit)
1836 http cache raw-body@https://registry.npmmirror.com/raw-body/-/raw-body-3.0.2.tgz 0ms (cache hit)
1837 http cache pkce-challenge@https://registry.npmmirror.com/pkce-challenge/-/pkce-challenge-5.0.1.tgz 0ms (cache hit)
1838 http cache jose@https://registry.npmmirror.com/jose/-/jose-6.2.9.tgz 0ms (cache hit)
1839 http cache express-rate-limit@https://registry.npmmirror.com/express-rate-limit/-/express-rate-limit-8.6.2.tgz 0ms (cache hit)
1840 http cache json-schema-typed@https://registry.npmmirror.com/json-schema-typed/-/json-schema-typed-8.0.2.tgz 0ms (cache hit)
1841 http cache express@https://registry.npmmirror.com/express/-/express-5.2.1.tgz 0ms (cache hit)
1842 http cache eventsource-parser@https://registry.npmmirror.com/eventsource-parser/-/eventsource-parser-3.1.1.tgz 0ms (cache hit)
1843 http cache eventsource@https://registry.npmmirror.com/eventsource/-/eventsource-3.0.7.tgz 0ms (cache hit)
1844 http cache cross-spawn@https://registry.npmmirror.com/cross-spawn/-/cross-spawn-7.0.6.tgz 0ms (cache hit)
1845 http cache @hono/node-server@https://registry.npmmirror.com/@hono/node-server/-/node-server-2.1.1.tgz 0ms (cache hit)
1846 http cache cors@https://registry.npmmirror.com/cors/-/cors-2.8.6.tgz 0ms (cache hit)
1847 http cache content-type@https://registry.npmmirror.com/content-type/-/content-type-1.0.5.tgz 0ms (cache hit)
1848 http cache @jridgewell/resolve-uri@https://registry.npmmirror.com/@jridgewell/resolve-uri/-/resolve-uri-3.1.2.tgz 0ms (cache hit)
1849 http cache ajv-formats@https://registry.npmmirror.com/ajv-formats/-/ajv-formats-3.0.1.tgz 0ms (cache hit)
1850 http cache ajv@https://registry.npmmirror.com/ajv/-/ajv-8.20.0.tgz 0ms (cache hit)
1851 http cache @jridgewell/sourcemap-codec@https://registry.npmmirror.com/@jridgewell/sourcemap-codec/-/sourcemap-codec-1.5.5.tgz 0ms (cache hit)
1852 http cache hono@https://registry.npmmirror.com/hono/-/hono-4.13.3.tgz 0ms (cache hit)
1853 http cache which@https://registry.npmmirror.com/which/-/which-4.0.0.tgz 0ms (cache hit)
1854 http cache yocto-spinner@https://registry.npmmirror.com/yocto-spinner/-/yocto-spinner-1.2.2.tgz 0ms (cache hit)
1855 http cache systeminformation@https://registry.npmmirror.com/systeminformation/-/systeminformation-5.33.1.tgz 0ms (cache hit)
1856 http cache picomatch@https://registry.npmmirror.com/picomatch/-/picomatch-4.0.5.tgz 0ms (cache hit)
1857 http cache object-treeify@https://registry.npmmirror.com/object-treeify/-/object-treeify-1.1.33.tgz 0ms (cache hit)
1858 http cache ignore@https://registry.npmmirror.com/ignore/-/ignore-5.3.2.tgz 0ms (cache hit)
1859 http cache enquirer@https://registry.npmmirror.com/enquirer/-/enquirer-2.4.1.tgz 0ms (cache hit)
1860 http cache fdir@https://registry.npmmirror.com/fdir/-/fdir-6.5.0.tgz 0ms (cache hit)
1861 http cache @babel/helper-string-parser@https://registry.npmmirror.com/@babel/helper-string-parser/-/helper-string-parser-7.29.7.tgz 0ms (cache hit)
1862 http cache @dotenvx/primitives@https://registry.npmmirror.com/@dotenvx/primitives/-/primitives-0.8.0.tgz 0ms (cache hit)
1863 http cache env-paths@https://registry.npmmirror.com/env-paths/-/env-paths-2.2.1.tgz 0ms (cache hit)
1864 http cache dotenv@https://registry.npmmirror.com/dotenv/-/dotenv-17.4.2.tgz 0ms (cache hit)
1865 http cache @babel/plugin-transform-modules-commonjs@https://registry.npmmirror.com/@babel/plugin-transform-modules-commonjs/-/plugin-transform-modules-commonjs-7.29.7.tgz 0ms (cache hit)
1866 http cache conf@https://registry.npmmirror.com/conf/-/conf-10.2.0.tgz 0ms (cache hit)
1867 http cache @babel/plugin-syntax-jsx@https://registry.npmmirror.com/@babel/plugin-syntax-jsx/-/plugin-syntax-jsx-7.29.7.tgz 0ms (cache hit)
1868 http cache @babel/helper-globals@https://registry.npmmirror.com/@babel/helper-globals/-/helper-globals-7.29.7.tgz 0ms (cache hit)
1869 http cache @babel/helper-replace-supers@https://registry.npmmirror.com/@babel/helper-replace-supers/-/helper-replace-supers-7.29.7.tgz 0ms (cache hit)
1870 http cache @babel/helper-optimise-call-expression@https://registry.npmmirror.com/@babel/helper-optimise-call-expression/-/helper-optimise-call-expression-7.29.7.tgz 0ms (cache hit)
1871 http cache @babel/helper-member-expression-to-functions@https://registry.npmmirror.com/@babel/helper-member-expression-to-functions/-/helper-member-expression-to-functions-7.29.7.tgz 0ms (cache hit)
1872 http cache lru-cache@https://registry.npmmirror.com/lru-cache/-/lru-cache-5.1.1.tgz 0ms (cache hit)
1873 http cache @babel/helper-plugin-utils@https://registry.npmmirror.com/@babel/helper-plugin-utils/-/helper-plugin-utils-7.29.7.tgz 0ms (cache hit)
1874 http cache @babel/helper-skip-transparent-expression-wrappers@https://registry.npmmirror.com/@babel/helper-skip-transparent-expression-wrappers/-/helper-skip-transparent-expression-wrappers-7.29.7.tgz 0ms (cache hit)
1875 http cache @babel/helper-create-class-features-plugin@https://registry.npmmirror.com/@babel/helper-create-class-features-plugin/-/helper-create-class-features-plugin-7.29.7.tgz 0ms (cache hit)
1876 http cache @babel/helper-module-imports@https://registry.npmmirror.com/@babel/helper-module-imports/-/helper-module-imports-7.29.7.tgz 0ms (cache hit)
1877 http cache @babel/plugin-syntax-typescript@https://registry.npmmirror.com/@babel/plugin-syntax-typescript/-/plugin-syntax-typescript-7.29.7.tgz 0ms (cache hit)
1878 http cache @babel/helper-annotate-as-pure@https://registry.npmmirror.com/@babel/helper-annotate-as-pure/-/helper-annotate-as-pure-7.29.7.tgz 0ms (cache hit)
1879 http cache jsesc@https://registry.npmmirror.com/jsesc/-/jsesc-3.1.0.tgz 0ms (cache hit)
1880 http cache @jridgewell/trace-mapping@https://registry.npmmirror.com/@jridgewell/trace-mapping/-/trace-mapping-0.3.31.tgz 0ms (cache hit)
1881 http cache @babel/compat-data@https://registry.npmmirror.com/@babel/compat-data/-/compat-data-7.29.7.tgz 0ms (cache hit)
1882 http cache picocolors@https://registry.npmmirror.com/picocolors/-/picocolors-1.1.1.tgz 0ms (cache hit)
1883 http cache js-tokens@https://registry.npmmirror.com/js-tokens/-/js-tokens-4.0.0.tgz 0ms (cache hit)
1884 http cache @jridgewell/gen-mapping@https://registry.npmmirror.com/@jridgewell/gen-mapping/-/gen-mapping-0.3.13.tgz 0ms (cache hit)
1885 http cache @babel/helper-validator-identifier@https://registry.npmmirror.com/@babel/helper-validator-identifier/-/helper-validator-identifier-7.29.7.tgz 0ms (cache hit)
1886 http cache @babel/helper-validator-option@https://registry.npmmirror.com/@babel/helper-validator-option/-/helper-validator-option-7.29.7.tgz 0ms (cache hit)
1887 http cache json5@https://registry.npmmirror.com/json5/-/json5-2.2.3.tgz 0ms (cache hit)
1888 http cache semver@https://registry.npmmirror.com/semver/-/semver-6.3.1.tgz 0ms (cache hit)
1889 http cache gensync@https://registry.npmmirror.com/gensync/-/gensync-1.0.0-beta.2.tgz 0ms (cache hit)
1890 http cache debug@https://registry.npmmirror.com/debug/-/debug-4.4.3.tgz 0ms (cache hit)
1891 http cache convert-source-map@https://registry.npmmirror.com/convert-source-map/-/convert-source-map-2.0.0.tgz 0ms (cache hit)
1892 http cache @babel/types@https://registry.npmmirror.com/@babel/types/-/types-7.29.8.tgz 0ms (cache hit)
1893 http cache @jridgewell/remapping@https://registry.npmmirror.com/@jridgewell/remapping/-/remapping-2.3.5.tgz 0ms (cache hit)
1894 http cache @babel/traverse@https://registry.npmmirror.com/@babel/traverse/-/traverse-7.29.8.tgz 0ms (cache hit)
1895 http cache zod-to-json-schema@https://registry.npmmirror.com/zod-to-json-schema/-/zod-to-json-schema-3.25.2.tgz 0ms (cache hit)
1896 http cache @babel/template@https://registry.npmmirror.com/@babel/template/-/template-7.29.7.tgz 0ms (cache hit)
1897 http cache @babel/helpers@https://registry.npmmirror.com/@babel/helpers/-/helpers-7.29.7.tgz 0ms (cache hit)
1898 http cache @babel/helper-module-transforms@https://registry.npmmirror.com/@babel/helper-module-transforms/-/helper-module-transforms-7.29.7.tgz 0ms (cache hit)
1899 http cache undici@https://registry.npmmirror.com/undici/-/undici-7.29.0.tgz 0ms (cache hit)
1900 http cache validate-npm-package-name@https://registry.npmmirror.com/validate-npm-package-name/-/validate-npm-package-name-7.0.2.tgz 0ms (cache hit)
1901 http cache tsconfig-paths@https://registry.npmmirror.com/tsconfig-paths/-/tsconfig-paths-4.2.0.tgz 0ms (cache hit)
1902 http cache @babel/code-frame@https://registry.npmmirror.com/@babel/code-frame/-/code-frame-7.29.7.tgz 0ms (cache hit)
1903 http cache @babel/helper-compilation-targets@https://registry.npmmirror.com/@babel/helper-compilation-targets/-/helper-compilation-targets-7.29.7.tgz 0ms (cache hit)
1904 http cache @babel/generator@https://registry.npmmirror.com/@babel/generator/-/generator-7.29.8.tgz 0ms (cache hit)
1905 http cache ts-morph@https://registry.npmmirror.com/ts-morph/-/ts-morph-26.0.0.tgz 0ms (cache hit)
1906 http cache zod@https://registry.npmmirror.com/zod/-/zod-3.25.76.tgz 0ms (cache hit)
1907 http cache tailwind-merge@https://registry.npmmirror.com/tailwind-merge/-/tailwind-merge-3.6.0.tgz 0ms (cache hit)
1908 http cache socks@https://registry.npmmirror.com/socks/-/socks-2.8.9.tgz 0ms (cache hit)
1909 http cache stringify-object@https://registry.npmmirror.com/stringify-object/-/stringify-object-5.0.0.tgz 0ms (cache hit)
1910 http cache postcss-selector-parser@https://registry.npmmirror.com/postcss-selector-parser/-/postcss-selector-parser-7.1.5.tgz 0ms (cache hit)
1911 http cache prompts@https://registry.npmmirror.com/prompts/-/prompts-2.4.2.tgz 0ms (cache hit)
1912 http cache recast@https://registry.npmmirror.com/recast/-/recast-0.23.21.tgz 0ms (cache hit)
1913 http cache open@https://registry.npmmirror.com/open/-/open-11.0.1.tgz 0ms (cache hit)
1914 http cache postcss@https://registry.npmmirror.com/postcss/-/postcss-8.5.26.tgz 0ms (cache hit)
1915 http cache kleur@https://registry.npmmirror.com/kleur/-/kleur-4.1.5.tgz 0ms (cache hit)
1916 http cache ora@https://registry.npmmirror.com/ora/-/ora-8.2.0.tgz 0ms (cache hit)
1917 http cache fs-extra@https://registry.npmmirror.com/fs-extra/-/fs-extra-11.4.0.tgz 0ms (cache hit)
1918 http cache fast-glob@https://registry.npmmirror.com/fast-glob/-/fast-glob-3.3.3.tgz 0ms (cache hit)
1919 http cache execa@https://registry.npmmirror.com/execa/-/execa-9.6.1.tgz 0ms (cache hit)
1920 http cache fuzzysort@https://registry.npmmirror.com/fuzzysort/-/fuzzysort-3.1.0.tgz 0ms (cache hit)
1921 http cache diff@https://registry.npmmirror.com/diff/-/diff-8.0.4.tgz 0ms (cache hit)
1922 http cache dedent@https://registry.npmmirror.com/dedent/-/dedent-1.7.2.tgz 0ms (cache hit)
1923 http cache @dotenvx/dotenvx@https://registry.npmmirror.com/@dotenvx/dotenvx/-/dotenvx-1.75.1.tgz 0ms (cache hit)
1924 http cache cosmiconfig@https://registry.npmmirror.com/cosmiconfig/-/cosmiconfig-9.0.2.tgz 0ms (cache hit)
1925 http cache @types/validate-npm-package-name@https://registry.npmmirror.com/@types/validate-npm-package-name/-/validate-npm-package-name-4.0.2.tgz 0ms (cache hit)
1926 http cache deepmerge@https://registry.npmmirror.com/deepmerge/-/deepmerge-4.3.1.tgz 0ms (cache hit)
1927 http cache @babel/preset-typescript@https://registry.npmmirror.com/@babel/preset-typescript/-/preset-typescript-7.29.7.tgz 0ms (cache hit)
1928 http cache @modelcontextprotocol/sdk@https://registry.npmmirror.com/@modelcontextprotocol/sdk/-/sdk-1.30.0.tgz 0ms (cache hit)
1929 http cache commander@https://registry.npmmirror.com/commander/-/commander-14.0.3.tgz 0ms (cache hit)
1930 http cache browserslist@https://registry.npmmirror.com/browserslist/-/browserslist-4.28.8.tgz 0ms (cache hit)
1931 http cache @babel/plugin-transform-typescript@https://registry.npmmirror.com/@babel/plugin-transform-typescript/-/plugin-transform-typescript-7.29.7.tgz 0ms (cache hit)
1932 http cache shadcn@https://registry.npmmirror.com/shadcn/-/shadcn-4.18.0.tgz 0ms (cache hit)
1933 http cache ansi-regex@https://registry.npmmirror.com/ansi-regex/-/ansi-regex-6.3.0.tgz 0ms (cache hit)
1934 http cache onetime@https://registry.npmmirror.com/onetime/-/onetime-7.0.0.tgz 0ms (cache hit)
1935 http cache is-unicode-supported@https://registry.npmmirror.com/is-unicode-supported/-/is-unicode-supported-1.3.0.tgz 0ms (cache hit)
1936 http cache @babel/parser@https://registry.npmmirror.com/@babel/parser/-/parser-7.29.8.tgz 0ms (cache hit)
1937 http cache @babel/core@https://registry.npmmirror.com/@babel/core/-/core-7.29.7.tgz 0ms (cache hit)
1938 http cache strip-ansi@https://registry.npmmirror.com/strip-ansi/-/strip-ansi-7.2.0.tgz 0ms (cache hit)
1939 http cache powershell-utils@https://registry.npmmirror.com/powershell-utils/-/powershell-utils-0.1.0.tgz 0ms (cache hit)
1940 http cache content-type@https://registry.npmmirror.com/content-type/-/content-type-2.1.0.tgz 0ms (cache hit)
1941 http cache content-type@https://registry.npmmirror.com/content-type/-/content-type-2.1.0.tgz 0ms (cache hit)
1942 http cache picomatch@https://registry.npmmirror.com/picomatch/-/picomatch-2.3.2.tgz 0ms (cache hit)
1943 http cache content-type@https://registry.npmmirror.com/content-type/-/content-type-2.1.0.tgz 0ms (cache hit)
1944 http cache mimic-fn@https://registry.npmmirror.com/mimic-fn/-/mimic-fn-2.1.0.tgz 0ms (cache hit)
1945 http cache path-key@https://registry.npmmirror.com/path-key/-/path-key-4.0.0.tgz 0ms (cache hit)
1946 http cache which@https://registry.npmmirror.com/which/-/which-2.0.2.tgz 0ms (cache hit)
1947 http cache isexe@https://registry.npmmirror.com/isexe/-/isexe-2.0.0.tgz 0ms (cache hit)
1948 http cache semver@https://registry.npmmirror.com/semver/-/semver-7.8.5.tgz 0ms (cache hit)
1949 http cache json-schema-typed@https://registry.npmmirror.com/json-schema-typed/-/json-schema-typed-7.0.3.tgz 0ms (cache hit)
1950 http cache kleur@https://registry.npmmirror.com/kleur/-/kleur-3.0.3.tgz 0ms (cache hit)
1951 http cache ajv-formats@https://registry.npmmirror.com/ajv-formats/-/ajv-formats-2.1.1.tgz 0ms (cache hit)
1952 http cache is-obj@https://registry.npmmirror.com/is-obj/-/is-obj-3.0.0.tgz 0ms (cache hit)
1953 http cache ansi-regex@https://registry.npmmirror.com/ansi-regex/-/ansi-regex-6.3.0.tgz 0ms (cache hit)
1954 http cache strip-ansi@https://registry.npmmirror.com/strip-ansi/-/strip-ansi-7.2.0.tgz 0ms (cache hit)
1955 http cache is-wsl@https://registry.npmmirror.com/is-wsl/-/is-wsl-2.2.0.tgz 0ms (cache hit)
1956 http cache is-docker@https://registry.npmmirror.com/is-docker/-/is-docker-2.2.1.tgz 0ms (cache hit)
1957 http cache strip-final-newline@https://registry.npmmirror.com/strip-final-newline/-/strip-final-newline-2.0.0.tgz 0ms (cache hit)
1958 http cache signal-exit@https://registry.npmmirror.com/signal-exit/-/signal-exit-3.0.7.tgz 0ms (cache hit)
1959 http cache define-lazy-prop@https://registry.npmmirror.com/define-lazy-prop/-/define-lazy-prop-2.0.0.tgz 0ms (cache hit)
1960 http cache npm-run-path@https://registry.npmmirror.com/npm-run-path/-/npm-run-path-4.0.1.tgz 0ms (cache hit)
1961 http cache get-stream@https://registry.npmmirror.com/get-stream/-/get-stream-6.0.1.tgz 0ms (cache hit)
1962 http cache is-stream@https://registry.npmmirror.com/is-stream/-/is-stream-2.0.1.tgz 0ms (cache hit)
1963 http cache human-signals@https://registry.npmmirror.com/human-signals/-/human-signals-2.1.0.tgz 0ms (cache hit)
1964 silly tarball no local data for mimic-function@https://registry.npmmirror.com/mimic-function/-/mimic-function-5.0.1.tgz. Extracting by manifest.
1965 silly tarball no local data for is-wsl@https://registry.npmmirror.com/is-wsl/-/is-wsl-3.1.1.tgz. Extracting by manifest.
1966 silly tarball no local data for merge-stream@https://registry.npmmirror.com/merge-stream/-/merge-stream-2.0.0.tgz. Extracting by manifest.
1967 silly tarball no local data for isexe@https://registry.npmmirror.com/isexe/-/isexe-3.1.5.tgz. Extracting by manifest.
1968 silly tarball no local data for escalade@https://registry.npmmirror.com/escalade/-/escalade-3.2.0.tgz. Extracting by manifest.
1969 silly tarball no local data for strip-bom@https://registry.npmmirror.com/strip-bom/-/strip-bom-3.0.0.tgz. Extracting by manifest.
1970 silly tarball no local data for minimist@https://registry.npmmirror.com/minimist/-/minimist-1.2.8.tgz. Extracting by manifest.
1971 silly tarball no local data for media-typer@https://registry.npmmirror.com/media-typer/-/media-typer-1.1.1.tgz. Extracting by manifest.
1972 silly tarball no local data for @ts-morph/common@https://registry.npmmirror.com/@ts-morph/common/-/common-0.27.0.tgz. Extracting by manifest.
1973 silly tarball no local data for balanced-match@https://registry.npmmirror.com/balanced-match/-/balanced-match-4.0.4.tgz. Extracting by manifest.
1974 silly tarball no local data for brace-expansion@https://registry.npmmirror.com/brace-expansion/-/brace-expansion-5.0.9.tgz. Extracting by manifest.
1975 silly tarball no local data for path-browserify@https://registry.npmmirror.com/path-browserify/-/path-browserify-1.0.1.tgz. Extracting by manifest.
1976 silly tarball no local data for minimatch@https://registry.npmmirror.com/minimatch/-/minimatch-10.2.6.tgz. Extracting by manifest.
1977 silly tarball no local data for code-block-writer@https://registry.npmmirror.com/code-block-writer/-/code-block-writer-13.0.3.tgz. Extracting by manifest.
1978 silly tarball no local data for ansi-regex@https://registry.npmmirror.com/ansi-regex/-/ansi-regex-5.0.1.tgz. Extracting by manifest.
1979 silly tarball no local data for is-number@https://registry.npmmirror.com/is-number/-/is-number-7.0.0.tgz. Extracting by manifest.
1980 silly tarball no local data for is-regexp@https://registry.npmmirror.com/is-regexp/-/is-regexp-3.1.0.tgz. Extracting by manifest.
1981 silly tarball no local data for get-own-enumerable-keys@https://registry.npmmirror.com/get-own-enumerable-keys/-/get-own-enumerable-keys-1.0.0.tgz. Extracting by manifest.
1982 silly tarball no local data for get-east-asian-width@https://registry.npmmirror.com/get-east-asian-width/-/get-east-asian-width-1.6.0.tgz. Extracting by manifest.
1983 silly tarball no local data for emoji-regex@https://registry.npmmirror.com/emoji-regex/-/emoji-regex-10.6.0.tgz. Extracting by manifest.
1984 silly tarball no local data for smart-buffer@https://registry.npmmirror.com/smart-buffer/-/smart-buffer-4.2.0.tgz. Extracting by manifest.
1985 silly tarball no local data for math-intrinsics@https://registry.npmmirror.com/math-intrinsics/-/math-intrinsics-1.1.0.tgz. Extracting by manifest.
1986 silly tarball no local data for dunder-proto@https://registry.npmmirror.com/dunder-proto/-/dunder-proto-1.0.1.tgz. Extracting by manifest.
1987 silly tarball no local data for has-symbols@https://registry.npmmirror.com/has-symbols/-/has-symbols-1.1.0.tgz. Extracting by manifest.
1988 silly tarball no local data for hasown@https://registry.npmmirror.com/hasown/-/hasown-2.0.4.tgz. Extracting by manifest.
1989 silly tarball no local data for gopd@https://registry.npmmirror.com/gopd/-/gopd-1.2.0.tgz. Extracting by manifest.
1990 silly tarball no local data for es-object-atoms@https://registry.npmmirror.com/es-object-atoms/-/es-object-atoms-1.1.2.tgz. Extracting by manifest.
1991 silly tarball no local data for get-proto@https://registry.npmmirror.com/get-proto/-/get-proto-1.0.1.tgz. Extracting by manifest.
1992 silly tarball no local data for function-bind@https://registry.npmmirror.com/function-bind/-/function-bind-1.1.2.tgz. Extracting by manifest.
1993 silly tarball no local data for call-bind-apply-helpers@https://registry.npmmirror.com/call-bind-apply-helpers/-/call-bind-apply-helpers-1.0.2.tgz. Extracting by manifest.
1994 http cache execa@https://registry.npmmirror.com/execa/-/execa-5.1.1.tgz 0ms (cache hit)
1995 silly tarball no local data for get-intrinsic@https://registry.npmmirror.com/get-intrinsic/-/get-intrinsic-1.3.0.tgz. Extracting by manifest.
1996 silly tarball no local data for side-channel-weakmap@https://registry.npmmirror.com/side-channel-weakmap/-/side-channel-weakmap-1.0.2.tgz. Extracting by manifest.
1997 silly tarball no local data for call-bound@https://registry.npmmirror.com/call-bound/-/call-bound-1.0.4.tgz. Extracting by manifest.
1998 silly tarball no local data for side-channel-map@https://registry.npmmirror.com/side-channel-map/-/side-channel-map-1.0.1.tgz. Extracting by manifest.
1999 silly tarball no local data for side-channel-list@https://registry.npmmirror.com/side-channel-list/-/side-channel-list-1.0.1.tgz. Extracting by manifest.
2000 silly tarball no local data for object-inspect@https://registry.npmmirror.com/object-inspect/-/object-inspect-1.13.4.tgz. Extracting by manifest.
2001 http cache commander@https://registry.npmmirror.com/commander/-/commander-11.1.0.tgz 0ms (cache hit)
2002 silly tarball no local data for es-errors@https://registry.npmmirror.com/es-errors/-/es-errors-1.3.0.tgz. Extracting by manifest.
2003 silly tarball no local data for shebang-regex@https://registry.npmmirror.com/shebang-regex/-/shebang-regex-3.0.0.tgz. Extracting by manifest.
2004 silly tarball no local data for queue-microtask@https://registry.npmmirror.com/queue-microtask/-/queue-microtask-1.2.3.tgz. Extracting by manifest.
2005 silly tarball no local data for is-promise@https://registry.npmmirror.com/is-promise/-/is-promise-4.0.0.tgz. Extracting by manifest.
2006 silly tarball no local data for path-to-regexp@https://registry.npmmirror.com/path-to-regexp/-/path-to-regexp-8.4.2.tgz. Extracting by manifest.
2007 silly tarball no local data for tslib@https://registry.npmmirror.com/tslib/-/tslib-2.8.1.tgz. Extracting by manifest.
2008 silly tarball no local data for source-map@https://registry.npmmirror.com/source-map/-/source-map-0.6.1.tgz. Extracting by manifest.
2009 silly tarball no local data for tiny-invariant@https://registry.npmmirror.com/tiny-invariant/-/tiny-invariant-1.3.3.tgz. Extracting by manifest.
2010 silly tarball no local data for esprima@https://registry.npmmirror.com/esprima/-/esprima-4.0.1.tgz. Extracting by manifest.
2011 silly tarball no local data for ast-types@https://registry.npmmirror.com/ast-types/-/ast-types-0.16.1.tgz. Extracting by manifest.
2012 silly tarball no local data for unpipe@https://registry.npmmirror.com/unpipe/-/unpipe-1.0.0.tgz. Extracting by manifest.
2013 http cache open@https://registry.npmmirror.com/open/-/open-8.4.2.tgz 0ms (cache hit)
2014 silly tarball no local data for side-channel@https://registry.npmmirror.com/side-channel/-/side-channel-1.1.1.tgz. Extracting by manifest.
2015 silly tarball no local data for es-define-property@https://registry.npmmirror.com/es-define-property/-/es-define-property-1.0.1.tgz. Extracting by manifest.
2016 silly tarball no local data for sisteransi@https://registry.npmmirror.com/sisteransi/-/sisteransi-1.0.5.tgz. Extracting by manifest.
2017 silly tarball no local data for forwarded@https://registry.npmmirror.com/forwarded/-/forwarded-0.2.0.tgz. Extracting by manifest.
2018 silly tarball no local data for parse-ms@https://registry.npmmirror.com/parse-ms/-/parse-ms-4.0.0.tgz. Extracting by manifest.
2019 silly tarball no local data for ipaddr.js@https://registry.npmmirror.com/ipaddr.js/-/ipaddr.js-1.9.1.tgz. Extracting by manifest.
2020 silly tarball no local data for util-deprecate@https://registry.npmmirror.com/util-deprecate/-/util-deprecate-1.0.2.tgz. Extracting by manifest.
2021 silly tarball no local data for cssesc@https://registry.npmmirror.com/cssesc/-/cssesc-3.0.0.tgz. Extracting by manifest.
2022 silly tarball no local data for source-map-js@https://registry.npmmirror.com/source-map-js/-/source-map-js-1.2.1.tgz. Extracting by manifest.
2023 silly tarball no local data for p-try@https://registry.npmmirror.com/p-try/-/p-try-2.2.0.tgz. Extracting by manifest.
2024 silly tarball no local data for p-limit@https://registry.npmmirror.com/p-limit/-/p-limit-2.3.0.tgz. Extracting by manifest.
2025 silly tarball no local data for path-exists@https://registry.npmmirror.com/path-exists/-/path-exists-3.0.0.tgz. Extracting by manifest.
2026 silly tarball no local data for nanoid@https://registry.npmmirror.com/nanoid/-/nanoid-3.3.18.tgz. Extracting by manifest.
2027 silly tarball no local data for p-locate@https://registry.npmmirror.com/p-locate/-/p-locate-3.0.0.tgz. Extracting by manifest.
2028 silly tarball no local data for find-up@https://registry.npmmirror.com/find-up/-/find-up-3.0.0.tgz. Extracting by manifest.
2029 silly tarball no local data for is-arrayish@https://registry.npmmirror.com/is-arrayish/-/is-arrayish-0.2.1.tgz. Extracting by manifest.
2030 silly tarball no local data for lines-and-columns@https://registry.npmmirror.com/lines-and-columns/-/lines-and-columns-1.2.4.tgz. Extracting by manifest.
2031 silly tarball no local data for locate-path@https://registry.npmmirror.com/locate-path/-/locate-path-3.0.0.tgz. Extracting by manifest.
2032 silly tarball no local data for json-parse-even-better-errors@https://registry.npmmirror.com/json-parse-even-better-errors/-/json-parse-even-better-errors-2.3.1.tgz. Extracting by manifest.
2033 silly tarball no local data for error-ex@https://registry.npmmirror.com/error-ex/-/error-ex-1.3.4.tgz. Extracting by manifest.
2034 silly tarball no local data for string-width@https://registry.npmmirror.com/string-width/-/string-width-7.2.0.tgz. Extracting by manifest.
2035 silly tarball no local data for callsites@https://registry.npmmirror.com/callsites/-/callsites-3.1.0.tgz. Extracting by manifest.
2036 silly tarball no local data for is-interactive@https://registry.npmmirror.com/is-interactive/-/is-interactive-2.0.0.tgz. Extracting by manifest.
2037 silly tarball no local data for stdin-discarder@https://registry.npmmirror.com/stdin-discarder/-/stdin-discarder-0.2.2.tgz. Extracting by manifest.
2038 silly tarball no local data for cli-cursor@https://registry.npmmirror.com/cli-cursor/-/cli-cursor-5.0.0.tgz. Extracting by manifest.
2039 silly tarball no local data for restore-cursor@https://registry.npmmirror.com/restore-cursor/-/restore-cursor-5.1.0.tgz. Extracting by manifest.
2040 silly tarball no local data for cli-spinners@https://registry.npmmirror.com/cli-spinners/-/cli-spinners-2.9.2.tgz. Extracting by manifest.
2041 silly tarball no local data for chalk@https://registry.npmmirror.com/chalk/-/chalk-5.6.2.tgz. Extracting by manifest.
2042 silly tarball no local data for is-docker@https://registry.npmmirror.com/is-docker/-/is-docker-3.0.0.tgz. Extracting by manifest.
2043 silly tarball no local data for log-symbols@https://registry.npmmirror.com/log-symbols/-/log-symbols-6.0.0.tgz. Extracting by manifest.
2044 silly tarball no local data for default-browser-id@https://registry.npmmirror.com/default-browser-id/-/default-browser-id-5.0.1.tgz. Extracting by manifest.
2045 silly tarball no local data for bundle-name@https://registry.npmmirror.com/bundle-name/-/bundle-name-4.1.0.tgz. Extracting by manifest.
2046 silly tarball no local data for run-applescript@https://registry.npmmirror.com/run-applescript/-/run-applescript-7.1.0.tgz. Extracting by manifest.
2047 silly tarball no local data for wsl-utils@https://registry.npmmirror.com/wsl-utils/-/wsl-utils-1.0.0.tgz. Extracting by manifest.
2048 silly tarball no local data for powershell-utils@https://registry.npmmirror.com/powershell-utils/-/powershell-utils-0.2.0.tgz. Extracting by manifest.
2049 silly tarball no local data for is-inside-container@https://registry.npmmirror.com/is-inside-container/-/is-inside-container-1.0.0.tgz. Extracting by manifest.
2050 silly tarball no local data for is-in-ssh@https://registry.npmmirror.com/is-in-ssh/-/is-in-ssh-1.0.0.tgz. Extracting by manifest.
2051 silly tarball no local data for define-lazy-prop@https://registry.npmmirror.com/define-lazy-prop/-/define-lazy-prop-3.0.0.tgz. Extracting by manifest.
2052 silly tarball no local data for default-browser@https://registry.npmmirror.com/default-browser/-/default-browser-5.5.1.tgz. Extracting by manifest.
2053 silly tarball no local data for wrappy@https://registry.npmmirror.com/wrappy/-/wrappy-1.0.2.tgz. Extracting by manifest.
2054 silly tarball no local data for ee-first@https://registry.npmmirror.com/ee-first/-/ee-first-1.1.1.tgz. Extracting by manifest.
2055 silly tarball no local data for unicorn-magic@https://registry.npmmirror.com/unicorn-magic/-/unicorn-magic-0.3.0.tgz. Extracting by manifest.
2056 silly tarball no local data for fill-range@https://registry.npmmirror.com/fill-range/-/fill-range-7.1.1.tgz. Extracting by manifest.
2057 silly tarball no local data for to-regex-range@https://registry.npmmirror.com/to-regex-range/-/to-regex-range-5.0.1.tgz. Extracting by manifest.
2058 silly tarball no local data for mime-db@https://registry.npmmirror.com/mime-db/-/mime-db-1.54.0.tgz. Extracting by manifest.
2059 silly tarball no local data for yallist@https://registry.npmmirror.com/yallist/-/yallist-3.1.1.tgz. Extracting by manifest.
2060 silly tarball no local data for argparse@https://registry.npmmirror.com/argparse/-/argparse-2.0.1.tgz. Extracting by manifest.
2061 silly tarball no local data for braces@https://registry.npmmirror.com/braces/-/braces-3.0.3.tgz. Extracting by manifest.
2062 silly tarball no local data for is-extglob@https://registry.npmmirror.com/is-extglob/-/is-extglob-2.1.1.tgz. Extracting by manifest.
2063 silly tarball no local data for resolve-from@https://registry.npmmirror.com/resolve-from/-/resolve-from-4.0.0.tgz. Extracting by manifest.
2064 silly tarball no local data for parent-module@https://registry.npmmirror.com/parent-module/-/parent-module-1.0.1.tgz. Extracting by manifest.
2065 silly tarball no local data for safer-buffer@https://registry.npmmirror.com/safer-buffer/-/safer-buffer-2.1.2.tgz. Extracting by manifest.
2066 silly tarball no local data for toidentifier@https://registry.npmmirror.com/toidentifier/-/toidentifier-1.0.1.tgz. Extracting by manifest.
2067 silly tarball no local data for inherits@https://registry.npmmirror.com/inherits/-/inherits-2.0.4.tgz. Extracting by manifest.
2068 silly tarball no local data for setprototypeof@https://registry.npmmirror.com/setprototypeof/-/setprototypeof-1.2.0.tgz. Extracting by manifest.
2069 silly tarball no local data for @sec-ant/readable-stream@https://registry.npmmirror.com/@sec-ant/readable-stream/-/readable-stream-0.4.1.tgz. Extracting by manifest.
2070 silly tarball no local data for is-glob@https://registry.npmmirror.com/is-glob/-/is-glob-4.0.3.tgz. Extracting by manifest.
2071 silly tarball no local data for universalify@https://registry.npmmirror.com/universalify/-/universalify-2.0.1.tgz. Extracting by manifest.
2072 silly tarball no local data for jsonfile@https://registry.npmmirror.com/jsonfile/-/jsonfile-6.2.1.tgz. Extracting by manifest.
2073 silly tarball no local data for @nodelib/fs.scandir@https://registry.npmmirror.com/@nodelib/fs.scandir/-/fs.scandir-2.1.5.tgz. Extracting by manifest.
2074 silly tarball no local data for graceful-fs@https://registry.npmmirror.com/graceful-fs/-/graceful-fs-4.2.11.tgz. Extracting by manifest.
2075 silly tarball no local data for is-unicode-supported@https://registry.npmmirror.com/is-unicode-supported/-/is-unicode-supported-2.1.0.tgz. Extracting by manifest.
2076 silly tarball no local data for reusify@https://registry.npmmirror.com/reusify/-/reusify-1.1.0.tgz. Extracting by manifest.
2077 silly tarball no local data for @nodelib/fs.walk@https://registry.npmmirror.com/@nodelib/fs.walk/-/fs.walk-1.2.8.tgz. Extracting by manifest.
2078 silly tarball no local data for run-parallel@https://registry.npmmirror.com/run-parallel/-/run-parallel-1.2.0.tgz. Extracting by manifest.
2079 silly tarball no local data for fastq@https://registry.npmmirror.com/fastq/-/fastq-1.20.1.tgz. Extracting by manifest.
2080 silly tarball no local data for @nodelib/fs.stat@https://registry.npmmirror.com/@nodelib/fs.stat/-/fs.stat-2.0.5.tgz. Extracting by manifest.
2081 silly tarball no local data for merge2@https://registry.npmmirror.com/merge2/-/merge2-1.4.1.tgz. Extracting by manifest.
2082 silly tarball no local data for glob-parent@https://registry.npmmirror.com/glob-parent/-/glob-parent-5.1.2.tgz. Extracting by manifest.
2083 silly tarball no local data for micromatch@https://registry.npmmirror.com/micromatch/-/micromatch-4.0.8.tgz. Extracting by manifest.
2084 silly tarball no local data for ip-address@https://registry.npmmirror.com/ip-address/-/ip-address-10.5.0.tgz. Extracting by manifest.
2085 silly tarball no local data for iconv-lite@https://registry.npmmirror.com/iconv-lite/-/iconv-lite-0.7.3.tgz. Extracting by manifest.
2086 silly tarball no local data for negotiator@https://registry.npmmirror.com/negotiator/-/negotiator-1.1.0.tgz. Extracting by manifest.
2087 silly tarball no local data for bytes@https://registry.npmmirror.com/bytes/-/bytes-3.1.2.tgz. Extracting by manifest.
2088 silly tarball no local data for statuses@https://registry.npmmirror.com/statuses/-/statuses-2.0.2.tgz. Extracting by manifest.
2089 silly tarball no local data for router@https://registry.npmmirror.com/router/-/router-2.2.0.tgz. Extracting by manifest.
2090 silly tarball no local data for send@https://registry.npmmirror.com/send/-/send-1.2.1.tgz. Extracting by manifest.
2091 silly tarball no local data for type-is@https://registry.npmmirror.com/type-is/-/type-is-2.1.0.tgz. Extracting by manifest.
2092 silly tarball no local data for serve-static@https://registry.npmmirror.com/serve-static/-/serve-static-2.2.1.tgz. Extracting by manifest.
2093 silly tarball no local data for parseurl@https://registry.npmmirror.com/parseurl/-/parseurl-1.3.3.tgz. Extracting by manifest.
2094 silly tarball no local data for proxy-addr@https://registry.npmmirror.com/proxy-addr/-/proxy-addr-2.0.7.tgz. Extracting by manifest.
2095 silly tarball no local data for qs@https://registry.npmmirror.com/qs/-/qs-6.15.3.tgz. Extracting by manifest.
2096 silly tarball no local data for once@https://registry.npmmirror.com/once/-/once-1.4.0.tgz. Extracting by manifest.
2097 silly tarball no local data for on-finished@https://registry.npmmirror.com/on-finished/-/on-finished-2.4.1.tgz. Extracting by manifest.
2098 silly tarball no local data for range-parser@https://registry.npmmirror.com/range-parser/-/range-parser-1.3.0.tgz. Extracting by manifest.
2099 silly tarball no local data for mime-types@https://registry.npmmirror.com/mime-types/-/mime-types-3.0.2.tgz. Extracting by manifest.
2100 silly tarball no local data for merge-descriptors@https://registry.npmmirror.com/merge-descriptors/-/merge-descriptors-2.0.0.tgz. Extracting by manifest.
2101 silly tarball no local data for http-errors@https://registry.npmmirror.com/http-errors/-/http-errors-2.0.1.tgz. Extracting by manifest.
2102 silly tarball no local data for fresh@https://registry.npmmirror.com/fresh/-/fresh-2.0.0.tgz. Extracting by manifest.
2103 silly tarball no local data for etag@https://registry.npmmirror.com/etag/-/etag-1.8.1.tgz. Extracting by manifest.
2104 silly tarball no local data for finalhandler@https://registry.npmmirror.com/finalhandler/-/finalhandler-2.1.1.tgz. Extracting by manifest.
2105 silly tarball no local data for escape-html@https://registry.npmmirror.com/escape-html/-/escape-html-1.0.3.tgz. Extracting by manifest.
2106 silly tarball no local data for encodeurl@https://registry.npmmirror.com/encodeurl/-/encodeurl-2.0.0.tgz. Extracting by manifest.
2107 silly tarball no local data for depd@https://registry.npmmirror.com/depd/-/depd-2.0.0.tgz. Extracting by manifest.
2108 silly tarball no local data for cookie-signature@https://registry.npmmirror.com/cookie-signature/-/cookie-signature-1.2.2.tgz. Extracting by manifest.
2109 silly tarball no local data for cookie@https://registry.npmmirror.com/cookie/-/cookie-0.7.2.tgz. Extracting by manifest.
2110 silly tarball no local data for accepts@https://registry.npmmirror.com/accepts/-/accepts-2.0.0.tgz. Extracting by manifest.
2111 silly tarball no local data for content-disposition@https://registry.npmmirror.com/content-disposition/-/content-disposition-1.1.0.tgz. Extracting by manifest.
2112 silly tarball no local data for body-parser@https://registry.npmmirror.com/body-parser/-/body-parser-2.3.0.tgz. Extracting by manifest.
2113 silly tarball no local data for yoctocolors@https://registry.npmmirror.com/yoctocolors/-/yoctocolors-2.2.0.tgz. Extracting by manifest.
2114 silly tarball no local data for strip-final-newline@https://registry.npmmirror.com/strip-final-newline/-/strip-final-newline-4.0.0.tgz. Extracting by manifest.
2115 silly tarball no local data for pretty-ms@https://registry.npmmirror.com/pretty-ms/-/pretty-ms-9.3.0.tgz. Extracting by manifest.
2116 silly tarball no local data for npm-run-path@https://registry.npmmirror.com/npm-run-path/-/npm-run-path-6.0.0.tgz. Extracting by manifest.
2117 silly tarball no local data for @sindresorhus/merge-streams@https://registry.npmmirror.com/@sindresorhus/merge-streams/-/merge-streams-4.0.0.tgz. Extracting by manifest.
2118 silly tarball no local data for human-signals@https://registry.npmmirror.com/human-signals/-/human-signals-8.0.1.tgz. Extracting by manifest.
2119 silly tarball no local data for is-plain-obj@https://registry.npmmirror.com/is-plain-obj/-/is-plain-obj-4.1.0.tgz. Extracting by manifest.
2120 silly tarball no local data for is-stream@https://registry.npmmirror.com/is-stream/-/is-stream-4.0.1.tgz. Extracting by manifest.
2121 silly tarball no local data for get-stream@https://registry.npmmirror.com/get-stream/-/get-stream-9.0.1.tgz. Extracting by manifest.
2122 silly tarball no local data for figures@https://registry.npmmirror.com/figures/-/figures-6.1.0.tgz. Extracting by manifest.
2123 silly tarball no local data for signal-exit@https://registry.npmmirror.com/signal-exit/-/signal-exit-4.1.0.tgz. Extracting by manifest.
2124 silly tarball no local data for strip-ansi@https://registry.npmmirror.com/strip-ansi/-/strip-ansi-6.0.1.tgz. Extracting by manifest.
2125 silly tarball no local data for is-obj@https://registry.npmmirror.com/is-obj/-/is-obj-2.0.0.tgz. Extracting by manifest.
2126 silly tarball no local data for ms@https://registry.npmmirror.com/ms/-/ms-2.1.3.tgz. Extracting by manifest.
2127 silly tarball no local data for ansi-colors@https://registry.npmmirror.com/ansi-colors/-/ansi-colors-4.1.3.tgz. Extracting by manifest.
2128 silly tarball no local data for mimic-fn@https://registry.npmmirror.com/mimic-fn/-/mimic-fn-3.1.0.tgz. Extracting by manifest.
2129 silly tarball no local data for shebang-command@https://registry.npmmirror.com/shebang-command/-/shebang-command-2.0.0.tgz. Extracting by manifest.
2130 silly tarball no local data for path-key@https://registry.npmmirror.com/path-key/-/path-key-3.1.1.tgz. Extracting by manifest.
2131 silly tarball no local data for js-yaml@https://registry.npmmirror.com/js-yaml/-/js-yaml-4.3.1.tgz. Extracting by manifest.
2132 silly tarball no local data for import-fresh@https://registry.npmmirror.com/import-fresh/-/import-fresh-3.3.1.tgz. Extracting by manifest.
2133 silly tarball no local data for vary@https://registry.npmmirror.com/vary/-/vary-1.1.2.tgz. Extracting by manifest.
2134 silly tarball no local data for parse-json@https://registry.npmmirror.com/parse-json/-/parse-json-5.2.0.tgz. Extracting by manifest.
2135 silly tarball no local data for object-assign@https://registry.npmmirror.com/object-assign/-/object-assign-4.1.1.tgz. Extracting by manifest.
2136 silly tarball no local data for pkg-up@https://registry.npmmirror.com/pkg-up/-/pkg-up-3.1.0.tgz. Extracting by manifest.
2137 silly tarball no local data for dot-prop@https://registry.npmmirror.com/dot-prop/-/dot-prop-6.0.1.tgz. Extracting by manifest.
2138 silly tarball no local data for debounce-fn@https://registry.npmmirror.com/debounce-fn/-/debounce-fn-4.0.0.tgz. Extracting by manifest.
2139 silly tarball no local data for onetime@https://registry.npmmirror.com/onetime/-/onetime-5.1.2.tgz. Extracting by manifest.
2140 silly tarball no local data for atomically@https://registry.npmmirror.com/atomically/-/atomically-1.7.0.tgz. Extracting by manifest.
2141 silly tarball no local data for update-browserslist-db@https://registry.npmmirror.com/update-browserslist-db/-/update-browserslist-db-1.3.1.tgz. Extracting by manifest.
2142 silly tarball no local data for node-releases@https://registry.npmmirror.com/node-releases/-/node-releases-2.0.53.tgz. Extracting by manifest.
2143 silly tarball no local data for caniuse-lite@https://registry.npmmirror.com/caniuse-lite/-/caniuse-lite-1.0.30001809.tgz. Extracting by manifest.
2144 silly tarball no local data for electron-to-chromium@https://registry.npmmirror.com/electron-to-chromium/-/electron-to-chromium-1.5.412.tgz. Extracting by manifest.
2145 silly tarball no local data for baseline-browser-mapping@https://registry.npmmirror.com/baseline-browser-mapping/-/baseline-browser-mapping-2.11.16.tgz. Extracting by manifest.
2146 silly tarball no local data for json-schema-traverse@https://registry.npmmirror.com/json-schema-traverse/-/json-schema-traverse-1.0.0.tgz. Extracting by manifest.
2147 silly tarball no local data for require-from-string@https://registry.npmmirror.com/require-from-string/-/require-from-string-2.0.2.tgz. Extracting by manifest.
2148 silly tarball no local data for fast-deep-equal@https://registry.npmmirror.com/fast-deep-equal/-/fast-deep-equal-3.1.3.tgz. Extracting by manifest.
2149 silly tarball no local data for fast-uri@https://registry.npmmirror.com/fast-uri/-/fast-uri-3.1.5.tgz. Extracting by manifest.
2150 silly tarball no local data for raw-body@https://registry.npmmirror.com/raw-body/-/raw-body-3.0.2.tgz. Extracting by manifest.
2151 silly tarball no local data for pkce-challenge@https://registry.npmmirror.com/pkce-challenge/-/pkce-challenge-5.0.1.tgz. Extracting by manifest.
2152 silly tarball no local data for jose@https://registry.npmmirror.com/jose/-/jose-6.2.9.tgz. Extracting by manifest.
2153 silly tarball no local data for express-rate-limit@https://registry.npmmirror.com/express-rate-limit/-/express-rate-limit-8.6.2.tgz. Extracting by manifest.
2154 silly tarball no local data for json-schema-typed@https://registry.npmmirror.com/json-schema-typed/-/json-schema-typed-8.0.2.tgz. Extracting by manifest.
2155 silly tarball no local data for express@https://registry.npmmirror.com/express/-/express-5.2.1.tgz. Extracting by manifest.
2156 silly tarball no local data for eventsource-parser@https://registry.npmmirror.com/eventsource-parser/-/eventsource-parser-3.1.1.tgz. Extracting by manifest.
2157 silly tarball no local data for eventsource@https://registry.npmmirror.com/eventsource/-/eventsource-3.0.7.tgz. Extracting by manifest.
2158 silly tarball no local data for cross-spawn@https://registry.npmmirror.com/cross-spawn/-/cross-spawn-7.0.6.tgz. Extracting by manifest.
2159 silly tarball no local data for @hono/node-server@https://registry.npmmirror.com/@hono/node-server/-/node-server-2.1.1.tgz. Extracting by manifest.
2160 silly tarball no local data for cors@https://registry.npmmirror.com/cors/-/cors-2.8.6.tgz. Extracting by manifest.
2161 silly tarball no local data for content-type@https://registry.npmmirror.com/content-type/-/content-type-1.0.5.tgz. Extracting by manifest.
2162 silly tarball no local data for @jridgewell/resolve-uri@https://registry.npmmirror.com/@jridgewell/resolve-uri/-/resolve-uri-3.1.2.tgz. Extracting by manifest.
2163 silly tarball no local data for ajv-formats@https://registry.npmmirror.com/ajv-formats/-/ajv-formats-3.0.1.tgz. Extracting by manifest.
2164 silly tarball no local data for ajv@https://registry.npmmirror.com/ajv/-/ajv-8.20.0.tgz. Extracting by manifest.
2165 silly tarball no local data for @jridgewell/sourcemap-codec@https://registry.npmmirror.com/@jridgewell/sourcemap-codec/-/sourcemap-codec-1.5.5.tgz. Extracting by manifest.
2166 silly tarball no local data for hono@https://registry.npmmirror.com/hono/-/hono-4.13.3.tgz. Extracting by manifest.
2167 silly tarball no local data for which@https://registry.npmmirror.com/which/-/which-4.0.0.tgz. Extracting by manifest.
2168 silly tarball no local data for yocto-spinner@https://registry.npmmirror.com/yocto-spinner/-/yocto-spinner-1.2.2.tgz. Extracting by manifest.
2169 silly tarball no local data for systeminformation@https://registry.npmmirror.com/systeminformation/-/systeminformation-5.33.1.tgz. Extracting by manifest.
2170 silly tarball no local data for picomatch@https://registry.npmmirror.com/picomatch/-/picomatch-4.0.5.tgz. Extracting by manifest.
2171 silly tarball no local data for object-treeify@https://registry.npmmirror.com/object-treeify/-/object-treeify-1.1.33.tgz. Extracting by manifest.
2172 silly tarball no local data for ignore@https://registry.npmmirror.com/ignore/-/ignore-5.3.2.tgz. Extracting by manifest.
2173 silly tarball no local data for enquirer@https://registry.npmmirror.com/enquirer/-/enquirer-2.4.1.tgz. Extracting by manifest.
2174 silly tarball no local data for fdir@https://registry.npmmirror.com/fdir/-/fdir-6.5.0.tgz. Extracting by manifest.
2175 silly tarball no local data for @babel/helper-string-parser@https://registry.npmmirror.com/@babel/helper-string-parser/-/helper-string-parser-7.29.7.tgz. Extracting by manifest.
2176 silly tarball no local data for @dotenvx/primitives@https://registry.npmmirror.com/@dotenvx/primitives/-/primitives-0.8.0.tgz. Extracting by manifest.
2177 silly tarball no local data for env-paths@https://registry.npmmirror.com/env-paths/-/env-paths-2.2.1.tgz. Extracting by manifest.
2178 silly tarball no local data for dotenv@https://registry.npmmirror.com/dotenv/-/dotenv-17.4.2.tgz. Extracting by manifest.
2179 silly tarball no local data for @babel/plugin-transform-modules-commonjs@https://registry.npmmirror.com/@babel/plugin-transform-modules-commonjs/-/plugin-transform-modules-commonjs-7.29.7.tgz. Extracting by manifest.
2180 silly tarball no local data for conf@https://registry.npmmirror.com/conf/-/conf-10.2.0.tgz. Extracting by manifest.
2181 silly tarball no local data for @babel/plugin-syntax-jsx@https://registry.npmmirror.com/@babel/plugin-syntax-jsx/-/plugin-syntax-jsx-7.29.7.tgz. Extracting by manifest.
2182 silly tarball no local data for @babel/helper-globals@https://registry.npmmirror.com/@babel/helper-globals/-/helper-globals-7.29.7.tgz. Extracting by manifest.
2183 silly tarball no local data for @babel/helper-replace-supers@https://registry.npmmirror.com/@babel/helper-replace-supers/-/helper-replace-supers-7.29.7.tgz. Extracting by manifest.
2184 silly tarball no local data for @babel/helper-optimise-call-expression@https://registry.npmmirror.com/@babel/helper-optimise-call-expression/-/helper-optimise-call-expression-7.29.7.tgz. Extracting by manifest.
2185 silly tarball no local data for @babel/helper-member-expression-to-functions@https://registry.npmmirror.com/@babel/helper-member-expression-to-functions/-/helper-member-expression-to-functions-7.29.7.tgz. Extracting by manifest.
2186 silly tarball no local data for lru-cache@https://registry.npmmirror.com/lru-cache/-/lru-cache-5.1.1.tgz. Extracting by manifest.
2187 silly tarball no local data for @babel/helper-plugin-utils@https://registry.npmmirror.com/@babel/helper-plugin-utils/-/helper-plugin-utils-7.29.7.tgz. Extracting by manifest.
2188 silly tarball no local data for @babel/helper-skip-transparent-expression-wrappers@https://registry.npmmirror.com/@babel/helper-skip-transparent-expression-wrappers/-/helper-skip-transparent-expression-wrappers-7.29.7.tgz. Extracting by manifest.
2189 silly tarball no local data for @babel/helper-create-class-features-plugin@https://registry.npmmirror.com/@babel/helper-create-class-features-plugin/-/helper-create-class-features-plugin-7.29.7.tgz. Extracting by manifest.
2190 silly tarball no local data for @babel/helper-module-imports@https://registry.npmmirror.com/@babel/helper-module-imports/-/helper-module-imports-7.29.7.tgz. Extracting by manifest.
2191 silly tarball no local data for @babel/plugin-syntax-typescript@https://registry.npmmirror.com/@babel/plugin-syntax-typescript/-/plugin-syntax-typescript-7.29.7.tgz. Extracting by manifest.
2192 silly tarball no local data for @babel/helper-annotate-as-pure@https://registry.npmmirror.com/@babel/helper-annotate-as-pure/-/helper-annotate-as-pure-7.29.7.tgz. Extracting by manifest.
2193 silly tarball no local data for jsesc@https://registry.npmmirror.com/jsesc/-/jsesc-3.1.0.tgz. Extracting by manifest.
2194 silly tarball no local data for @jridgewell/trace-mapping@https://registry.npmmirror.com/@jridgewell/trace-mapping/-/trace-mapping-0.3.31.tgz. Extracting by manifest.
2195 silly tarball no local data for @babel/compat-data@https://registry.npmmirror.com/@babel/compat-data/-/compat-data-7.29.7.tgz. Extracting by manifest.
2196 silly tarball no local data for picocolors@https://registry.npmmirror.com/picocolors/-/picocolors-1.1.1.tgz. Extracting by manifest.
2197 silly tarball no local data for js-tokens@https://registry.npmmirror.com/js-tokens/-/js-tokens-4.0.0.tgz. Extracting by manifest.
2198 silly tarball no local data for @jridgewell/gen-mapping@https://registry.npmmirror.com/@jridgewell/gen-mapping/-/gen-mapping-0.3.13.tgz. Extracting by manifest.
2199 silly tarball no local data for @babel/helper-validator-identifier@https://registry.npmmirror.com/@babel/helper-validator-identifier/-/helper-validator-identifier-7.29.7.tgz. Extracting by manifest.
2200 silly tarball no local data for @babel/helper-validator-option@https://registry.npmmirror.com/@babel/helper-validator-option/-/helper-validator-option-7.29.7.tgz. Extracting by manifest.
2201 silly tarball no local data for json5@https://registry.npmmirror.com/json5/-/json5-2.2.3.tgz. Extracting by manifest.
2202 silly tarball no local data for semver@https://registry.npmmirror.com/semver/-/semver-6.3.1.tgz. Extracting by manifest.
2203 silly tarball no local data for gensync@https://registry.npmmirror.com/gensync/-/gensync-1.0.0-beta.2.tgz. Extracting by manifest.
2204 silly tarball no local data for debug@https://registry.npmmirror.com/debug/-/debug-4.4.3.tgz. Extracting by manifest.
2205 silly tarball no local data for convert-source-map@https://registry.npmmirror.com/convert-source-map/-/convert-source-map-2.0.0.tgz. Extracting by manifest.
2206 silly tarball no local data for @babel/types@https://registry.npmmirror.com/@babel/types/-/types-7.29.8.tgz. Extracting by manifest.
2207 silly tarball no local data for @jridgewell/remapping@https://registry.npmmirror.com/@jridgewell/remapping/-/remapping-2.3.5.tgz. Extracting by manifest.
2208 silly tarball no local data for @babel/traverse@https://registry.npmmirror.com/@babel/traverse/-/traverse-7.29.8.tgz. Extracting by manifest.
2209 silly tarball no local data for zod-to-json-schema@https://registry.npmmirror.com/zod-to-json-schema/-/zod-to-json-schema-3.25.2.tgz. Extracting by manifest.
2210 silly tarball no local data for @babel/template@https://registry.npmmirror.com/@babel/template/-/template-7.29.7.tgz. Extracting by manifest.
2211 silly tarball no local data for @babel/helpers@https://registry.npmmirror.com/@babel/helpers/-/helpers-7.29.7.tgz. Extracting by manifest.
2212 silly tarball no local data for @babel/helper-module-transforms@https://registry.npmmirror.com/@babel/helper-module-transforms/-/helper-module-transforms-7.29.7.tgz. Extracting by manifest.
2213 silly tarball no local data for undici@https://registry.npmmirror.com/undici/-/undici-7.29.0.tgz. Extracting by manifest.
2214 silly tarball no local data for validate-npm-package-name@https://registry.npmmirror.com/validate-npm-package-name/-/validate-npm-package-name-7.0.2.tgz. Extracting by manifest.
2215 silly tarball no local data for tsconfig-paths@https://registry.npmmirror.com/tsconfig-paths/-/tsconfig-paths-4.2.0.tgz. Extracting by manifest.
2216 silly tarball no local data for @babel/code-frame@https://registry.npmmirror.com/@babel/code-frame/-/code-frame-7.29.7.tgz. Extracting by manifest.
2217 silly tarball no local data for @babel/helper-compilation-targets@https://registry.npmmirror.com/@babel/helper-compilation-targets/-/helper-compilation-targets-7.29.7.tgz. Extracting by manifest.
2218 silly tarball no local data for @babel/generator@https://registry.npmmirror.com/@babel/generator/-/generator-7.29.8.tgz. Extracting by manifest.
2219 silly tarball no local data for ts-morph@https://registry.npmmirror.com/ts-morph/-/ts-morph-26.0.0.tgz. Extracting by manifest.
2220 silly tarball no local data for zod@https://registry.npmmirror.com/zod/-/zod-3.25.76.tgz. Extracting by manifest.
2221 silly tarball no local data for tailwind-merge@https://registry.npmmirror.com/tailwind-merge/-/tailwind-merge-3.6.0.tgz. Extracting by manifest.
2222 silly tarball no local data for socks@https://registry.npmmirror.com/socks/-/socks-2.8.9.tgz. Extracting by manifest.
2223 silly tarball no local data for stringify-object@https://registry.npmmirror.com/stringify-object/-/stringify-object-5.0.0.tgz. Extracting by manifest.
2224 silly tarball no local data for postcss-selector-parser@https://registry.npmmirror.com/postcss-selector-parser/-/postcss-selector-parser-7.1.5.tgz. Extracting by manifest.
2225 silly tarball no local data for prompts@https://registry.npmmirror.com/prompts/-/prompts-2.4.2.tgz. Extracting by manifest.
2226 silly tarball no local data for recast@https://registry.npmmirror.com/recast/-/recast-0.23.21.tgz. Extracting by manifest.
2227 silly tarball no local data for open@https://registry.npmmirror.com/open/-/open-11.0.1.tgz. Extracting by manifest.
2228 silly tarball no local data for postcss@https://registry.npmmirror.com/postcss/-/postcss-8.5.26.tgz. Extracting by manifest.
2229 silly tarball no local data for kleur@https://registry.npmmirror.com/kleur/-/kleur-4.1.5.tgz. Extracting by manifest.
2230 silly tarball no local data for ora@https://registry.npmmirror.com/ora/-/ora-8.2.0.tgz. Extracting by manifest.
2231 silly tarball no local data for fs-extra@https://registry.npmmirror.com/fs-extra/-/fs-extra-11.4.0.tgz. Extracting by manifest.
2232 silly tarball no local data for fast-glob@https://registry.npmmirror.com/fast-glob/-/fast-glob-3.3.3.tgz. Extracting by manifest.
2233 silly tarball no local data for execa@https://registry.npmmirror.com/execa/-/execa-9.6.1.tgz. Extracting by manifest.
2234 silly tarball no local data for fuzzysort@https://registry.npmmirror.com/fuzzysort/-/fuzzysort-3.1.0.tgz. Extracting by manifest.
2235 silly tarball no local data for diff@https://registry.npmmirror.com/diff/-/diff-8.0.4.tgz. Extracting by manifest.
2236 silly tarball no local data for dedent@https://registry.npmmirror.com/dedent/-/dedent-1.7.2.tgz. Extracting by manifest.
2237 silly tarball no local data for @dotenvx/dotenvx@https://registry.npmmirror.com/@dotenvx/dotenvx/-/dotenvx-1.75.1.tgz. Extracting by manifest.
2238 silly tarball no local data for cosmiconfig@https://registry.npmmirror.com/cosmiconfig/-/cosmiconfig-9.0.2.tgz. Extracting by manifest.
2239 silly tarball no local data for @types/validate-npm-package-name@https://registry.npmmirror.com/@types/validate-npm-package-name/-/validate-npm-package-name-4.0.2.tgz. Extracting by manifest.
2240 silly tarball no local data for deepmerge@https://registry.npmmirror.com/deepmerge/-/deepmerge-4.3.1.tgz. Extracting by manifest.
2241 silly tarball no local data for @babel/preset-typescript@https://registry.npmmirror.com/@babel/preset-typescript/-/preset-typescript-7.29.7.tgz. Extracting by manifest.
2242 silly tarball no local data for @modelcontextprotocol/sdk@https://registry.npmmirror.com/@modelcontextprotocol/sdk/-/sdk-1.30.0.tgz. Extracting by manifest.
2243 silly tarball no local data for commander@https://registry.npmmirror.com/commander/-/commander-14.0.3.tgz. Extracting by manifest.
2244 silly tarball no local data for browserslist@https://registry.npmmirror.com/browserslist/-/browserslist-4.28.8.tgz. Extracting by manifest.
2245 silly tarball no local data for @babel/plugin-transform-typescript@https://registry.npmmirror.com/@babel/plugin-transform-typescript/-/plugin-transform-typescript-7.29.7.tgz. Extracting by manifest.
2246 silly tarball no local data for shadcn@https://registry.npmmirror.com/shadcn/-/shadcn-4.18.0.tgz. Extracting by manifest.
2247 silly tarball no local data for ansi-regex@https://registry.npmmirror.com/ansi-regex/-/ansi-regex-6.3.0.tgz. Extracting by manifest.
2248 silly tarball no local data for onetime@https://registry.npmmirror.com/onetime/-/onetime-7.0.0.tgz. Extracting by manifest.
2249 silly tarball no local data for is-unicode-supported@https://registry.npmmirror.com/is-unicode-supported/-/is-unicode-supported-1.3.0.tgz. Extracting by manifest.
2250 silly tarball no local data for @babel/parser@https://registry.npmmirror.com/@babel/parser/-/parser-7.29.8.tgz. Extracting by manifest.
2251 silly tarball no local data for @babel/core@https://registry.npmmirror.com/@babel/core/-/core-7.29.7.tgz. Extracting by manifest.
2252 silly tarball no local data for strip-ansi@https://registry.npmmirror.com/strip-ansi/-/strip-ansi-7.2.0.tgz. Extracting by manifest.
2253 silly tarball no local data for powershell-utils@https://registry.npmmirror.com/powershell-utils/-/powershell-utils-0.1.0.tgz. Extracting by manifest.
2254 silly tarball no local data for content-type@https://registry.npmmirror.com/content-type/-/content-type-2.1.0.tgz. Extracting by manifest.
2255 silly tarball no local data for content-type@https://registry.npmmirror.com/content-type/-/content-type-2.1.0.tgz. Extracting by manifest.
2256 silly tarball no local data for picomatch@https://registry.npmmirror.com/picomatch/-/picomatch-2.3.2.tgz. Extracting by manifest.
2257 silly tarball no local data for content-type@https://registry.npmmirror.com/content-type/-/content-type-2.1.0.tgz. Extracting by manifest.
2258 silly tarball no local data for mimic-fn@https://registry.npmmirror.com/mimic-fn/-/mimic-fn-2.1.0.tgz. Extracting by manifest.
2259 silly tarball no local data for path-key@https://registry.npmmirror.com/path-key/-/path-key-4.0.0.tgz. Extracting by manifest.
2260 silly tarball no local data for which@https://registry.npmmirror.com/which/-/which-2.0.2.tgz. Extracting by manifest.
2261 silly tarball no local data for isexe@https://registry.npmmirror.com/isexe/-/isexe-2.0.0.tgz. Extracting by manifest.
2262 silly tarball no local data for semver@https://registry.npmmirror.com/semver/-/semver-7.8.5.tgz. Extracting by manifest.
2263 silly tarball no local data for json-schema-typed@https://registry.npmmirror.com/json-schema-typed/-/json-schema-typed-7.0.3.tgz. Extracting by manifest.
2264 silly tarball no local data for kleur@https://registry.npmmirror.com/kleur/-/kleur-3.0.3.tgz. Extracting by manifest.
2265 silly tarball no local data for ajv-formats@https://registry.npmmirror.com/ajv-formats/-/ajv-formats-2.1.1.tgz. Extracting by manifest.
2266 silly tarball no local data for is-obj@https://registry.npmmirror.com/is-obj/-/is-obj-3.0.0.tgz. Extracting by manifest.
2267 silly tarball no local data for ansi-regex@https://registry.npmmirror.com/ansi-regex/-/ansi-regex-6.3.0.tgz. Extracting by manifest.
2268 silly tarball no local data for strip-ansi@https://registry.npmmirror.com/strip-ansi/-/strip-ansi-7.2.0.tgz. Extracting by manifest.
2269 silly tarball no local data for is-wsl@https://registry.npmmirror.com/is-wsl/-/is-wsl-2.2.0.tgz. Extracting by manifest.
2270 silly tarball no local data for is-docker@https://registry.npmmirror.com/is-docker/-/is-docker-2.2.1.tgz. Extracting by manifest.
2271 silly tarball no local data for strip-final-newline@https://registry.npmmirror.com/strip-final-newline/-/strip-final-newline-2.0.0.tgz. Extracting by manifest.
2272 silly tarball no local data for signal-exit@https://registry.npmmirror.com/signal-exit/-/signal-exit-3.0.7.tgz. Extracting by manifest.
2273 silly tarball no local data for define-lazy-prop@https://registry.npmmirror.com/define-lazy-prop/-/define-lazy-prop-2.0.0.tgz. Extracting by manifest.
2274 silly tarball no local data for npm-run-path@https://registry.npmmirror.com/npm-run-path/-/npm-run-path-4.0.1.tgz. Extracting by manifest.
2275 silly tarball no local data for get-stream@https://registry.npmmirror.com/get-stream/-/get-stream-6.0.1.tgz. Extracting by manifest.
2276 silly tarball no local data for is-stream@https://registry.npmmirror.com/is-stream/-/is-stream-2.0.1.tgz. Extracting by manifest.
2277 silly tarball no local data for human-signals@https://registry.npmmirror.com/human-signals/-/human-signals-2.1.0.tgz. Extracting by manifest.
2278 silly tarball no local data for execa@https://registry.npmmirror.com/execa/-/execa-5.1.1.tgz. Extracting by manifest.
2279 silly tarball no local data for commander@https://registry.npmmirror.com/commander/-/commander-11.1.0.tgz. Extracting by manifest.
2280 silly tarball no local data for open@https://registry.npmmirror.com/open/-/open-8.4.2.tgz. Extracting by manifest.
2281 http fetch GET 200 https://cdn.npmmirror.com/packages/ansi-regex/5.0.1/ansi-regex-5.0.1.tgz 211ms (cache miss)
2282 http fetch GET 200 https://cdn.npmmirror.com/packages/strip-bom/3.0.0/strip-bom-3.0.0.tgz 214ms (cache miss)
2283 http fetch GET 200 https://cdn.npmmirror.com/packages/is-wsl/3.1.1/is-wsl-3.1.1.tgz 216ms (cache miss)
2284 http fetch GET 200 https://cdn.npmmirror.com/packages/media-typer/1.1.1/media-typer-1.1.1.tgz 222ms (cache miss)
2285 http fetch GET 200 https://cdn.npmmirror.com/packages/mimic-function/5.0.1/mimic-function-5.0.1.tgz 232ms (cache miss)
2286 http fetch GET 200 https://cdn.npmmirror.com/packages/merge-stream/2.0.0/merge-stream-2.0.0.tgz 238ms (cache miss)
2287 http fetch GET 200 https://cdn.npmmirror.com/packages/emoji-regex/10.6.0/emoji-regex-10.6.0.tgz 235ms (cache miss)
2288 http fetch GET 200 https://cdn.npmmirror.com/packages/balanced-match/4.0.4/balanced-match-4.0.4.tgz 242ms (cache miss)
2289 http fetch GET 200 https://cdn.npmmirror.com/packages/brace-expansion/5.0.9/brace-expansion-5.0.9.tgz 243ms (cache miss)
2290 http fetch GET 200 https://cdn.npmmirror.com/packages/is-regexp/3.1.0/is-regexp-3.1.0.tgz 241ms (cache miss)
2291 http fetch GET 200 https://cdn.npmmirror.com/packages/escalade/3.2.0/escalade-3.2.0.tgz 252ms (cache miss)
2292 http fetch GET 200 https://cdn.npmmirror.com/packages/code-block-writer/13.0.3/code-block-writer-13.0.3.tgz 249ms (cache miss)
2293 http fetch GET 200 https://cdn.npmmirror.com/packages/dunder-proto/1.0.1/dunder-proto-1.0.1.tgz 256ms (cache miss)
2294 http fetch GET 200 https://cdn.npmmirror.com/packages/get-east-asian-width/1.6.0/get-east-asian-width-1.6.0.tgz 257ms (cache miss)
2295 http fetch GET 200 https://cdn.npmmirror.com/packages/is-number/7.0.0/is-number-7.0.0.tgz 257ms (cache miss)
2296 http fetch GET 200 https://cdn.npmmirror.com/packages/gopd/1.2.0/gopd-1.2.0.tgz 272ms (cache miss)
2297 http fetch GET 200 https://cdn.npmmirror.com/packages/isexe/3.1.5/isexe-3.1.5.tgz 294ms (cache miss)
2298 http fetch GET 200 https://cdn.npmmirror.com/packages/hasown/2.0.4/hasown-2.0.4.tgz 297ms (cache miss)
2299 http fetch GET 200 https://cdn.npmmirror.com/packages/path-browserify/1.0.1/path-browserify-1.0.1.tgz 302ms (cache miss)
2300 http fetch GET 200 https://cdn.npmmirror.com/packages/get-proto/1.0.1/get-proto-1.0.1.tgz 300ms (cache miss)
2301 http fetch GET 200 https://cdn.npmmirror.com/packages/function-bind/1.1.2/function-bind-1.1.2.tgz 299ms (cache miss)
2302 http fetch GET 200 https://cdn.npmmirror.com/packages/has-symbols/1.1.0/has-symbols-1.1.0.tgz 301ms (cache miss)
2303 http fetch GET 200 https://cdn.npmmirror.com/packages/es-object-atoms/1.1.2/es-object-atoms-1.1.2.tgz 300ms (cache miss)
2304 http fetch GET 200 https://cdn.npmmirror.com/packages/get-own-enumerable-keys/1.0.0/get-own-enumerable-keys-1.0.0.tgz 303ms (cache miss)
2305 http fetch GET 200 https://cdn.npmmirror.com/packages/get-intrinsic/1.3.0/get-intrinsic-1.3.0.tgz 313ms (cache miss)
2306 http fetch GET 200 https://cdn.npmmirror.com/packages/side-channel-map/1.0.1/side-channel-map-1.0.1.tgz 313ms (cache miss)
2307 http fetch GET 200 https://cdn.npmmirror.com/packages/is-promise/4.0.0/is-promise-4.0.0.tgz 316ms (cache miss)
2308 http fetch GET 200 https://cdn.npmmirror.com/packages/es-errors/1.3.0/es-errors-1.3.0.tgz 326ms (cache miss)
2309 http fetch GET 200 https://cdn.npmmirror.com/packages/call-bound/1.0.4/call-bound-1.0.4.tgz 332ms (cache miss)
2310 http fetch GET 200 https://cdn.npmmirror.com/packages/shebang-regex/3.0.0/shebang-regex-3.0.0.tgz 334ms (cache miss)
2311 http fetch GET 200 https://cdn.npmmirror.com/packages/smart-buffer/4.2.0/smart-buffer-4.2.0.tgz 339ms (cache miss)
2312 http fetch GET 200 https://cdn.npmmirror.com/packages/queue-microtask/1.2.3/queue-microtask-1.2.3.tgz 337ms (cache miss)
2313 http fetch GET 200 https://cdn.npmmirror.com/packages/tiny-invariant/1.3.3/tiny-invariant-1.3.3.tgz 338ms (cache miss)
2314 http fetch GET 200 https://cdn.npmmirror.com/packages/side-channel-weakmap/1.0.2/side-channel-weakmap-1.0.2.tgz 341ms (cache miss)
2315 http fetch GET 200 https://cdn.npmmirror.com/packages/path-to-regexp/8.4.2/path-to-regexp-8.4.2.tgz 347ms (cache miss)
2316 http fetch GET 200 https://cdn.npmmirror.com/packages/side-channel-list/1.0.1/side-channel-list-1.0.1.tgz 352ms (cache miss)
2317 http fetch GET 200 https://cdn.npmmirror.com/packages/unpipe/1.0.0/unpipe-1.0.0.tgz 348ms (cache miss)
2318 http fetch GET 200 https://cdn.npmmirror.com/packages/call-bind-apply-helpers/1.0.2/call-bind-apply-helpers-1.0.2.tgz 360ms (cache miss)
2319 http fetch GET 200 https://cdn.npmmirror.com/packages/minimist/1.2.8/minimist-1.2.8.tgz 372ms (cache miss)
2320 http fetch GET 200 https://cdn.npmmirror.com/packages/side-channel/1.1.1/side-channel-1.1.1.tgz 361ms (cache miss)
2321 http fetch GET 200 https://cdn.npmmirror.com/packages/tslib/2.8.1/tslib-2.8.1.tgz 363ms (cache miss)
2322 http fetch GET 200 https://cdn.npmmirror.com/packages/math-intrinsics/1.1.0/math-intrinsics-1.1.0.tgz 375ms (cache miss)
2323 http fetch GET 200 https://cdn.npmmirror.com/packages/object-inspect/1.13.4/object-inspect-1.13.4.tgz 372ms (cache miss)
2324 http fetch GET 200 https://cdn.npmmirror.com/packages/minimatch/10.2.6/minimatch-10.2.6.tgz 410ms (cache miss)
2325 http fetch GET 200 https://cdn.npmmirror.com/packages/es-define-property/1.0.1/es-define-property-1.0.1.tgz 402ms (cache miss)
2326 http fetch GET 200 https://cdn.npmmirror.com/packages/parse-ms/4.0.0/parse-ms-4.0.0.tgz 401ms (cache miss)
2327 http fetch GET 200 https://cdn.npmmirror.com/packages/ipaddr.js/1.9.1/ipaddr.js-1.9.1.tgz 402ms (cache miss)
2328 http fetch GET 200 https://cdn.npmmirror.com/packages/cssesc/3.0.0/cssesc-3.0.0.tgz 403ms (cache miss)
2329 http fetch GET 200 https://cdn.npmmirror.com/packages/p-limit/2.3.0/p-limit-2.3.0.tgz 402ms (cache miss)
2330 http fetch GET 200 https://cdn.npmmirror.com/packages/path-exists/3.0.0/path-exists-3.0.0.tgz 403ms (cache miss)
2331 http fetch GET 200 https://cdn.npmmirror.com/packages/forwarded/0.2.0/forwarded-0.2.0.tgz 404ms (cache miss)
2332 http fetch GET 200 https://cdn.npmmirror.com/packages/util-deprecate/1.0.2/util-deprecate-1.0.2.tgz 406ms (cache miss)
2333 http fetch GET 200 https://cdn.npmmirror.com/packages/p-try/2.2.0/p-try-2.2.0.tgz 406ms (cache miss)
2334 http fetch GET 200 https://cdn.npmmirror.com/packages/sisteransi/1.0.5/sisteransi-1.0.5.tgz 410ms (cache miss)
2335 http fetch GET 200 https://cdn.npmmirror.com/packages/esprima/4.0.1/esprima-4.0.1.tgz 412ms (cache miss)
2336 http fetch GET 200 https://cdn.npmmirror.com/packages/locate-path/3.0.0/locate-path-3.0.0.tgz 417ms (cache miss)
2337 http fetch GET 200 https://cdn.npmmirror.com/packages/lines-and-columns/1.2.4/lines-and-columns-1.2.4.tgz 419ms (cache miss)
2338 http fetch GET 200 https://cdn.npmmirror.com/packages/json-parse-even-better-errors/2.3.1/json-parse-even-better-errors-2.3.1.tgz 429ms (cache miss)
2339 http fetch GET 200 https://cdn.npmmirror.com/packages/string-width/7.2.0/string-width-7.2.0.tgz 430ms (cache miss)
2340 http fetch GET 200 https://cdn.npmmirror.com/packages/source-map-js/1.2.1/source-map-js-1.2.1.tgz 432ms (cache miss)
2341 http fetch GET 200 https://cdn.npmmirror.com/packages/callsites/3.1.0/callsites-3.1.0.tgz 430ms (cache miss)
2342 http fetch GET 200 https://cdn.npmmirror.com/packages/stdin-discarder/0.2.2/stdin-discarder-0.2.2.tgz 439ms (cache miss)
2343 http fetch GET 200 https://cdn.npmmirror.com/packages/is-arrayish/0.2.1/is-arrayish-0.2.1.tgz 442ms (cache miss)
2344 http fetch GET 200 https://cdn.npmmirror.com/packages/error-ex/1.3.4/error-ex-1.3.4.tgz 453ms (cache miss)
2345 http fetch GET 200 https://cdn.npmmirror.com/packages/nanoid/3.3.18/nanoid-3.3.18.tgz 455ms (cache miss)
2346 http fetch GET 200 https://cdn.npmmirror.com/packages/is-interactive/2.0.0/is-interactive-2.0.0.tgz 465ms (cache miss)
2347 http fetch GET 200 https://cdn.npmmirror.com/packages/p-locate/3.0.0/p-locate-3.0.0.tgz 475ms (cache miss)
2348 http fetch GET 200 https://cdn.npmmirror.com/packages/ast-types/0.16.1/ast-types-0.16.1.tgz 489ms (cache miss)
2349 http fetch GET 200 https://cdn.npmmirror.com/packages/default-browser-id/5.0.1/default-browser-id-5.0.1.tgz 509ms (cache miss)
2350 http fetch GET 200 https://cdn.npmmirror.com/packages/log-symbols/6.0.0/log-symbols-6.0.0.tgz 518ms (cache miss)
2351 http fetch GET 200 https://cdn.npmmirror.com/packages/bundle-name/4.1.0/bundle-name-4.1.0.tgz 526ms (cache miss)
2352 http fetch GET 200 https://cdn.npmmirror.com/packages/is-docker/3.0.0/is-docker-3.0.0.tgz 528ms (cache miss)
2353 http fetch GET 200 https://cdn.npmmirror.com/packages/is-inside-container/1.0.0/is-inside-container-1.0.0.tgz 538ms (cache miss)
2354 http fetch GET 200 https://cdn.npmmirror.com/packages/powershell-utils/0.2.0/powershell-utils-0.2.0.tgz 541ms (cache miss)
2355 http fetch GET 200 https://cdn.npmmirror.com/packages/run-applescript/7.1.0/run-applescript-7.1.0.tgz 551ms (cache miss)
2356 http fetch GET 200 https://cdn.npmmirror.com/packages/wsl-utils/1.0.0/wsl-utils-1.0.0.tgz 551ms (cache miss)
2357 http fetch GET 200 https://cdn.npmmirror.com/packages/ee-first/1.1.1/ee-first-1.1.1.tgz 615ms (cache miss)
2358 http fetch GET 200 https://cdn.npmmirror.com/packages/restore-cursor/5.1.0/restore-cursor-5.1.0.tgz 619ms (cache miss)
2359 http fetch GET 200 https://cdn.npmmirror.com/packages/define-lazy-prop/3.0.0/define-lazy-prop-3.0.0.tgz 617ms (cache miss)
2360 http fetch GET 200 https://cdn.npmmirror.com/packages/wrappy/1.0.2/wrappy-1.0.2.tgz 616ms (cache miss)
2361 http fetch GET 200 https://cdn.npmmirror.com/packages/fill-range/7.1.1/fill-range-7.1.1.tgz 616ms (cache miss)
2362 http fetch GET 200 https://cdn.npmmirror.com/packages/is-in-ssh/1.0.0/is-in-ssh-1.0.0.tgz 617ms (cache miss)
2363 http fetch GET 200 https://cdn.npmmirror.com/packages/default-browser/5.5.1/default-browser-5.5.1.tgz 623ms (cache miss)
2364 http fetch GET 200 https://cdn.npmmirror.com/packages/unicorn-magic/0.3.0/unicorn-magic-0.3.0.tgz 623ms (cache miss)
2365 http fetch GET 200 https://cdn.npmmirror.com/packages/source-map/0.6.1/source-map-0.6.1.tgz 633ms (cache miss)
2366 http fetch GET 200 https://cdn.npmmirror.com/packages/cli-cursor/5.0.0/cli-cursor-5.0.0.tgz 629ms (cache miss)
2367 http fetch GET 200 https://cdn.npmmirror.com/packages/is-extglob/2.1.1/is-extglob-2.1.1.tgz 624ms (cache miss)
2368 http fetch GET 200 https://cdn.npmmirror.com/packages/mime-db/1.54.0/mime-db-1.54.0.tgz 625ms (cache miss)
2369 http fetch GET 200 https://cdn.npmmirror.com/packages/find-up/3.0.0/find-up-3.0.0.tgz 633ms (cache miss)
2370 http fetch GET 200 https://cdn.npmmirror.com/packages/cli-spinners/2.9.2/cli-spinners-2.9.2.tgz 637ms (cache miss)
2371 http fetch GET 200 https://cdn.npmmirror.com/packages/parent-module/1.0.1/parent-module-1.0.1.tgz 632ms (cache miss)
2372 http fetch GET 200 https://cdn.npmmirror.com/packages/chalk/5.6.2/chalk-5.6.2.tgz 638ms (cache miss)
2373 http fetch GET 200 https://cdn.npmmirror.com/packages/resolve-from/4.0.0/resolve-from-4.0.0.tgz 634ms (cache miss)
2374 http fetch GET 200 https://cdn.npmmirror.com/packages/yallist/3.1.1/yallist-3.1.1.tgz 635ms (cache miss)
2375 http fetch GET 200 https://cdn.npmmirror.com/packages/braces/3.0.3/braces-3.0.3.tgz 639ms (cache miss)
2376 http fetch GET 200 https://cdn.npmmirror.com/packages/setprototypeof/1.2.0/setprototypeof-1.2.0.tgz 661ms (cache miss)
2377 http fetch GET 200 https://cdn.npmmirror.com/packages/%40sec-ant/readable-stream/0.4.1/readable-stream-0.4.1.tgz 662ms (cache miss)
2378 http fetch GET 200 https://cdn.npmmirror.com/packages/inherits/2.0.4/inherits-2.0.4.tgz 663ms (cache miss)
2379 http fetch GET 200 https://cdn.npmmirror.com/packages/universalify/2.0.1/universalify-2.0.1.tgz 663ms (cache miss)
2380 http fetch GET 200 https://cdn.npmmirror.com/packages/is-glob/4.0.3/is-glob-4.0.3.tgz 663ms (cache miss)
2381 http fetch GET 200 https://cdn.npmmirror.com/packages/safer-buffer/2.1.2/safer-buffer-2.1.2.tgz 665ms (cache miss)
2382 http fetch GET 200 https://cdn.npmmirror.com/packages/is-unicode-supported/2.1.0/is-unicode-supported-2.1.0.tgz 663ms (cache miss)
2383 http fetch GET 200 https://cdn.npmmirror.com/packages/toidentifier/1.0.1/toidentifier-1.0.1.tgz 665ms (cache miss)
2384 http fetch GET 200 https://cdn.npmmirror.com/packages/jsonfile/6.2.1/jsonfile-6.2.1.tgz 663ms (cache miss)
2385 http fetch GET 200 https://cdn.npmmirror.com/packages/to-regex-range/5.0.1/to-regex-range-5.0.1.tgz 668ms (cache miss)
2386 http fetch GET 200 https://cdn.npmmirror.com/packages/graceful-fs/4.2.11/graceful-fs-4.2.11.tgz 668ms (cache miss)
2387 http fetch GET 200 https://cdn.npmmirror.com/packages/reusify/1.1.0/reusify-1.1.0.tgz 669ms (cache miss)
2388 http fetch GET 200 https://cdn.npmmirror.com/packages/argparse/2.0.1/argparse-2.0.1.tgz 682ms (cache miss)
2389 http fetch GET 200 https://cdn.npmmirror.com/packages/%40nodelib/fs.walk/1.2.8/fs.walk-1.2.8.tgz 679ms (cache miss)
2390 http fetch GET 200 https://cdn.npmmirror.com/packages/send/1.2.1/send-1.2.1.tgz 693ms (cache miss)
2391 http fetch GET 200 https://cdn.npmmirror.com/packages/run-parallel/1.2.0/run-parallel-1.2.0.tgz 697ms (cache miss)
2392 http fetch GET 200 https://cdn.npmmirror.com/packages/negotiator/1.1.0/negotiator-1.1.0.tgz 696ms (cache miss)
2393 http fetch GET 200 https://cdn.npmmirror.com/packages/%40nodelib/fs.stat/2.0.5/fs.stat-2.0.5.tgz 697ms (cache miss)
2394 http fetch GET 200 https://cdn.npmmirror.com/packages/merge2/1.4.1/merge2-1.4.1.tgz 697ms (cache miss)
2395 http fetch GET 200 https://cdn.npmmirror.com/packages/bytes/3.1.2/bytes-3.1.2.tgz 697ms (cache miss)
2396 http fetch GET 200 https://cdn.npmmirror.com/packages/micromatch/4.0.8/micromatch-4.0.8.tgz 699ms (cache miss)
2397 http fetch GET 200 https://cdn.npmmirror.com/packages/statuses/2.0.2/statuses-2.0.2.tgz 698ms (cache miss)
2398 http fetch GET 200 https://cdn.npmmirror.com/packages/%40nodelib/fs.scandir/2.1.5/fs.scandir-2.1.5.tgz 707ms (cache miss)
2399 http fetch GET 200 https://cdn.npmmirror.com/packages/glob-parent/5.1.2/glob-parent-5.1.2.tgz 725ms (cache miss)
2400 http fetch GET 200 https://cdn.npmmirror.com/packages/router/2.2.0/router-2.2.0.tgz 726ms (cache miss)
2401 http fetch GET 200 https://cdn.npmmirror.com/packages/on-finished/2.4.1/on-finished-2.4.1.tgz 747ms (cache miss)
2402 http fetch GET 200 https://cdn.npmmirror.com/packages/parseurl/1.3.3/parseurl-1.3.3.tgz 747ms (cache miss)
2403 http fetch GET 200 https://cdn.npmmirror.com/packages/mime-types/3.0.2/mime-types-3.0.2.tgz 748ms (cache miss)
2404 http fetch GET 200 https://cdn.npmmirror.com/packages/range-parser/1.3.0/range-parser-1.3.0.tgz 750ms (cache miss)
2405 http fetch GET 200 https://cdn.npmmirror.com/packages/ip-address/10.5.0/ip-address-10.5.0.tgz 758ms (cache miss)
2406 http fetch GET 200 https://cdn.npmmirror.com/packages/finalhandler/2.1.1/finalhandler-2.1.1.tgz 777ms (cache miss)
2407 http fetch GET 200 https://cdn.npmmirror.com/packages/fresh/2.0.0/fresh-2.0.0.tgz 778ms (cache miss)
2408 http fetch GET 200 https://cdn.npmmirror.com/packages/once/1.4.0/once-1.4.0.tgz 779ms (cache miss)
2409 http fetch GET 200 https://cdn.npmmirror.com/packages/proxy-addr/2.0.7/proxy-addr-2.0.7.tgz 780ms (cache miss)
2410 http fetch GET 200 https://cdn.npmmirror.com/packages/fastq/1.20.1/fastq-1.20.1.tgz 791ms (cache miss)
2411 http fetch GET 200 https://cdn.npmmirror.com/packages/http-errors/2.0.1/http-errors-2.0.1.tgz 795ms (cache miss)
2412 http fetch GET 200 https://cdn.npmmirror.com/packages/etag/1.8.1/etag-1.8.1.tgz 800ms (cache miss)
2413 http fetch GET 200 https://cdn.npmmirror.com/packages/iconv-lite/0.7.3/iconv-lite-0.7.3.tgz 804ms (cache miss)
2414 http fetch GET 200 https://cdn.npmmirror.com/packages/escape-html/1.0.3/escape-html-1.0.3.tgz 800ms (cache miss)
2415 http fetch GET 200 https://cdn.npmmirror.com/packages/merge-descriptors/2.0.0/merge-descriptors-2.0.0.tgz 802ms (cache miss)
2416 http fetch GET 200 https://cdn.npmmirror.com/packages/serve-static/2.2.1/serve-static-2.2.1.tgz 805ms (cache miss)
2417 http fetch GET 200 https://cdn.npmmirror.com/packages/encodeurl/2.0.0/encodeurl-2.0.0.tgz 803ms (cache miss)
2418 http fetch GET 200 https://cdn.npmmirror.com/packages/accepts/2.0.0/accepts-2.0.0.tgz 821ms (cache miss)
2419 http fetch GET 200 https://cdn.npmmirror.com/packages/content-disposition/1.1.0/content-disposition-1.1.0.tgz 821ms (cache miss)
2420 http fetch GET 200 https://cdn.npmmirror.com/packages/cookie/0.7.2/cookie-0.7.2.tgz 823ms (cache miss)
2421 http fetch GET 200 https://cdn.npmmirror.com/packages/type-is/2.1.0/type-is-2.1.0.tgz 827ms (cache miss)
2422 http fetch GET 200 https://cdn.npmmirror.com/packages/pretty-ms/9.3.0/pretty-ms-9.3.0.tgz 826ms (cache miss)
2423 http fetch GET 200 https://cdn.npmmirror.com/packages/cookie-signature/1.2.2/cookie-signature-1.2.2.tgz 827ms (cache miss)
2424 http fetch GET 200 https://cdn.npmmirror.com/packages/npm-run-path/6.0.0/npm-run-path-6.0.0.tgz 829ms (cache miss)
2425 http fetch GET 200 https://cdn.npmmirror.com/packages/%40sindresorhus/merge-streams/4.0.0/merge-streams-4.0.0.tgz 830ms (cache miss)
2426 http fetch GET 200 https://cdn.npmmirror.com/packages/strip-final-newline/4.0.0/strip-final-newline-4.0.0.tgz 831ms (cache miss)
2427 http fetch GET 200 https://cdn.npmmirror.com/packages/depd/2.0.0/depd-2.0.0.tgz 836ms (cache miss)
2428 http fetch GET 200 https://cdn.npmmirror.com/packages/yoctocolors/2.2.0/yoctocolors-2.2.0.tgz 842ms (cache miss)
2429 http fetch GET 200 https://cdn.npmmirror.com/packages/human-signals/8.0.1/human-signals-8.0.1.tgz 843ms (cache miss)
2430 http fetch GET 200 https://cdn.npmmirror.com/packages/is-stream/4.0.1/is-stream-4.0.1.tgz 846ms (cache miss)
2431 http fetch GET 200 https://cdn.npmmirror.com/packages/body-parser/2.3.0/body-parser-2.3.0.tgz 850ms (cache miss)
2432 http fetch GET 200 https://cdn.npmmirror.com/packages/%40ts-morph/common/0.27.0/common-0.27.0.tgz 889ms (cache miss)
2433 http fetch GET 200 https://cdn.npmmirror.com/packages/get-stream/9.0.1/get-stream-9.0.1.tgz 855ms (cache miss)
2434 http fetch GET 200 https://cdn.npmmirror.com/packages/is-obj/2.0.0/is-obj-2.0.0.tgz 872ms (cache miss)
2435 http fetch GET 200 https://cdn.npmmirror.com/packages/ms/2.1.3/ms-2.1.3.tgz 874ms (cache miss)
2436 http fetch GET 200 https://cdn.npmmirror.com/packages/mimic-fn/3.1.0/mimic-fn-3.1.0.tgz 876ms (cache miss)
2437 http fetch GET 200 https://cdn.npmmirror.com/packages/path-key/3.1.1/path-key-3.1.1.tgz 877ms (cache miss)
2438 http fetch GET 200 https://cdn.npmmirror.com/packages/strip-ansi/6.0.1/strip-ansi-6.0.1.tgz 879ms (cache miss)
2439 http fetch GET 200 https://cdn.npmmirror.com/packages/figures/6.1.0/figures-6.1.0.tgz 881ms (cache miss)
2440 http fetch GET 200 https://cdn.npmmirror.com/packages/shebang-command/2.0.0/shebang-command-2.0.0.tgz 881ms (cache miss)
2441 http fetch GET 200 https://cdn.npmmirror.com/packages/import-fresh/3.3.1/import-fresh-3.3.1.tgz 881ms (cache miss)
2442 http fetch GET 200 https://cdn.npmmirror.com/packages/ansi-colors/4.1.3/ansi-colors-4.1.3.tgz 882ms (cache miss)
2443 http fetch GET 200 https://cdn.npmmirror.com/packages/qs/6.15.3/qs-6.15.3.tgz 891ms (cache miss)
2444 http fetch GET 200 https://cdn.npmmirror.com/packages/vary/1.1.2/vary-1.1.2.tgz 884ms (cache miss)
2445 http fetch GET 200 https://cdn.npmmirror.com/packages/parse-json/5.2.0/parse-json-5.2.0.tgz 899ms (cache miss)
2446 http fetch GET 200 https://cdn.npmmirror.com/packages/object-assign/4.1.1/object-assign-4.1.1.tgz 900ms (cache miss)
2447 http fetch GET 200 https://cdn.npmmirror.com/packages/pkg-up/3.1.0/pkg-up-3.1.0.tgz 900ms (cache miss)
2448 http fetch GET 200 https://cdn.npmmirror.com/packages/is-plain-obj/4.1.0/is-plain-obj-4.1.0.tgz 906ms (cache miss)
2449 http fetch GET 200 https://cdn.npmmirror.com/packages/dot-prop/6.0.1/dot-prop-6.0.1.tgz 906ms (cache miss)
2450 http fetch GET 200 https://cdn.npmmirror.com/packages/onetime/5.1.2/onetime-5.1.2.tgz 907ms (cache miss)
2451 http fetch GET 200 https://cdn.npmmirror.com/packages/debounce-fn/4.0.0/debounce-fn-4.0.0.tgz 910ms (cache miss)
2452 http fetch GET 200 https://cdn.npmmirror.com/packages/signal-exit/4.1.0/signal-exit-4.1.0.tgz 917ms (cache miss)
2453 http fetch GET 200 https://cdn.npmmirror.com/packages/update-browserslist-db/1.3.1/update-browserslist-db-1.3.1.tgz 938ms (cache miss)
2454 http fetch GET 200 https://cdn.npmmirror.com/packages/require-from-string/2.0.2/require-from-string-2.0.2.tgz 942ms (cache miss)
2455 http fetch GET 200 https://cdn.npmmirror.com/packages/fast-deep-equal/3.1.3/fast-deep-equal-3.1.3.tgz 950ms (cache miss)
2456 http fetch GET 200 https://cdn.npmmirror.com/packages/json-schema-traverse/1.0.0/json-schema-traverse-1.0.0.tgz 952ms (cache miss)
2457 http fetch GET 200 https://cdn.npmmirror.com/packages/node-releases/2.0.53/node-releases-2.0.53.tgz 953ms (cache miss)
2458 http fetch GET 200 https://cdn.npmmirror.com/packages/raw-body/3.0.2/raw-body-3.0.2.tgz 962ms (cache miss)
2459 http fetch GET 200 https://cdn.npmmirror.com/packages/baseline-browser-mapping/2.11.16/baseline-browser-mapping-2.11.16.tgz 967ms (cache miss)
2460 http fetch GET 200 https://cdn.npmmirror.com/packages/pkce-challenge/5.0.1/pkce-challenge-5.0.1.tgz 976ms (cache miss)
2461 http fetch GET 200 https://cdn.npmmirror.com/packages/electron-to-chromium/1.5.412/electron-to-chromium-1.5.412.tgz 982ms (cache miss)
2462 http fetch GET 200 https://cdn.npmmirror.com/packages/cors/2.8.6/cors-2.8.6.tgz 1004ms (cache miss)
2463 http fetch GET 200 https://cdn.npmmirror.com/packages/express-rate-limit/8.6.2/express-rate-limit-8.6.2.tgz 1008ms (cache miss)
2464 http fetch GET 200 https://cdn.npmmirror.com/packages/content-type/1.0.5/content-type-1.0.5.tgz 1007ms (cache miss)
2465 http fetch GET 200 https://cdn.npmmirror.com/packages/yocto-spinner/1.2.2/yocto-spinner-1.2.2.tgz 1007ms (cache miss)
2466 http fetch GET 200 https://cdn.npmmirror.com/packages/which/4.0.0/which-4.0.0.tgz 1011ms (cache miss)
2467 http fetch GET 200 https://cdn.npmmirror.com/packages/json-schema-typed/8.0.2/json-schema-typed-8.0.2.tgz 1019ms (cache miss)
2468 http fetch GET 200 https://cdn.npmmirror.com/packages/%40jridgewell/resolve-uri/3.1.2/resolve-uri-3.1.2.tgz 1018ms (cache miss)
2469 http fetch GET 200 https://cdn.npmmirror.com/packages/express/5.2.1/express-5.2.1.tgz 1026ms (cache miss)
2470 http fetch GET 200 https://cdn.npmmirror.com/packages/object-treeify/1.1.33/object-treeify-1.1.33.tgz 1024ms (cache miss)
2471 http fetch GET 200 https://cdn.npmmirror.com/packages/eventsource/3.0.7/eventsource-3.0.7.tgz 1029ms (cache miss)
2472 http fetch GET 200 https://cdn.npmmirror.com/packages/eventsource-parser/3.1.1/eventsource-parser-3.1.1.tgz 1036ms (cache miss)
2473 http fetch GET 200 https://cdn.npmmirror.com/packages/ajv-formats/3.0.1/ajv-formats-3.0.1.tgz 1036ms (cache miss)
2474 http fetch GET 200 https://cdn.npmmirror.com/packages/js-yaml/4.3.1/js-yaml-4.3.1.tgz 1052ms (cache miss)
2475 http fetch GET 200 https://cdn.npmmirror.com/packages/%40babel/helper-string-parser/7.29.7/helper-string-parser-7.29.7.tgz 1044ms (cache miss)
2476 http fetch GET 200 https://cdn.npmmirror.com/packages/env-paths/2.2.1/env-paths-2.2.1.tgz 1061ms (cache miss)
2477 http fetch GET 200 https://cdn.npmmirror.com/packages/ignore/5.3.2/ignore-5.3.2.tgz 1062ms (cache miss)
2478 http fetch GET 200 https://cdn.npmmirror.com/packages/fast-uri/3.1.5/fast-uri-3.1.5.tgz 1071ms (cache miss)
2479 http fetch GET 200 https://cdn.npmmirror.com/packages/picomatch/4.0.5/picomatch-4.0.5.tgz 1069ms (cache miss)
2480 http fetch GET 200 https://cdn.npmmirror.com/packages/fdir/6.5.0/fdir-6.5.0.tgz 1072ms (cache miss)
2481 http fetch GET 200 https://cdn.npmmirror.com/packages/atomically/1.7.0/atomically-1.7.0.tgz 1080ms (cache miss)
2482 http fetch GET 200 https://cdn.npmmirror.com/packages/%40babel/plugin-syntax-jsx/7.29.7/plugin-syntax-jsx-7.29.7.tgz 1073ms (cache miss)
2483 http fetch GET 200 https://cdn.npmmirror.com/packages/conf/10.2.0/conf-10.2.0.tgz 1075ms (cache miss)
2484 http fetch GET 200 https://cdn.npmmirror.com/packages/%40hono/node-server/2.1.1/node-server-2.1.1.tgz 1082ms (cache miss)
2485 http fetch GET 200 https://cdn.npmmirror.com/packages/cross-spawn/7.0.6/cross-spawn-7.0.6.tgz 1089ms (cache miss)
2486 http fetch GET 200 https://cdn.npmmirror.com/packages/%40jridgewell/sourcemap-codec/1.5.5/sourcemap-codec-1.5.5.tgz 1093ms (cache miss)
2487 http fetch GET 200 https://cdn.npmmirror.com/packages/%40babel/helper-optimise-call-expression/7.29.7/helper-optimise-call-expression-7.29.7.tgz 1092ms (cache miss)
2488 http fetch GET 200 https://cdn.npmmirror.com/packages/lru-cache/5.1.1/lru-cache-5.1.1.tgz 1092ms (cache miss)
2489 http fetch GET 200 https://cdn.npmmirror.com/packages/%40babel/helper-globals/7.29.7/helper-globals-7.29.7.tgz 1098ms (cache miss)
2490 http fetch GET 200 https://cdn.npmmirror.com/packages/%40babel/helper-plugin-utils/7.29.7/helper-plugin-utils-7.29.7.tgz 1102ms (cache miss)
2491 http fetch GET 200 https://cdn.npmmirror.com/packages/%40babel/helper-replace-supers/7.29.7/helper-replace-supers-7.29.7.tgz 1107ms (cache miss)
2492 http fetch GET 200 https://cdn.npmmirror.com/packages/%40babel/helper-skip-transparent-expression-wrappers/7.29.7/helper-skip-transparent-expression-wrappers-7.29.7.tgz 1118ms (cache miss)
2493 http fetch GET 200 https://cdn.npmmirror.com/packages/%40babel/helper-member-expression-to-functions/7.29.7/helper-member-expression-to-functions-7.29.7.tgz 1121ms (cache miss)
2494 http fetch GET 200 https://cdn.npmmirror.com/packages/%40babel/plugin-transform-modules-commonjs/7.29.7/plugin-transform-modules-commonjs-7.29.7.tgz 1123ms (cache miss)
2495 http fetch GET 200 https://cdn.npmmirror.com/packages/%40babel/helper-module-imports/7.29.7/helper-module-imports-7.29.7.tgz 1122ms (cache miss)
2496 http fetch GET 200 https://cdn.npmmirror.com/packages/%40babel/plugin-syntax-typescript/7.29.7/plugin-syntax-typescript-7.29.7.tgz 1123ms (cache miss)
2497 http fetch GET 200 https://cdn.npmmirror.com/packages/%40babel/helper-annotate-as-pure/7.29.7/helper-annotate-as-pure-7.29.7.tgz 1124ms (cache miss)
2498 http fetch GET 200 https://cdn.npmmirror.com/packages/jsesc/3.1.0/jsesc-3.1.0.tgz 1130ms (cache miss)
2499 http fetch GET 200 https://cdn.npmmirror.com/packages/dotenv/17.4.2/dotenv-17.4.2.tgz 1147ms (cache miss)
2500 http fetch GET 200 https://cdn.npmmirror.com/packages/picocolors/1.1.1/picocolors-1.1.1.tgz 1149ms (cache miss)
2501 http fetch GET 200 https://cdn.npmmirror.com/packages/%40dotenvx/primitives/0.8.0/primitives-0.8.0.tgz 1167ms (cache miss)
2502 http fetch GET 200 https://cdn.npmmirror.com/packages/%40babel/helper-validator-identifier/7.29.7/helper-validator-identifier-7.29.7.tgz 1175ms (cache miss)
2503 http fetch GET 200 https://cdn.npmmirror.com/packages/js-tokens/4.0.0/js-tokens-4.0.0.tgz 1177ms (cache miss)
2504 http fetch GET 200 https://cdn.npmmirror.com/packages/%40babel/helper-validator-option/7.29.7/helper-validator-option-7.29.7.tgz 1214ms (cache miss)
2505 http fetch GET 200 https://cdn.npmmirror.com/packages/debug/4.4.3/debug-4.4.3.tgz 1219ms (cache miss)
2506 http fetch GET 200 https://cdn.npmmirror.com/packages/gensync/1.0.0-beta.2/gensync-1.0.0-beta.2.tgz 1221ms (cache miss)
2507 http fetch GET 200 https://cdn.npmmirror.com/packages/%40jridgewell/remapping/2.3.5/remapping-2.3.5.tgz 1223ms (cache miss)
2508 http fetch GET 200 https://cdn.npmmirror.com/packages/convert-source-map/2.0.0/convert-source-map-2.0.0.tgz 1226ms (cache miss)
2509 http fetch GET 200 https://cdn.npmmirror.com/packages/validate-npm-package-name/7.0.2/validate-npm-package-name-7.0.2.tgz 1225ms (cache miss)
2510 http fetch GET 200 https://cdn.npmmirror.com/packages/%40babel/compat-data/7.29.7/compat-data-7.29.7.tgz 1232ms (cache miss)
2511 http fetch GET 200 https://cdn.npmmirror.com/packages/semver/6.3.1/semver-6.3.1.tgz 1232ms (cache miss)
2512 http fetch GET 200 https://cdn.npmmirror.com/packages/%40babel/code-frame/7.29.7/code-frame-7.29.7.tgz 1229ms (cache miss)
2513 http fetch GET 200 https://cdn.npmmirror.com/packages/systeminformation/5.33.1/systeminformation-5.33.1.tgz 1242ms (cache miss)
2514 http fetch GET 200 https://cdn.npmmirror.com/packages/%40babel/helper-create-class-features-plugin/7.29.7/helper-create-class-features-plugin-7.29.7.tgz 1252ms (cache miss)
2515 http fetch GET 200 https://cdn.npmmirror.com/packages/stringify-object/5.0.0/stringify-object-5.0.0.tgz 1261ms (cache miss)
2516 http fetch GET 200 https://cdn.npmmirror.com/packages/%40babel/helper-compilation-targets/7.29.7/helper-compilation-targets-7.29.7.tgz 1267ms (cache miss)
2517 http fetch GET 200 https://cdn.npmmirror.com/packages/json5/2.2.3/json5-2.2.3.tgz 1284ms (cache miss)
2518 http fetch GET 200 https://cdn.npmmirror.com/packages/%40babel/helper-module-transforms/7.29.7/helper-module-transforms-7.29.7.tgz 1288ms (cache miss)
2519 http fetch GET 200 https://cdn.npmmirror.com/packages/%40babel/template/7.29.7/template-7.29.7.tgz 1291ms (cache miss)
2520 http fetch GET 200 https://cdn.npmmirror.com/packages/enquirer/2.4.1/enquirer-2.4.1.tgz 1301ms (cache miss)
2521 http fetch GET 200 https://cdn.npmmirror.com/packages/kleur/4.1.5/kleur-4.1.5.tgz 1287ms (cache miss)
2522 http fetch GET 200 https://cdn.npmmirror.com/packages/%40jridgewell/gen-mapping/0.3.13/gen-mapping-0.3.13.tgz 1335ms (cache miss)
2523 http fetch GET 200 https://cdn.npmmirror.com/packages/ora/8.2.0/ora-8.2.0.tgz 1338ms (cache miss)
2524 http fetch GET 200 https://cdn.npmmirror.com/packages/open/11.0.1/open-11.0.1.tgz 1340ms (cache miss)
2525 http fetch GET 200 https://cdn.npmmirror.com/packages/fuzzysort/3.1.0/fuzzysort-3.1.0.tgz 1349ms (cache miss)
2526 http fetch GET 200 https://cdn.npmmirror.com/packages/%40types/validate-npm-package-name/4.0.2/validate-npm-package-name-4.0.2.tgz 1349ms (cache miss)
2527 http fetch GET 200 https://cdn.npmmirror.com/packages/deepmerge/4.3.1/deepmerge-4.3.1.tgz 1355ms (cache miss)
2528 http fetch GET 200 https://cdn.npmmirror.com/packages/%40babel/preset-typescript/7.29.7/preset-typescript-7.29.7.tgz 1378ms (cache miss)
2529 http fetch GET 200 https://cdn.npmmirror.com/packages/dedent/1.7.2/dedent-1.7.2.tgz 1401ms (cache miss)
2530 http fetch GET 200 https://cdn.npmmirror.com/packages/is-unicode-supported/1.3.0/is-unicode-supported-1.3.0.tgz 1404ms (cache miss)
2531 http fetch GET 200 https://cdn.npmmirror.com/packages/%40jridgewell/trace-mapping/0.3.31/trace-mapping-0.3.31.tgz 1418ms (cache miss)
2532 http fetch GET 200 https://cdn.npmmirror.com/packages/ansi-regex/6.3.0/ansi-regex-6.3.0.tgz 1412ms (cache miss)
2533 http fetch GET 200 https://cdn.npmmirror.com/packages/ts-morph/26.0.0/ts-morph-26.0.0.tgz 1426ms (cache miss)
2534 http fetch GET 200 https://cdn.npmmirror.com/packages/browserslist/4.28.8/browserslist-4.28.8.tgz 1424ms (cache miss)
2535 http fetch GET 200 https://cdn.npmmirror.com/packages/powershell-utils/0.1.0/powershell-utils-0.1.0.tgz 1428ms (cache miss)
2536 http fetch GET 200 https://cdn.npmmirror.com/packages/onetime/7.0.0/onetime-7.0.0.tgz 1428ms (cache miss)
2537 http fetch GET 200 https://cdn.npmmirror.com/packages/strip-ansi/7.2.0/strip-ansi-7.2.0.tgz 1436ms (cache miss)
2538 http fetch GET 200 https://cdn.npmmirror.com/packages/content-type/2.1.0/content-type-2.1.0.tgz 1440ms (cache miss)
2539 http fetch GET 200 https://cdn.npmmirror.com/packages/socks/2.8.9/socks-2.8.9.tgz 1460ms (cache miss)
2540 http cache https://cdn.npmmirror.com/packages/ansi-regex/6.3.0/ansi-regex-6.3.0.tgz 1450ms (cache hit)
2541 http fetch GET 200 https://cdn.npmmirror.com/packages/%40babel/plugin-transform-typescript/7.29.7/plugin-transform-typescript-7.29.7.tgz 1456ms (cache miss)
2542 http fetch GET 200 https://cdn.npmmirror.com/packages/path-key/4.0.0/path-key-4.0.0.tgz 1461ms (cache miss)
2543 http fetch GET 200 https://cdn.npmmirror.com/packages/postcss-selector-parser/7.1.5/postcss-selector-parser-7.1.5.tgz 1470ms (cache miss)
2544 http fetch GET 200 https://cdn.npmmirror.com/packages/fs-extra/11.4.0/fs-extra-11.4.0.tgz 1482ms (cache miss)
2545 http fetch GET 200 https://cdn.npmmirror.com/packages/cosmiconfig/9.0.2/cosmiconfig-9.0.2.tgz 1484ms (cache miss)
2546 http fetch GET 200 https://cdn.npmmirror.com/packages/which/2.0.2/which-2.0.2.tgz 1480ms (cache miss)
2547 http cache https://cdn.npmmirror.com/packages/strip-ansi/7.2.0/strip-ansi-7.2.0.tgz 1486ms (cache hit)
2548 http fetch GET 200 https://cdn.npmmirror.com/packages/tailwind-merge/3.6.0/tailwind-merge-3.6.0.tgz 1497ms (cache miss)
2549 http fetch GET 200 https://cdn.npmmirror.com/packages/commander/14.0.3/commander-14.0.3.tgz 1493ms (cache miss)
2550 http fetch GET 200 https://cdn.npmmirror.com/packages/isexe/2.0.0/isexe-2.0.0.tgz 1489ms (cache miss)
2551 http fetch GET 200 https://cdn.npmmirror.com/packages/mimic-fn/2.1.0/mimic-fn-2.1.0.tgz 1494ms (cache miss)
2552 http fetch GET 200 https://cdn.npmmirror.com/packages/picomatch/2.3.2/picomatch-2.3.2.tgz 1504ms (cache miss)
2553 http fetch GET 200 https://cdn.npmmirror.com/packages/content-type/2.1.0/content-type-2.1.0.tgz 1513ms (cache miss)
2554 http fetch GET 200 https://cdn.npmmirror.com/packages/json-schema-typed/7.0.3/json-schema-typed-7.0.3.tgz 1511ms (cache miss)
2555 http fetch GET 200 https://cdn.npmmirror.com/packages/ajv-formats/2.1.1/ajv-formats-2.1.1.tgz 1511ms (cache miss)
2556 http fetch GET 200 https://cdn.npmmirror.com/packages/is-docker/2.2.1/is-docker-2.2.1.tgz 1516ms (cache miss)
2557 http fetch GET 200 https://cdn.npmmirror.com/packages/kleur/3.0.3/kleur-3.0.3.tgz 1519ms (cache miss)
2558 http fetch GET 200 https://cdn.npmmirror.com/packages/is-obj/3.0.0/is-obj-3.0.0.tgz 1519ms (cache miss)
2559 http fetch GET 200 https://cdn.npmmirror.com/packages/content-type/2.1.0/content-type-2.1.0.tgz 1530ms (cache miss)
2560 http fetch GET 200 https://cdn.npmmirror.com/packages/jose/6.2.9/jose-6.2.9.tgz 1557ms (cache miss)
2561 http fetch GET 200 https://cdn.npmmirror.com/packages/strip-final-newline/2.0.0/strip-final-newline-2.0.0.tgz 1531ms (cache miss)
2562 http fetch GET 200 https://cdn.npmmirror.com/packages/is-wsl/2.2.0/is-wsl-2.2.0.tgz 1534ms (cache miss)
2563 http fetch GET 200 https://cdn.npmmirror.com/packages/get-stream/6.0.1/get-stream-6.0.1.tgz 1533ms (cache miss)
2564 http fetch GET 200 https://cdn.npmmirror.com/packages/define-lazy-prop/2.0.0/define-lazy-prop-2.0.0.tgz 1534ms (cache miss)
2565 http fetch GET 200 https://cdn.npmmirror.com/packages/npm-run-path/4.0.1/npm-run-path-4.0.1.tgz 1534ms (cache miss)
2566 http fetch GET 200 https://cdn.npmmirror.com/packages/signal-exit/3.0.7/signal-exit-3.0.7.tgz 1534ms (cache miss)
2567 http fetch GET 200 https://cdn.npmmirror.com/packages/is-stream/2.0.1/is-stream-2.0.1.tgz 1535ms (cache miss)
2568 http fetch GET 200 https://cdn.npmmirror.com/packages/%40babel/generator/7.29.8/generator-7.29.8.tgz 1549ms (cache miss)
2569 http fetch GET 200 https://cdn.npmmirror.com/packages/open/8.4.2/open-8.4.2.tgz 1540ms (cache miss)
2570 http fetch GET 200 https://cdn.npmmirror.com/packages/human-signals/2.1.0/human-signals-2.1.0.tgz 1567ms (cache miss)
2571 http fetch GET 200 https://cdn.npmmirror.com/packages/execa/5.1.1/execa-5.1.1.tgz 1564ms (cache miss)
2572 http fetch GET 200 https://cdn.npmmirror.com/packages/%40babel/traverse/7.29.8/traverse-7.29.8.tgz 1588ms (cache miss)
2573 http fetch GET 200 https://cdn.npmmirror.com/packages/recast/0.23.21/recast-0.23.21.tgz 1584ms (cache miss)
2574 http fetch GET 200 https://cdn.npmmirror.com/packages/shadcn/4.18.0/shadcn-4.18.0.tgz 1583ms (cache miss)
2575 http fetch GET 200 https://cdn.npmmirror.com/packages/postcss/8.5.26/postcss-8.5.26.tgz 1591ms (cache miss)
2576 http fetch GET 200 https://cdn.npmmirror.com/packages/tsconfig-paths/4.2.0/tsconfig-paths-4.2.0.tgz 1596ms (cache miss)
2577 http fetch GET 200 https://cdn.npmmirror.com/packages/commander/11.1.0/commander-11.1.0.tgz 1581ms (cache miss)
2578 http fetch GET 200 https://cdn.npmmirror.com/packages/fast-glob/3.3.3/fast-glob-3.3.3.tgz 1601ms (cache miss)
2579 http fetch GET 200 https://cdn.npmmirror.com/packages/%40babel/parser/7.29.8/parser-7.29.8.tgz 1600ms (cache miss)
2580 http fetch GET 200 https://cdn.npmmirror.com/packages/prompts/2.4.2/prompts-2.4.2.tgz 1609ms (cache miss)
2581 http fetch GET 200 https://cdn.npmmirror.com/packages/semver/7.8.5/semver-7.8.5.tgz 1641ms (cache miss)
2582 http fetch GET 200 https://cdn.npmmirror.com/packages/zod-to-json-schema/3.25.2/zod-to-json-schema-3.25.2.tgz 1693ms (cache miss)
2583 http fetch GET 200 https://cdn.npmmirror.com/packages/diff/8.0.4/diff-8.0.4.tgz 1749ms (cache miss)
2584 http fetch GET 200 https://cdn.npmmirror.com/packages/execa/9.6.1/execa-9.6.1.tgz 1776ms (cache miss)
2585 http fetch GET 200 https://cdn.npmmirror.com/packages/%40babel/core/7.29.7/core-7.29.7.tgz 1777ms (cache miss)
2586 http fetch GET 200 https://cdn.npmmirror.com/packages/%40dotenvx/dotenvx/1.75.1/dotenvx-1.75.1.tgz 1797ms (cache miss)
2587 http fetch GET 200 https://cdn.npmmirror.com/packages/%40babel/types/7.29.8/types-7.29.8.tgz 1835ms (cache miss)
2588 http fetch GET 200 https://cdn.npmmirror.com/packages/undici/7.29.0/undici-7.29.0.tgz 1855ms (cache miss)
2589 http fetch GET 200 https://cdn.npmmirror.com/packages/%40babel/helpers/7.29.7/helpers-7.29.7.tgz 1857ms (cache miss)
2590 http fetch GET 200 https://cdn.npmmirror.com/packages/ajv/8.20.0/ajv-8.20.0.tgz 2010ms (cache miss)
2591 http fetch GET 200 https://cdn.npmmirror.com/packages/hono/4.13.3/hono-4.13.3.tgz 2166ms (cache miss)
2592 http fetch GET 200 https://cdn.npmmirror.com/packages/zod/3.25.76/zod-3.25.76.tgz 2162ms (cache miss)
2593 http fetch GET 200 https://cdn.npmmirror.com/packages/caniuse-lite/1.0.30001809/caniuse-lite-1.0.30001809.tgz 2212ms (cache miss)
2594 http fetch GET 200 https://cdn.npmmirror.com/packages/%40modelcontextprotocol/sdk/1.30.0/sdk-1.30.0.tgz 2227ms (cache miss)
2595 verbose cwd E:\WROKSPACE\fe\fullstack\ai-next\my-app
2596 verbose os Windows_NT 10.0.26200
2597 verbose node v24.9.0
2598 verbose npm  v11.6.0
2599 notice
2599 notice New [33mminor[39m version of npm available! [33m11.6.0[39m -> [34m11.19.0[39m
2599 notice Changelog: [34mhttps://github.com/npm/cli/releases/tag/v11.19.0[39m
2599 notice To update run: [4mnpm install -g npm@11.19.0[24m
2599 notice  { force: true, Symbol(proc-log.meta): true }
2600 verbose exit 0
2601 info ok
